/*
 ***********************************************************************
 *                                                                      
 *                           Copyright (c)                              
 *    Copyright © 2000 Force Computer, Inc., a Solectron company. All rights reserved.
 *    © Digital Equipment Corporation 1996, 1997. All rights reserved.        
 *                                                                      
 *    Restricted Rights: Use, duplication, or disclosure by the U.S.    
 *    Government is subject to restrictions as set forth in subparagraph
 *    (c) (1) (ii) of DFARS 252.227-7013, or in FAR 52.227-19, or in FAR
 *    52.227-14 Alt. III, as applicable.                                
 *                                                                      
 *    This software is proprietary to and embodies the confidential
 *    technology of Force Computers Incorporated and other parties.
 *    Possession, use, or copying of this software and media is authorized
 *    only pursuant to a valid written license from Force or an
 *    authorized sublicensor.                                           
 *                                                                       
 *********************************************************************** 
 *    File Name:    lsa_rta.c
 *    Author:       Matthew Schnee                                         
 *    Creation Date:02/06/96                                                   
 *                                                                             
 *    Functionality:                                                           
 *    LTS tables.
 *                                                                             
 ***********************************************************************
 *    Revision History:
 *                                                                             
 *  Rev Who     Date        	Description                    
 *  --- -----   ----------- 	---------------------------------------
 *  001 MGS     08-Feb-1996 	Moved lst_acna.c to lsa_rta.c    
 *  002 MGS     13-Mar-1996 	Added include <windows.h> for WIN32     
 *  003 MGS     23-Apr-1996 	Added port.h include
 *  004 GL      06-niv-1997 	rule update
 *  005	MGS		05/31/2000  	Regenreated for integrated phoneme set
 *  006 CAB		10/18/2000		Changed copyright info
 *  007	MGS		04/11/2002		ARM7 port
 * 
 */
//moved to port.h for each platform - mlt
//#ifdef WIN32 
//#include <windows.h>
//#endif
#include "port.h"

/*
 * LTS tables.
 * Read from file: dtpc_acna_matt.lts
 * Written to file: out.tab
*  Created on : Mon Jan 10 17:33:29 2005
 
 */
const U16 far acna_lswtab[] = {
	0x0000,0x0000,0x003E,0x0063,0x022D,
	0x0003,0x023C,0x001E,0x02D2,0x0038,
	0x03EA,0x0114,0x094E,0x000C,0x098A,
	0x0030,0x0A7A,0x0063,0x0C69,0x005B,
	0x0E30,0x000B,0x0E67,0x001C,0x0EF3,
	0x003B,0x101A,0x0017,0x108D,0x0061,
	0x1272,0x0090,0x1542,0x000A,0x1574,
	0x0002,0x157E,0x0076,0x17CC,0x005D,
	0x199D,0x0052,0x1B37,0x004A,0x1CA9,
	0x0001,0x1CAE,0x0015,0x1D17,0x000F,
	0x1D62,0x0084,0x1FF6,0x001C,0x2082,
	0x0007,0x20A5,0x0003,0x20B4,0x0007,
	0x20D7,0x0001,0x0000,0x0871,0x0877,
	0x0000,0x0883,0x0000,0x0A4F,0x0A54,
	0x0000,0x0A60,0x0000,0x0AB2,0x0AB7,
	0x0000,0x0000,0x0000,0x0C56,0x0C5B,
	0x0000,0x0000,0x0000,0x0D4F,0x0D54,
	0x0D5C,0x0000,0x0004,0x0D5E,0x0D63,
	0x0D6B,0x0000,0x0000,0x0E2D,0x0E32,
	0x0000,0x0000,0x0000,0x1101,0x1106,
	0x0000,0x0000,0x0000,0x1670,0x1675,
	0x0000,0x0000,0x0000,0x1C2A,0x1C2E,
	0x0000,0x0000,0x0004,0x1C32,0x1C36,
	0x0000,0x0000,0x0000,0x1D0B,0x1D0F,
	0x0000,0x0000,0x0000,0x1D51,0x1D55,
	0x0000,0x1D5D,0x0000,0x1D7C,0x1D80,
	0x0000,0x1D88,0x0000,0x1DB1,0x1DB5,
	0x0000,0x1DC0,0x0000,0x1E8C,0x1E90,
	0x0000,0x1E98,0x0000,0x1EA6,0x1EAA,
	0x0000,0x1EB2,0x0000,0x1EBF,0x1EC3,
	0x0000,0x1ECB,0x0000,0x23B0,0x23B4,
	0x0000,0x23BC,0x0000,0x2584,0x2588,
	0x0000,0x0000,0x0000,0x2701,0x2705,
	0x0000,0x0000,0x0000,0x289D,0x28A1,
	0x0000,0x28A6,0x0000,0x2C07,0x2C0B,
	0x0000,0x2C13,0x0005,0x2CD8,0x2CDB,
	0x0000,0x2CE2,0x0005,0x2CF8,0x2CFB,
	0x0000,0x2D02,0x0000,0x2D04,0x2D07,
	0x0000,0x2D0F,0x0000,0x2D4E,0x2D51,
	0x0000,0x0000,0x0000,0x2D59,0x2D5C,
	0x0000,0x2D64,0x0000,0x2D99,0x2D9C,
	0x0000,0x2DA4,0x0000,0x2EC8,0x2ECB,
	0x0000,0x2ED3,0x0000,0x2EDD,0x2EE0,
	0x0000,0x2EE8,0x0004,0x2F8D,0x2F90,
	0x0000,0x0000,0x0004,0x2FAB,0x2FAE,
	0x0000,0x0000,0x0000,0x301C,0x301F,
	0x3025,0x0000,0x0004,0x32DB,0x32DE,
	0x0000,0x0000,0x0000,0x33D1,0x33D4,
	0x33DC,0x33E2,0x0000,0x3875,0x3878,
	0x0000,0x0000,0x0000,0x389B,0x389E,
	0x0000,0x38A6,0x0000,0x3904,0x3907,
	0x0000,0x390F,0x0000,0x39B1,0x39B4,
	0x0000,0x39BC,0x0000,0x3B11,0x3B14,
	0x3B18,0x3B1A,0x0000,0x3B20,0x3B23,
	0x0000,0x3B28,0x8000,0x3B65,0x3B68,
	0x0000,0x3B6D,0x0000,0x3F11,0x3F13,
	0x0000,0x0000,0x0000,0x419B,0x419D,
	0x41A0,0x41AB,0x0000,0x41AD,0x41AF,
	0x41B3,0x41B9,0x0000,0x41BB,0x41BD,
	0x0000,0x41C0,0x0000,0x41C5,0x41C7,
	0x0000,0x41CA,0x0000,0x41CD,0x41CF,
	0x41D2,0x41DB,0x0000,0x41DE,0x41E0,
	0x41E3,0x41F2,0x0000,0x41F5,0x41F7,
	0x41FA,0x0000,0x0000,0x4205,0x4207,
	0x420A,0x4210,0x0000,0x4219,0x421B,
	0x0000,0x421E,0x0000,0x4226,0x4228,
	0x422B,0x422E,0x0000,0x4230,0x4232,
	0x4235,0x423D,0x0000,0x4243,0x4245,
	0x0000,0x4248,0x0000,0x424F,0x4251,
	0x0000,0x0000,0x0000,0x450F,0x4511,
	0x0000,0x4515,0x0000,0x4517,0x4519,
	0x4521,0x453B,0x0004,0x453D,0x453F,
	0x4544,0x0000,0x0004,0x454A,0x454C,
	0x4550,0x4556,0x0006,0x4558,0x455A,
	0x0000,0x455F,0x0006,0x4561,0x4563,
	0x0000,0x0000,0x8000,0x4568,0x456A,
	0x4572,0x458C,0x0000,0x458E,0x4590,
	0x0000,0x4595,0x0000,0x4597,0x4599,
	0x459D,0x45A8,0x0000,0x47CC,0x47CE,
	0x0000,0x47D2,0x0000,0x47D4,0x47D6,
	0x0000,0x0000,0x0005,0x0000,0x4F95,
	0x0000,0x4F98,0x0005,0x0000,0x4F9A,
	0x0000,0x0000,0x0004,0x0000,0x4F9D,
	0x0000,0x4FA0,0x0004,0x0000,0x4FA2,
	0x0000,0x0000,0x0006,0x0000,0x4FA5,
	0x0000,0x4FA9,0x0006,0x0000,0x4FAB,
	0x0000,0x0000,0x0007,0x0000,0x4FAF,
	0x0000,0x4FB2,0x0007,0x0000,0x4FB4,
	0x0000,0x0000,0x0000,0x0000,0x4FB7,
	0x4FBA,0x4FCD,0x0000,0x0000,0x4FD1,
	0x4FD4,0x4FDC,0x0000,0x0000,0x4FEC,
	0x4FEF,0x4FF9,0x0000,0x0000,0x5002,
	0x0000,0x5006,0x0000,0x0000,0x500E,
	0x5011,0x5013,0x0000,0x0000,0x501F,
	0x0000,0x5022,0x0000,0x0000,0x5026,
	0x5029,0x502F,0x0000,0x0000,0x5038,
	0x0000,0x503B,0x0000,0x0000,0x5046,
	0x5049,0x504C,0x0000,0x0000,0x505C,
	0x505F,0x506B,0x0000,0x0000,0x5071,
	0x0000,0x5074,0x0000,0x0000,0x5086,
	0x508A,0x5090,0x0000,0x0000,0x5092,
	0x0000,0x5095,0x0000,0x0000,0x509E,
	0x50A1,0x50A3,0x0000,0x0000,0x50AC,
	0x0000,0x50AF,0x0000,0x0000,0x50B2,
	0x0000,0x50B5,0x0000,0x0000,0x50B9,
	0x0000,0x50BD,0x0000,0x0000,0x50CE,
	0x0000,0x50D2,0x0000,0x0000,0x50DD,
	0x0000,0x50E1,0x0000,0x0000,0x50E9,
	0x0000,0x50ED,0x0000,0x0000,0x50FD,
	0x5101,0x5103,0x0000,0x0000,0x510A,
	0x0000,0x510E,0x0000,0x0000,0x5119,
	0x0000,0x0000,0x0000,0x32CF,0x32D2,
	0x0000,0x0000,0x0000,0x477D,0x477F,
	0x0000,0x4782,0x0000,0x0000,0x511D,
	0x0000,0x0000,0x0000,0x0243,0x024A,
	0x0000,0x0257,0x0000,0x0807,0x080D,
	0x0000,0x081A,0x0000,0x08FF,0x0905,
	0x0000,0x0910,0x0000,0x0B89,0x0B8E,
	0x0000,0x0B9A,0x0000,0x0E8F,0x0E94,
	0x0000,0x0E9F,0x0000,0x1120,0x1125,
	0x0000,0x1131,0x0000,0x11BB,0x11C0,
	0x0000,0x11CC,0x0000,0x133E,0x1343,
	0x0000,0x134D,0x0000,0x2618,0x261C,
	0x0000,0x2625,0x0000,0x2671,0x2675,
	0x0000,0x267E,0x0000,0x2CA7,0x2CAA,
	0x0000,0x2CB2,0x0000,0x3311,0x3314,
	0x331F,0x332B,0x0000,0x332D,0x3330,
	0x0000,0x3338,0x0000,0x37E9,0x37EC,
	0x37F1,0x0000,0x0000,0x38BF,0x38C2,
	0x0000,0x38CA,0x0000,0x3BBD,0x3BC0,
	0x0000,0x3BC6,0x0004,0x40B6,0x40B8,
	0x0000,0x40BB,0x0000,0x45AF,0x45B1,
	0x0000,0x45B9,0x0000,0x4784,0x4786,
	0x478B,0x478D,0x0000,0x4794,0x4796,
	0x479B,0x0000,0x0004,0x0000,0x5120,
	0x0000,0x5123,0x0004,0x0000,0x512A,
	0x0000,0x0000,0x0006,0x0000,0x512D,
	0x0000,0x5130,0x0006,0x0000,0x5137,
	0x0000,0x0000,0x0007,0x0000,0x513A,
	0x0000,0x513D,0x0007,0x0000,0x5144,
	0x0000,0x0000,0x0000,0x0000,0x5147,
	0x0000,0x514A,0x0000,0x0000,0x5158,
	0x515B,0x515D,0x0000,0x0000,0x5160,
	0x0000,0x5163,0x0000,0x0000,0x516C,
	0x0000,0x0000,0x0000,0x0BF5,0x0BFA,
	0x0000,0x0000,0x0000,0x0C01,0x0C06,
	0x0000,0x0000,0x0000,0x0C19,0x0C1E,
	0x0000,0x0000,0x0000,0x0C6D,0x0C72,
	0x0000,0x0000,0x0000,0x0C79,0x0C7E,
	0x0000,0x0C85,0x0000,0x0E74,0x0E79,
	0x0000,0x0E80,0x0002,0x0E82,0x0E87,
	0x0000,0x0E8D,0x0000,0x0EFA,0x0EFF,
	0x0000,0x0000,0x0000,0x1F2C,0x1F30,
	0x0000,0x0000,0x0002,0x1F37,0x1F3B,
	0x0000,0x0000,0x0000,0x1F88,0x1F8C,
	0x0000,0x0000,0x0000,0x1FA6,0x1FAA,
	0x0000,0x0000,0x0000,0x1FEF,0x1FF3,
	0x0000,0x1FFC,0x0000,0x2028,0x202C,
	0x0000,0x0000,0x0000,0x20F6,0x20FA,
	0x0000,0x2102,0x0000,0x24CC,0x24D0,
	0x0000,0x0000,0x8000,0x24DA,0x24DE,
	0x0000,0x0000,0x0000,0x2791,0x2795,
	0x279A,0x0000,0x0000,0x27CC,0x27D0,
	0x27D8,0x0000,0x0000,0x2B0B,0x2B0F,
	0x0000,0x0000,0x0002,0x2B16,0x2B1A,
	0x0000,0x0000,0x0000,0x2B2A,0x2B2E,
	0x2B35,0x2B3D,0x0000,0x2B3F,0x2B43,
	0x2B4A,0x2B50,0x0000,0x2B8A,0x2B8E,
	0x0000,0x0000,0x0000,0x2BC8,0x2BCC,
	0x0000,0x0000,0x0000,0x2C15,0x2C19,
	0x0000,0x2C22,0x0001,0x2D66,0x2D69,
	0x0000,0x2D6F,0x0000,0x2D71,0x2D74,
	0x2D7C,0x2D82,0x0001,0x2EAB,0x2EAE,
	0x0000,0x2EB1,0x0000,0x2EF7,0x2EFA,
	0x2F01,0x2F03,0x0000,0x3123,0x3126,
	0x312C,0x3133,0x0000,0x3135,0x3138,
	0x313E,0x3144,0x0000,0x38CC,0x38CF,
	0x0000,0x38D3,0x0000,0x3AA8,0x3AAB,
	0x0000,0x3AB3,0x0000,0x3ACA,0x3ACD,
	0x3AD2,0x3AD4,0x0000,0x3CED,0x3CF0,
	0x0000,0x3CF6,0x0000,0x45BB,0x45BD,
	0x45C1,0x45CC,0x0000,0x45CE,0x45D0,
	0x45D8,0x45E7,0x0000,0x45E9,0x45EB,
	0x45F3,0x45F9,0x0000,0x4726,0x4728,
	0x472B,0x472D,0x0000,0x0000,0x4C6F,
	0x4C72,0x4C75,0x0000,0x4C8A,0x4C8C,
	0x4C90,0x4C9B,0x0000,0x4C9D,0x4C9F,
	0x4CA4,0x4CAF,0x0000,0x4CB1,0x4CB3,
	0x4CB8,0x4CBC,0x0000,0x4CBE,0x4CC0,
	0x4CC5,0x4CCB,0x0000,0x4CCD,0x4CCF,
	0x4CD4,0x4CD8,0x0000,0x4CDA,0x4CDC,
	0x4CE1,0x4CF0,0x0000,0x4CF2,0x4CF4,
	0x4CF9,0x4D0B,0x0000,0x4D0D,0x4D0F,
	0x4D14,0x4D32,0x0000,0x4D34,0x4D36,
	0x4D3A,0x4D3D,0x0000,0x4D3F,0x4D41,
	0x4D46,0x4D55,0x0000,0x4D57,0x4D59,
	0x4D5E,0x4D74,0x0000,0x4D76,0x4D78,
	0x4D7D,0x4D9C,0x0000,0x4D9E,0x4DA0,
	0x0000,0x4DA4,0x0000,0x4F33,0x4F35,
	0x0000,0x4F39,0x0000,0x0000,0x516F,
	0x0000,0x0000,0x0000,0x0073,0x007B,
	0x0000,0x0089,0x0000,0x01CA,0x01D1,
	0x0000,0x01DC,0x0000,0x01DE,0x01E5,
	0x0000,0x01EE,0x0000,0x0367,0x036E,
	0x0000,0x0000,0x0000,0x03C7,0x03CE,
	0x0000,0x0000,0x0000,0x04E4,0x04EA,
	0x0000,0x04F1,0x0000,0x0610,0x0616,
	0x0000,0x0000,0x0002,0x061F,0x0625,
	0x0000,0x0000,0x0000,0x07BD,0x07C3,
	0x0000,0x07CF,0x0000,0x081C,0x0822,
	0x0000,0x0000,0x0000,0x084B,0x0851,
	0x0000,0x085C,0x0000,0x0898,0x089E,
	0x0000,0x0000,0x0000,0x0948,0x094E,
	0x0000,0x0957,0x0000,0x0A62,0x0A67,
	0x0000,0x0000,0x0000,0x0B4C,0x0B51,
	0x0B57,0x0B62,0x0000,0x0B64,0x0B69,
	0x0000,0x0B73,0x0000,0x0C24,0x0C29,
	0x0000,0x0000,0x0000,0x0CA3,0x0CA8,
	0x0000,0x0000,0x0000,0x0D0B,0x0D10,
	0x0D1B,0x0D22,0x0000,0x0D24,0x0D29,
	0x0000,0x0D35,0x0000,0x0D6D,0x0D72,
	0x0D79,0x0000,0x0004,0x0D7B,0x0D80,
	0x0D87,0x0000,0x0000,0x0D94,0x0D99,
	0x0000,0x0000,0x0001,0x0D9C,0x0DA1,
	0x0000,0x0000,0x0000,0x0E48,0x0E4D,
	0x0000,0x0000,0x0000,0x0EAF,0x0EB4,
	0x0000,0x0000,0x0000,0x0EEC,0x0EF1,
	0x0000,0x0EF8,0x0000,0x0F80,0x0F85,
	0x0000,0x0000,0x0000,0x0F8C,0x0F91,
	0x0000,0x0000,0x0000,0x0FCF,0x0FD4,
	0x0000,0x0FDF,0x0000,0x102C,0x1031,
	0x0000,0x103B,0x0000,0x104E,0x1053,
	0x0000,0x105B,0x0001,0x105D,0x1062,
	0x0000,0x1069,0x0000,0x106B,0x1070,
	0x107B,0x1086,0x0000,0x1088,0x108D,
	0x0000,0x1095,0x0000,0x10A5,0x10AA,
	0x0000,0x10B2,0x0001,0x10B4,0x10B9,
	0x0000,0x10BE,0x0000,0x1145,0x114A,
	0x0000,0x1153,0x0000,0x11AB,0x11B0,
	0x0000,0x11B9,0x0000,0x1227,0x122C,
	0x0000,0x1239,0x0000,0x13A5,0x13AA,
	0x0000,0x13B3,0x0000,0x13B5,0x13BA,
	0x0000,0x13C0,0x0000,0x13C2,0x13C7,
	0x0000,0x13CD,0x0000,0x13FB,0x1400,
	0x0000,0x0000,0x0000,0x1406,0x140B,
	0x0000,0x1414,0x0000,0x144D,0x1452,
	0x0000,0x145A,0x0000,0x1473,0x1478,
	0x0000,0x0000,0x0000,0x1480,0x1485,
	0x0000,0x148E,0x0000,0x14BC,0x14C1,
	0x0000,0x14C8,0x0000,0x14F3,0x14F8,
	0x0000,0x0000,0x0000,0x1523,0x1528,
	0x0000,0x0000,0x0000,0x1554,0x1559,
	0x0000,0x1561,0x0000,0x1563,0x1568,
	0x0000,0x0000,0x0000,0x1593,0x1598,
	0x159E,0x0000,0x0000,0x15A0,0x15A5,
	0x15AA,0x0000,0x0000,0x15B6,0x15BB,
	0x0000,0x0000,0x0000,0x162C,0x1631,
	0x0000,0x163A,0x0000,0x163C,0x1641,
	0x0000,0x164A,0x0000,0x1706,0x170B,
	0x0000,0x1714,0x0000,0x1716,0x171B,
	0x1722,0x0000,0x0002,0x1724,0x1729,
	0x1730,0x0000,0x0000,0x1749,0x174E,
	0x0000,0x1756,0x0000,0x177E,0x1783,
	0x0000,0x0000,0x0000,0x1789,0x178E,
	0x0000,0x0000,0x0000,0x1794,0x1799,
	0x0000,0x0000,0x0000,0x17F8,0x17FC,
	0x1806,0x1811,0x0000,0x1813,0x1817,
	0x181C,0x1827,0x0000,0x1829,0x182D,
	0x1838,0x184C,0x0000,0x184E,0x1852,
	0x185D,0x186C,0x0000,0x186E,0x1872,
	0x187D,0x1889,0x0000,0x188B,0x188F,
	0x189A,0x18A7,0x0000,0x18A9,0x18AD,
	0x0000,0x18B7,0x0000,0x1924,0x1928,
	0x192F,0x1935,0x0000,0x1937,0x193B,
	0x0000,0x1946,0x0000,0x1974,0x1978,
	0x0000,0x197E,0x0000,0x1980,0x1984,
	0x0000,0x198A,0x0000,0x198C,0x1990,
	0x0000,0x1995,0x8000,0x1997,0x199B,
	0x0000,0x19A0,0x0000,0x19E2,0x19E6,
	0x19EB,0x19F6,0x0000,0x19F8,0x19FC,
	0x1A05,0x1A18,0x0000,0x1A1A,0x1A1E,
	0x0000,0x1A24,0x0000,0x1A36,0x1A3A,
	0x1A41,0x0000,0x0000,0x1B66,0x1B6A,
	0x0000,0x0000,0x0000,0x1BB0,0x1BB4,
	0x0000,0x0000,0x0000,0x1BDC,0x1BE0,
	0x0000,0x0000,0x0000,0x1C0E,0x1C12,
	0x0000,0x1C19,0x0000,0x1CB0,0x1CB4,
	0x0000,0x1CBC,0x0000,0x1D16,0x1D1A,
	0x1D1F,0x1D28,0x0000,0x1D8A,0x1D8E,
	0x0000,0x1D93,0x0000,0x1DC2,0x1DC6,
	0x1DCB,0x1DD6,0x0000,0x1DD8,0x1DDC,
	0x1DE5,0x1DFE,0x0000,0x1E00,0x1E04,
	0x0000,0x1E0B,0x0000,0x1E81,0x1E85,
	0x0000,0x1E8A,0x0000,0x1E9A,0x1E9E,
	0x0000,0x1EA4,0x0000,0x1EB4,0x1EB8,
	0x0000,0x1EBD,0x0000,0x1ECD,0x1ED1,
	0x0000,0x1ED6,0x0000,0x1F41,0x1F45,
	0x0000,0x0000,0x0000,0x1F7F,0x1F83,
	0x0000,0x0000,0x0000,0x2071,0x2075,
	0x207D,0x207F,0x0000,0x2088,0x208C,
	0x2091,0x0000,0x0000,0x20CB,0x20CF,
	0x20D7,0x20DD,0x0000,0x20DF,0x20E3,
	0x0000,0x0000,0x0000,0x2134,0x2138,
	0x0000,0x213E,0x0000,0x2192,0x2196,
	0x21A1,0x21B3,0x0000,0x21B5,0x21B9,
	0x21C4,0x21DC,0x0000,0x21DE,0x21E2,
	0x0000,0x21EA,0x0000,0x21EC,0x21F0,
	0x21F7,0x2202,0x0000,0x2204,0x2208,
	0x2213,0x2222,0x0000,0x2224,0x2228,
	0x2233,0x223F,0x0000,0x2241,0x2245,
	0x2250,0x2258,0x0000,0x225A,0x225E,
	0x2268,0x226E,0x0000,0x22F8,0x22FC,
	0x2308,0x2318,0x0000,0x231A,0x231E,
	0x0000,0x2327,0x0001,0x233F,0x2343,
	0x0000,0x2349,0x0000,0x252C,0x2530,
	0x0000,0x2538,0x0000,0x253E,0x2542,
	0x0000,0x0000,0x0000,0x254A,0x254E,
	0x2554,0x255A,0x0000,0x25CA,0x25CE,
	0x0000,0x25D6,0x0000,0x260C,0x2610,
	0x0000,0x0000,0x0000,0x2627,0x262B,
	0x0000,0x2631,0x0000,0x2680,0x2684,
	0x0000,0x2689,0x0001,0x268B,0x268F,
	0x0000,0x2693,0x0000,0x2719,0x271D,
	0x0000,0x0000,0x0000,0x2722,0x2726,
	0x0000,0x0000,0x0000,0x2748,0x274C,
	0x2752,0x2754,0x0000,0x27A5,0x27A9,
	0x27AE,0x0000,0x0000,0x27B9,0x27BD,
	0x0000,0x0000,0x0000,0x27DA,0x27DE,
	0x0000,0x27E3,0x0000,0x283E,0x2842,
	0x0000,0x2848,0x0000,0x2892,0x2896,
	0x0000,0x0000,0x0000,0x28D5,0x28D9,
	0x0000,0x28DE,0x0000,0x28F9,0x28FD,
	0x0000,0x2905,0x0005,0x2930,0x2934,
	0x0000,0x0000,0x0000,0x293A,0x293E,
	0x0000,0x0000,0x0000,0x295B,0x295F,
	0x0000,0x0000,0x0000,0x29AD,0x29B1,
	0x0000,0x0000,0x0000,0x29B7,0x29BB,
	0x0000,0x29C3,0x0000,0x2A32,0x2A36,
	0x0000,0x2A3C,0x0000,0x2A3E,0x2A42,
	0x0000,0x2A47,0x0000,0x2A49,0x2A4D,
	0x0000,0x0000,0x0000,0x2A52,0x2A56,
	0x0000,0x2A5C,0x0000,0x2A8A,0x2A8E,
	0x2A96,0x2A9C,0x0000,0x2B52,0x2B56,
	0x0000,0x2B5E,0x0000,0x2BA3,0x2BA7,
	0x0000,0x2BAF,0x0000,0x2C87,0x2C8A,
	0x2C8E,0x2C99,0x0000,0x2C9B,0x2C9E,
	0x0000,0x2CA5,0x0005,0x2DA6,0x2DA9,
	0x0000,0x2DAE,0x0000,0x2DB0,0x2DB3,
	0x2DB7,0x2DC2,0x0000,0x2DC4,0x2DC7,
	0x2DCE,0x2DD9,0x0000,0x2DDB,0x2DDE,
	0x2DE5,0x2DF2,0x0000,0x2DF4,0x2DF7,
	0x2DFE,0x2E0C,0x0000,0x2E0E,0x2E11,
	0x2E18,0x2E21,0x0000,0x2E23,0x2E26,
	0x2E2D,0x2E3B,0x0000,0x2E3D,0x2E40,
	0x2E47,0x2E5A,0x0000,0x2E5C,0x2E5F,
	0x2E66,0x2E6D,0x0000,0x2E6F,0x2E72,
	0x2E79,0x2E83,0x0000,0x2E85,0x2E88,
	0x0000,0x2E8F,0x0000,0x2ED5,0x2ED8,
	0x2EDB,0x0000,0x0006,0x2FB3,0x2FB6,
	0x2FBA,0x0000,0x0000,0x2FFB,0x2FFE,
	0x0000,0x3003,0x0000,0x3027,0x302A,
	0x3033,0x3035,0x0002,0x303B,0x303E,
	0x3042,0x0000,0x8000,0x3044,0x3047,
	0x3050,0x3052,0x0000,0x311A,0x311D,
	0x0000,0x3121,0x0000,0x3146,0x3149,
	0x314D,0x3158,0x0000,0x315A,0x315D,
	0x0000,0x3162,0x0004,0x3202,0x3205,
	0x0000,0x320C,0x0000,0x320E,0x3211,
	0x3216,0x321C,0x0000,0x324B,0x324E,
	0x3253,0x325E,0x0000,0x329A,0x329D,
	0x0000,0x0000,0x0001,0x32FA,0x32FD,
	0x0000,0x3301,0x0000,0x33E4,0x33E7,
	0x33EB,0x33F6,0x0000,0x33F8,0x33FB,
	0x3400,0x340C,0x0000,0x340E,0x3411,
	0x3419,0x3427,0x0000,0x3429,0x342C,
	0x3431,0x3437,0x0000,0x3445,0x3448,
	0x344D,0x3453,0x0000,0x3489,0x348C,
	0x0000,0x3491,0x0000,0x3511,0x3514,
	0x0000,0x3519,0x0000,0x351B,0x351E,
	0x3522,0x3532,0x0000,0x3534,0x3537,
	0x0000,0x353C,0x0004,0x3565,0x3568,
	0x0000,0x356F,0x0000,0x3571,0x3574,
	0x3578,0x3583,0x0000,0x3585,0x3588,
	0x358D,0x3598,0x0000,0x359A,0x359D,
	0x35A3,0x35AE,0x0000,0x35B0,0x35B3,
	0x35B8,0x35BE,0x0000,0x35DA,0x35DD,
	0x35E2,0x35E9,0x0000,0x35EB,0x35EE,
	0x35F3,0x35FA,0x0000,0x35FC,0x35FF,
	0x3604,0x360F,0x0000,0x3611,0x3614,
	0x3619,0x3625,0x0000,0x3627,0x362A,
	0x362F,0x3635,0x0000,0x369F,0x36A2,
	0x36A6,0x36B1,0x0000,0x36B3,0x36B6,
	0x36BB,0x36C8,0x0000,0x36CA,0x36CD,
	0x36D2,0x36D8,0x0000,0x374F,0x3752,
	0x3756,0x3760,0x0000,0x3762,0x3765,
	0x3769,0x3774,0x0000,0x3776,0x3779,
	0x3782,0x0000,0x0000,0x3789,0x378C,
	0x3794,0x379A,0x0000,0x379C,0x379F,
	0x37A6,0x37B1,0x0000,0x3834,0x3837,
	0x0000,0x383B,0x0000,0x385E,0x3861,
	0x3868,0x3873,0x0000,0x38A8,0x38AB,
	0x38B0,0x38B6,0x0000,0x38D5,0x38D8,
	0x0000,0x38DC,0x0005,0x3924,0x3927,
	0x0000,0x392D,0x0004,0x392F,0x3932,
	0x0000,0x3938,0x0000,0x393A,0x393D,
	0x3943,0x3945,0x0000,0x39BE,0x39C1,
	0x39C6,0x39D6,0x0000,0x3A07,0x3A0A,
	0x3A0F,0x3A1A,0x0000,0x3A9E,0x3AA1,
	0x0000,0x3AA6,0x0006,0x3B2A,0x3B2D,
	0x0000,0x3B32,0x0000,0x3B5D,0x3B60,
	0x0000,0x3B63,0x0000,0x3B6F,0x3B72,
	0x0000,0x3B75,0x0005,0x3BF2,0x3BF5,
	0x0000,0x3BFA,0x0000,0x3BFC,0x3BFF,
	0x3C04,0x3C0D,0x0000,0x3C0F,0x3C12,
	0x0000,0x3C17,0x0000,0x3C2F,0x3C32,
	0x3C36,0x3C3D,0x0000,0x3C3F,0x3C42,
	0x3C47,0x3C58,0x0000,0x3C5A,0x3C5D,
	0x3C62,0x3C6D,0x0000,0x3C6F,0x3C72,
	0x3C77,0x3C7E,0x0000,0x3C80,0x3C83,
	0x0000,0x3C88,0x0005,0x3F17,0x3F19,
	0x0000,0x0000,0x0002,0x3F1D,0x3F1F,
	0x0000,0x0000,0x0004,0x3F22,0x3F24,
	0x0000,0x0000,0x0000,0x3F28,0x3F2A,
	0x0000,0x3F2D,0x0000,0x3F2F,0x3F31,
	0x0000,0x3F34,0x0000,0x3F36,0x3F38,
	0x0000,0x3F3B,0x0000,0x3F42,0x3F44,
	0x3F47,0x3F49,0x0000,0x3F4D,0x3F4F,
	0x0000,0x0000,0x0004,0x416B,0x416D,
	0x4171,0x4173,0x0000,0x4255,0x4257,
	0x425B,0x426A,0x0000,0x426C,0x426E,
	0x0000,0x0000,0x0000,0x446E,0x4470,
	0x0000,0x4474,0x0005,0x45FB,0x45FD,
	0x0000,0x0000,0x0002,0x4601,0x4603,
	0x0000,0x0000,0x0006,0x4606,0x4608,
	0x0000,0x0000,0x0000,0x460B,0x460D,
	0x4610,0x4617,0x0000,0x4619,0x461B,
	0x4622,0x4632,0x0000,0x4634,0x4636,
	0x0000,0x463C,0x0000,0x463E,0x4640,
	0x4644,0x0000,0x0000,0x4648,0x464A,
	0x0000,0x464F,0x0000,0x4652,0x4654,
	0x4657,0x465A,0x0000,0x465C,0x465E,
	0x0000,0x4662,0x0000,0x4664,0x4666,
	0x4669,0x0000,0x0000,0x466C,0x466E,
	0x4671,0x4677,0x0002,0x47D9,0x47DB,
	0x0000,0x0000,0x0000,0x47DE,0x47E0,
	0x47E5,0x0000,0x0000,0x47E8,0x47EA,
	0x47EF,0x47F2,0x0000,0x47F8,0x47FA,
	0x47FD,0x0000,0x0000,0x4800,0x4802,
	0x4805,0x4807,0x0000,0x480D,0x480F,
	0x0000,0x0000,0x0000,0x4ABD,0x4ABF,
	0x0000,0x4AC3,0x0005,0x4B5F,0x4B61,
	0x0000,0x0000,0x0002,0x4B65,0x4B67,
	0x4B6A,0x0000,0x0002,0x4B72,0x4B74,
	0x0000,0x0000,0x0007,0x4B77,0x4B79,
	0x0000,0x0000,0x0000,0x4B7D,0x4B7F,
	0x4B83,0x4B95,0x0000,0x4B97,0x4B99,
	0x0000,0x4B9D,0x0000,0x4B9F,0x4BA1,
	0x0000,0x0000,0x0000,0x4F59,0x4F5C,
	0x0000,0x4F60,0x0000,0x4F62,0x4F65,
	0x4F6A,0x4F70,0x0000,0x4F72,0x4F75,
	0x0000,0x0000,0x0005,0x0000,0x5172,
	0x0000,0x0000,0x0004,0x0000,0x5175,
	0x0000,0x5179,0x0004,0x0000,0x517B,
	0x0000,0x517E,0x0004,0x0000,0x5180,
	0x0000,0x0000,0x0007,0x0000,0x5183,
	0x0000,0x0000,0x0000,0x0000,0x5186,
	0x5189,0x5194,0x0000,0x0000,0x5196,
	0x5198,0x519E,0x0000,0x0000,0x51A0,
	0x0000,0x51A4,0x0000,0x0000,0x51A7,
	0x51AB,0x51AE,0x0000,0x0000,0x51B7,
	0x0000,0x51BB,0x0000,0x0000,0x51CE,
	0x0000,0x51D1,0x0000,0x0000,0x51D8,
	0x0000,0x51DC,0x0000,0x0000,0x51EE,
	0x0000,0x51F2,0x0000,0x0000,0x51FD,
	0x0000,0x5200,0x0000,0x0000,0x5207,
	0x0000,0x520B,0x0000,0x0000,0x5217,
	0x0000,0x0000,0x0000,0x1CEC,0x1CF0,
	0x0000,0x0000,0x0002,0x1D01,0x1D05,
	0x0000,0x0000,0x0000,0x1FD4,0x1FD8,
	0x0000,0x0000,0x0000,0x20B8,0x20BC,
	0x0000,0x0000,0x0002,0x20C2,0x20C6,
	0x0000,0x0000,0x0000,0x24BE,0x24C2,
	0x0000,0x24CA,0x0000,0x27E5,0x27E9,
	0x27EF,0x0000,0x0000,0x27F1,0x27F5,
	0x0000,0x27FE,0x0002,0x2EB3,0x2EB6,
	0x0000,0x0000,0x0002,0x3886,0x3889,
	0x0000,0x388D,0x0000,0x388F,0x3892,
	0x0000,0x3899,0x0000,0x0000,0x521B,
	0x0000,0x0000,0x0000,0x0583,0x0589,
	0x0000,0x058F,0x0000,0x099B,0x09A1,
	0x0000,0x09AD,0x0000,0x0DA4,0x0DA9,
	0x0DB5,0x0DCD,0x0000,0x0DCF,0x0DD4,
	0x0000,0x0000,0x0000,0x0ECC,0x0ED1,
	0x0000,0x0EDA,0x0000,0x17EE,0x17F3,
	0x0000,0x0000,0x0000,0x1B76,0x1B7A,
	0x0000,0x0000,0x0002,0x1B81,0x1B85,
	0x0000,0x0000,0x0002,0x1BC4,0x1BC8,
	0x0000,0x0000,0x0002,0x1BE4,0x1BE8,
	0x0000,0x0000,0x0000,0x2EEA,0x2EED,
	0x0000,0x2EF5,0x0000,0x3164,0x3167,
	0x0000,0x316C,0x0000,0x37D8,0x37DB,
	0x37E1,0x37E7,0x0000,0x3DBB,0x3DBE,
	0x3DC2,0x3DCD,0x0000,0x3DCF,0x3DD2,
	0x3DD9,0x3DE4,0x0000,0x3DE6,0x3DE9,
	0x3DF1,0x3DF5,0x0000,0x3DF7,0x3DFA,
	0x3E02,0x3E08,0x0000,0x3E0A,0x3E0D,
	0x3E15,0x3E19,0x0000,0x3E1B,0x3E1E,
	0x3E26,0x3E35,0x0000,0x3E37,0x3E3A,
	0x3E42,0x3E54,0x0000,0x3E56,0x3E59,
	0x3E61,0x3E7F,0x0000,0x3E81,0x3E84,
	0x3E8B,0x3E8E,0x0000,0x3E90,0x3E93,
	0x3E9B,0x3EAA,0x0000,0x3EAC,0x3EAF,
	0x3EB7,0x3ECD,0x0000,0x3ECF,0x3ED2,
	0x3EDA,0x3EF9,0x0000,0x3EFB,0x3EFE,
	0x0000,0x3F05,0x0000,0x417E,0x4180,
	0x0000,0x0000,0x0004,0x4476,0x4478,
	0x0000,0x447B,0x0000,0x4482,0x4484,
	0x4488,0x0000,0x0000,0x448B,0x448D,
	0x4490,0x0000,0x0000,0x4494,0x4496,
	0x0000,0x0000,0x0000,0x47AB,0x47AD,
	0x0000,0x47B0,0x0000,0x47B8,0x47BA,
	0x0000,0x0000,0x0002,0x0000,0x521E,
	0x0000,0x0000,0x0005,0x0000,0x5221,
	0x0000,0x0000,0x0004,0x0000,0x5224,
	0x0000,0x5227,0x0004,0x0000,0x522E,
	0x0000,0x0000,0x0006,0x0000,0x5231,
	0x0000,0x0000,0x0001,0x0000,0x5234,
	0x0000,0x5237,0x0001,0x0000,0x523E,
	0x0000,0x0000,0x0007,0x0000,0x5241,
	0x0000,0x5244,0x0007,0x0000,0x524B,
	0x0000,0x0000,0x0000,0x0000,0x524E,
	0x5251,0x5253,0x0000,0x0000,0x5262,
	0x5265,0x5267,0x0000,0x0000,0x527B,
	0x527E,0x5280,0x0000,0x0000,0x5283,
	0x5286,0x529B,0x0000,0x0000,0x529E,
	0x0000,0x52A1,0x0000,0x0000,0x52AA,
	0x0000,0x0000,0x0000,0x017B,0x0182,
	0x0000,0x018C,0x0000,0x0484,0x048A,
	0x0000,0x0000,0x0000,0x05C7,0x05CD,
	0x0000,0x05D4,0x0006,0x05D6,0x05DC,
	0x0000,0x05E3,0x0006,0x05E5,0x05EB,
	0x0000,0x05F2,0x0000,0x0BBB,0x0BC0,
	0x0000,0x0000,0x0002,0x0BC6,0x0BCB,
	0x0000,0x0000,0x0000,0x0BE1,0x0BE6,
	0x0000,0x0000,0x0002,0x0BEB,0x0BF0,
	0x0000,0x0000,0x0000,0x0F08,0x0F0D,
	0x0000,0x0F16,0x0000,0x1165,0x116A,
	0x0000,0x0000,0x0000,0x1443,0x1448,
	0x0000,0x0000,0x0000,0x14E6,0x14EB,
	0x0000,0x14F0,0x0000,0x1758,0x175D,
	0x0000,0x1763,0x0006,0x1765,0x176A,
	0x0000,0x1770,0x0006,0x17A0,0x17A5,
	0x0000,0x17AB,0x0000,0x17D3,0x17D8,
	0x0000,0x0000,0x0000,0x1A62,0x1A66,
	0x1A6C,0x1A6E,0x8000,0x1A74,0x1A78,
	0x1A7E,0x1A80,0x0000,0x1AAF,0x1AB3,
	0x0000,0x0000,0x0000,0x1AE8,0x1AEC,
	0x0000,0x1AF2,0x0002,0x1AF4,0x1AF8,
	0x0000,0x0000,0x0000,0x1CDF,0x1CE3,
	0x0000,0x1CE9,0x0000,0x1F4B,0x1F4F,
	0x0000,0x1F57,0x0000,0x1F9F,0x1FA3,
	0x0000,0x0000,0x0000,0x209E,0x20A2,
	0x20A8,0x0000,0x0000,0x2372,0x2376,
	0x0000,0x237E,0x0002,0x264C,0x2650,
	0x0000,0x0000,0x0000,0x26A2,0x26A6,
	0x26A9,0x0000,0x0000,0x26AC,0x26B0,
	0x26B4,0x0000,0x0000,0x26B7,0x26BB,
	0x26BF,0x0000,0x0000,0x26C8,0x26CC,
	0x26D0,0x0000,0x0000,0x26DD,0x26E1,
	0x26E4,0x0000,0x0000,0x26EF,0x26F3,
	0x0000,0x0000,0x0000,0x270D,0x2711,
	0x0000,0x2717,0x0002,0x27B0,0x27B4,
	0x0000,0x0000,0x0000,0x2966,0x296A,
	0x0000,0x0000,0x0000,0x2A1E,0x2A22,
	0x0000,0x0000,0x0000,0x2AEA,0x2AEE,
	0x0000,0x2AF4,0x0000,0x2B60,0x2B64,
	0x0000,0x0000,0x0000,0x2BB1,0x2BB5,
	0x0000,0x0000,0x0004,0x2F95,0x2F98,
	0x0000,0x0000,0x0000,0x3637,0x363A,
	0x363E,0x3649,0x0000,0x364B,0x364E,
	0x3656,0x3669,0x0000,0x366B,0x366E,
	0x0000,0x3675,0x0002,0x3880,0x3883,
	0x0000,0x0000,0x0000,0x3ADA,0x3ADD,
	0x0000,0x0000,0x0002,0x3AE8,0x3AEB,
	0x0000,0x0000,0x0006,0x3AEE,0x3AF1,
	0x0000,0x0000,0x0000,0x3AF4,0x3AF7,
	0x0000,0x3AFA,0x0000,0x3AFC,0x3AFF,
	0x3B02,0x3B04,0x0000,0x3B0A,0x3B0D,
	0x0000,0x0000,0x0000,0x3BAE,0x3BB1,
	0x0000,0x0000,0x0002,0x3F53,0x3F55,
	0x0000,0x0000,0x0000,0x3F58,0x3F5A,
	0x0000,0x3F5E,0x0002,0x40C2,0x40C4,
	0x0000,0x0000,0x0005,0x40C7,0x40C9,
	0x0000,0x0000,0x0004,0x40CC,0x40CE,
	0x0000,0x0000,0x0006,0x40D1,0x40D3,
	0x40D6,0x0000,0x0006,0x40D8,0x40DA,
	0x0000,0x0000,0x0001,0x40DD,0x40DF,
	0x0000,0x0000,0x0007,0x40E2,0x40E4,
	0x0000,0x0000,0x0000,0x40E7,0x40E9,
	0x40EC,0x40FC,0x0000,0x40FE,0x4100,
	0x4103,0x4105,0x0000,0x410C,0x410E,
	0x0000,0x4111,0x0000,0x411A,0x411C,
	0x411F,0x4121,0x0000,0x4124,0x4126,
	0x4129,0x0000,0x0000,0x412D,0x412F,
	0x0000,0x0000,0x0004,0x449A,0x449C,
	0x0000,0x449F,0x0000,0x44A5,0x44A7,
	0x44AA,0x0000,0x0000,0x44AC,0x44AE,
	0x44B0,0x44B6,0x0000,0x4711,0x4713,
	0x4716,0x0000,0x0000,0x4718,0x471A,
	0x0000,0x471D,0x0005,0x4812,0x4814,
	0x0000,0x4818,0x0005,0x481E,0x4820,
	0x0000,0x0000,0x0002,0x4823,0x4825,
	0x0000,0x0000,0x0000,0x4AAF,0x4AB1,
	0x4AB5,0x0000,0x0000,0x4AB8,0x4ABA,
	0x0000,0x0000,0x0000,0x4AC5,0x4AC7,
	0x4ACA,0x0000,0x0000,0x4ACC,0x4ACE,
	0x0000,0x0000,0x0000,0x4AD3,0x4AD5,
	0x0000,0x0000,0x0000,0x4ADD,0x4ADF,
	0x0000,0x4AE2,0x0000,0x4AEB,0x4AED,
	0x0000,0x4AF0,0x0000,0x4AF6,0x4AF8,
	0x0000,0x4AFB,0x0000,0x4B06,0x4B08,
	0x4B0B,0x4B0F,0x0000,0x4B11,0x4B13,
	0x0000,0x4B16,0x0000,0x4B18,0x4B1A,
	0x4B1D,0x4B1F,0x0000,0x4B2F,0x4B31,
	0x0000,0x0000,0x0002,0x4BA4,0x4BA6,
	0x0000,0x0000,0x0000,0x4C4C,0x4C4E,
	0x4C51,0x4C53,0x0000,0x4C55,0x4C57,
	0x0000,0x0000,0x0002,0x0000,0x52EB,
	0x0000,0x0000,0x0005,0x0000,0x52EE,
	0x0000,0x0000,0x0004,0x0000,0x52F1,
	0x0000,0x0000,0x0006,0x0000,0x52F4,
	0x0000,0x0000,0x0007,0x0000,0x52F7,
	0x0000,0x0000,0x0000,0x0000,0x52FA,
	0x0000,0x52FC,0x0000,0x0000,0x52FE,
	0x5300,0x0000,0x0000,0x0000,0x5304,
	0x0000,0x0000,0x0000,0x0A92,0x0A97,
	0x0000,0x0AA0,0x0006,0x0AA2,0x0AA7,
	0x0000,0x0AB0,0x0000,0x0ABD,0x0AC2,
	0x0000,0x0000,0x0000,0x0B9C,0x0BA1,
	0x0000,0x0BAA,0x0006,0x0BAC,0x0BB1,
	0x0000,0x0BB9,0x0000,0x0C30,0x0C35,
	0x0000,0x0000,0x8000,0x0C61,0x0C66,
	0x0000,0x0000,0x0000,0x0E0E,0x0E13,
	0x0000,0x0E1C,0x0006,0x0E1E,0x0E23,
	0x0000,0x0E2B,0x0000,0x0F23,0x0F28,
	0x0F2F,0x0000,0x0000,0x127E,0x1283,
	0x0000,0x0000,0x0000,0x129A,0x129F,
	0x0000,0x0000,0x0000,0x135D,0x1362,
	0x0000,0x136B,0x0006,0x136D,0x1372,
	0x0000,0x137A,0x0000,0x16A9,0x16AE,
	0x0000,0x0000,0x0000,0x1A43,0x1A47,
	0x1A4D,0x1A4F,0x0000,0x1A55,0x1A59,
	0x1A60,0x0000,0x0000,0x1CBE,0x1CC2,
	0x1CC8,0x1CCA,0x0000,0x1D95,0x1D99,
	0x0000,0x1DA1,0x0000,0x1ED8,0x1EDC,
	0x0000,0x1EE4,0x0000,0x2053,0x2057,
	0x205D,0x0000,0x0000,0x2441,0x2445,
	0x0000,0x244D,0x0000,0x2633,0x2637,
	0x0000,0x263F,0x0000,0x2641,0x2645,
	0x0000,0x0000,0x0000,0x2663,0x2667,
	0x0000,0x266F,0x0006,0x2695,0x2699,
	0x0000,0x26A0,0x0000,0x2800,0x2804,
	0x280B,0x0000,0x0000,0x2A6D,0x2A71,
	0x0000,0x2A79,0x0000,0x2CCB,0x2CCE,
	0x0000,0x2CD6,0x0000,0x2E91,0x2E94,
	0x0000,0x2E9C,0x0000,0x2F60,0x2F63,
	0x0000,0x0000,0x0000,0x2FC5,0x2FC8,
	0x0000,0x2FCF,0x0000,0x31AC,0x31AF,
	0x31B6,0x0000,0x0004,0x32EC,0x32EF,
	0x0000,0x32F4,0x0000,0x35C0,0x35C3,
	0x0000,0x35CB,0x0000,0x3947,0x394A,
	0x0000,0x3952,0x0000,0x39D8,0x39DB,
	0x0000,0x39E3,0x0004,0x39E5,0x39E8,
	0x0000,0x39F0,0x0001,0x3A29,0x3A2C,
	0x0000,0x0000,0x0006,0x3B34,0x3B37,
	0x0000,0x3B3C,0x0000,0x3B3E,0x3B41,
	0x0000,0x3B47,0x0000,0x3C19,0x3C1C,
	0x3C21,0x3C23,0x0005,0x3F60,0x3F62,
	0x0000,0x0000,0x0007,0x3F66,0x3F68,
	0x0000,0x0000,0x0002,0x3F6C,0x3F6E,
	0x0000,0x0000,0x0004,0x3F71,0x3F73,
	0x0000,0x3F77,0x0006,0x3F7D,0x3F7F,
	0x0000,0x0000,0x0001,0x3F82,0x3F84,
	0x0000,0x0000,0x0000,0x3F87,0x3F89,
	0x0000,0x0000,0x0000,0x4066,0x4068,
	0x406C,0x406E,0x8000,0x4084,0x4086,
	0x408A,0x408C,0x0004,0x4132,0x4134,
	0x0000,0x4137,0x0005,0x4271,0x4273,
	0x0000,0x0000,0x0002,0x4277,0x4279,
	0x0000,0x0000,0x0006,0x427C,0x427E,
	0x0000,0x0000,0x0004,0x4281,0x4283,
	0x0000,0x0000,0x0000,0x4287,0x4289,
	0x428C,0x0000,0x0000,0x428E,0x4290,
	0x4294,0x429B,0x0000,0x42A2,0x42A4,
	0x0000,0x42A8,0x0000,0x42B0,0x42B2,
	0x0000,0x0000,0x0004,0x44B8,0x44BA,
	0x0000,0x44BD,0x0005,0x467D,0x467F,
	0x0000,0x0000,0x0002,0x4683,0x4685,
	0x0000,0x0000,0x0005,0x4828,0x482A,
	0x0000,0x0000,0x0000,0x482E,0x4830,
	0x0000,0x0000,0x0005,0x4BA9,0x4BAB,
	0x0000,0x0000,0x0000,0x4BAF,0x4BB1,
	0x0000,0x4BB6,0x0000,0x4BBF,0x4BC1,
	0x4BC4,0x0000,0x0000,0x4BC6,0x4BC8,
	0x0000,0x0000,0x0005,0x0000,0x5307,
	0x0000,0x0000,0x0004,0x0000,0x530A,
	0x530D,0x5313,0x0004,0x0000,0x5319,
	0x0000,0x0000,0x0007,0x0000,0x531C,
	0x0000,0x0000,0x0000,0x0000,0x531F,
	0x0000,0x5322,0x0000,0x0000,0x5335,
	0x5339,0x533B,0x0000,0x0000,0x534D,
	0x5350,0x535B,0x0000,0x0000,0x535E,
	0x5361,0x536B,0x0000,0x0000,0x5376,
	0x5379,0x537D,0x0000,0x0000,0x537F,
	0x0000,0x5383,0x0000,0x0000,0x538C,
	0x0000,0x538F,0x0000,0x0000,0x5397,
	0x0000,0x539A,0x0000,0x0000,0x539D,
	0x53A0,0x53AD,0x0000,0x0000,0x53AF,
	0x53B2,0x53BD,0x0000,0x0000,0x53BF,
	0x0000,0x53C2,0x0000,0x0000,0x53C4,
	0x0000,0x53C7,0x0000,0x0000,0x53D8,
	0x53DB,0x53E6,0x0000,0x0000,0x53F0,
	0x0000,0x53F4,0x0000,0x0000,0x53FF,
	0x0000,0x5403,0x0000,0x0000,0x540E,
	0x0000,0x5412,0x0000,0x0000,0x541A,
	0x0000,0x541E,0x0000,0x0000,0x542A,
	0x0000,0x0000,0x0006,0x3F8D,0x3F8F,
	0x0000,0x0000,0x0002,0x40A2,0x40A4,
	0x0000,0x0000,0x0000,0x4179,0x417B,
	0x0000,0x0000,0x0006,0x42B6,0x42B8,
	0x0000,0x0000,0x0000,0x445F,0x4461,
	0x0000,0x0000,0x0002,0x0000,0x542E,
	0x0000,0x5431,0x0002,0x0000,0x543C,
	0x0000,0x0000,0x0006,0x0000,0x543F,
	0x0000,0x0000,0x0001,0x0000,0x5442,
	0x0000,0x0000,0x0007,0x0000,0x5445,
	0x0000,0x0000,0x0000,0x0000,0x5448,
	0x0000,0x0000,0x0000,0x0C0D,0x0C12,
	0x0000,0x0000,0x0000,0x1500,0x1505,
	0x0000,0x0000,0x0000,0x153C,0x1541,
	0x0000,0x0000,0x0000,0x1548,0x154D,
	0x0000,0x0000,0x0000,0x1AFD,0x1B01,
	0x0000,0x0000,0x0000,0x1B42,0x1B46,
	0x0000,0x0000,0x0002,0x1B4D,0x1B51,
	0x0000,0x0000,0x0000,0x1BBA,0x1BBE,
	0x0000,0x0000,0x0000,0x1C81,0x1C85,
	0x0000,0x1C8B,0x0000,0x1C8D,0x1C91,
	0x0000,0x1C97,0x0000,0x1C99,0x1C9D,
	0x0000,0x1CA2,0x0000,0x1CA4,0x1CA8,
	0x0000,0x1CAE,0x0000,0x2018,0x201C,
	0x2022,0x0000,0x0000,0x25E7,0x25EB,
	0x0000,0x25F3,0x0000,0x2917,0x291B,
	0x0000,0x2921,0x0000,0x2943,0x2947,
	0x0000,0x0000,0x0000,0x2B20,0x2B24,
	0x0000,0x0000,0x0000,0x2BD3,0x2BD7,
	0x0000,0x0000,0x0000,0x3005,0x3008,
	0x0000,0x300E,0x0000,0x333A,0x333D,
	0x0000,0x3345,0x0000,0x36FC,0x36FF,
	0x0000,0x3707,0x0000,0x3854,0x3857,
	0x0000,0x385C,0x0006,0x413D,0x413F,
	0x0000,0x0000,0x0000,0x4143,0x4145,
	0x0000,0x0000,0x0006,0x42BB,0x42BD,
	0x0000,0x42C1,0x0000,0x472F,0x4731,
	0x4734,0x473B,0x0000,0x47BE,0x47C0,
	0x0000,0x0000,0x0000,0x0000,0x544B,
	0x0000,0x0000,0x0000,0x004A,0x0052,
	0x0000,0x0060,0x0000,0x00A2,0x00AA,
	0x0000,0x0000,0x0000,0x00B3,0x00BB,
	0x0000,0x0000,0x0000,0x0166,0x016D,
	0x0000,0x0179,0x0000,0x033C,0x0343,
	0x0000,0x0350,0x0000,0x0352,0x0359,
	0x0000,0x0365,0x0000,0x05A0,0x05A6,
	0x0000,0x05B4,0x0000,0x0701,0x0707,
	0x0000,0x0715,0x0000,0x07F5,0x07FB,
	0x0000,0x0805,0x0000,0x08E4,0x08EA,
	0x0000,0x0000,0x0000,0x097E,0x0984,
	0x0000,0x0000,0x0000,0x0EDC,0x0EE1,
	0x0000,0x0EEA,0x0000,0x1171,0x1176,
	0x0000,0x0000,0x0000,0x14B0,0x14B5,
	0x14BA,0x0000,0x0000,0x161C,0x1621,
	0x0000,0x162A,0x0000,0x1B1C,0x1B20,
	0x0000,0x1B28,0x0000,0x1B58,0x1B5C,
	0x0000,0x1B64,0x0000,0x1C43,0x1C47,
	0x1C4D,0x1C4F,0x0000,0x1C51,0x1C55,
	0x0000,0x1C5B,0x0000,0x1E75,0x1E79,
	0x0000,0x0000,0x0000,0x1FDD,0x1FE1,
	0x1FE9,0x0000,0x0000,0x20AA,0x20AE,
	0x0000,0x20B6,0x0000,0x22DA,0x22DE,
	0x0000,0x22E7,0x0000,0x23CC,0x23D0,
	0x23D8,0x23E3,0x0000,0x23E5,0x23E9,
	0x0000,0x23F1,0x0000,0x244F,0x2453,
	0x0000,0x245C,0x0000,0x24A8,0x24AC,
	0x0000,0x24B1,0x0000,0x256B,0x256F,
	0x0000,0x2574,0x0000,0x28E0,0x28E4,
	0x0000,0x0000,0x0000,0x28EA,0x28EE,
	0x0000,0x28F7,0x0000,0x2923,0x2927,
	0x0000,0x292E,0x0000,0x296F,0x2973,
	0x2979,0x2980,0x0000,0x2982,0x2986,
	0x0000,0x298C,0x0000,0x2A25,0x2A29,
	0x0000,0x2A30,0x0000,0x2B95,0x2B99,
	0x0000,0x2BA1,0x0000,0x2C7E,0x2C81,
	0x0000,0x2C85,0x0000,0x3087,0x308A,
	0x3090,0x3097,0x0001,0x310C,0x310F,
	0x3112,0x3118,0x0000,0x32AD,0x32B0,
	0x0000,0x32B7,0x0000,0x3347,0x334A,
	0x334E,0x3359,0x0000,0x335B,0x335E,
	0x3369,0x337D,0x0000,0x337F,0x3382,
	0x0000,0x3388,0x0006,0x3455,0x3458,
	0x0000,0x345C,0x0002,0x38B8,0x38BB,
	0x0000,0x0000,0x0000,0x3BE5,0x3BE8,
	0x0000,0x3BF0,0x0000,0x3CB0,0x3CB4,
	0x0000,0x3CB9,0x0000,0x3F92,0x3F94,
	0x3F98,0x3FA3,0x0000,0x3FA5,0x3FA7,
	0x3FB0,0x3FC1,0x0000,0x3FC3,0x3FC5,
	0x3FCB,0x3FD1,0x0007,0x42C3,0x42C5,
	0x0000,0x42C9,0x0000,0x44FA,0x44FC,
	0x0000,0x44FF,0x0000,0x4833,0x4835,
	0x483A,0x483D,0x0000,0x483F,0x4841,
	0x4846,0x484F,0x0000,0x4851,0x4853,
	0x4858,0x485E,0x0000,0x4F3B,0x4F3E,
	0x4F42,0x4F48,0x0000,0x4F4A,0x4F4D,
	0x0000,0x0000,0x0004,0x0000,0x544E,
	0x0000,0x0000,0x0000,0x0000,0x5451,
	0x5454,0x545A,0x0000,0x0000,0x545D,
	0x0000,0x0000,0x0000,0x0503,0x0509,
	0x0000,0x0000,0x0000,0x075F,0x0765,
	0x0000,0x076F,0x0000,0x15AC,0x15B1,
	0x0000,0x0000,0x0002,0x1B2A,0x1B2E,
	0x0000,0x1B35,0x0000,0x1B37,0x1B3B,
	0x0000,0x0000,0x0000,0x1FB1,0x1FB5,
	0x0000,0x1FBC,0x0000,0x2034,0x2038,
	0x0000,0x0000,0x0002,0x203E,0x2042,
	0x0000,0x0000,0x0000,0x279C,0x27A0,
	0x0000,0x0000,0x0000,0x2B75,0x2B79,
	0x0000,0x0000,0x0000,0x3063,0x3066,
	0x0000,0x306E,0x0000,0x3260,0x3263,
	0x326B,0x326D,0x0000,0x326F,0x3272,
	0x0000,0x327A,0x0000,0x3303,0x3306,
	0x0000,0x330B,0x0000,0x3677,0x367A,
	0x0000,0x3684,0x0000,0x3709,0x370C,
	0x3717,0x3730,0x0000,0x3732,0x3735,
	0x0000,0x373D,0x0000,0x44C3,0x44C5,
	0x0000,0x44C8,0x0000,0x473D,0x473F,
	0x4742,0x4749,0x8000,0x474B,0x474D,
	0x4750,0x4757,0x0000,0x4F51,0x4F53,
	0x0000,0x4F57,0x0000,0x0000,0x5460,
	0x5464,0x546C,0x0000,0x0000,0x546E,
	0x0000,0x0000,0x0000,0x0001,0x000A,
	0x0000,0x001B,0x0000,0x0036,0x003E,
	0x0000,0x0000,0x0000,0x01F0,0x01F7,
	0x0000,0x0202,0x0000,0x0204,0x020B,
	0x0000,0x0216,0x0000,0x0313,0x031A,
	0x0000,0x0327,0x0000,0x03B5,0x03BC,
	0x0000,0x0000,0x0000,0x0524,0x052A,
	0x0000,0x0000,0x0000,0x0546,0x054C,
	0x0000,0x0000,0x0000,0x0660,0x0666,
	0x0000,0x0000,0x0002,0x066E,0x0674,
	0x0000,0x0000,0x0000,0x06C5,0x06CB,
	0x06D7,0x06E8,0x0000,0x06EA,0x06F0,
	0x0000,0x06FF,0x0000,0x0771,0x0777,
	0x0000,0x0783,0x0000,0x07E5,0x07EB,
	0x0000,0x0000,0x0000,0x09FA,0x0A00,
	0x0A09,0x0000,0x0002,0x0A0B,0x0A11,
	0x0A1A,0x0000,0x0000,0x0AF7,0x0AFC,
	0x0000,0x0B08,0x0000,0x0B3C,0x0B41,
	0x0000,0x0B4A,0x0000,0x0DEF,0x0DF4,
	0x0000,0x0DFD,0x0000,0x0EA1,0x0EA6,
	0x0000,0x0EAD,0x0000,0x0F98,0x0F9D,
	0x0000,0x0000,0x0000,0x10F1,0x10F6,
	0x0000,0x10FF,0x0000,0x1133,0x1138,
	0x0000,0x1143,0x0000,0x12A8,0x12AD,
	0x0000,0x12B8,0x0000,0x134F,0x1354,
	0x0000,0x0000,0x0000,0x152E,0x1533,
	0x0000,0x0000,0x0000,0x16B7,0x16BC,
	0x16C5,0x16C7,0x0000,0x16C9,0x16CE,
	0x0000,0x16D7,0x0000,0x16D9,0x16DE,
	0x16E7,0x16EE,0x0000,0x16F0,0x16F5,
	0x16FE,0x1704,0x0000,0x17AD,0x17B2,
	0x0000,0x17BE,0x0000,0x17C0,0x17C5,
	0x0000,0x17D1,0x0000,0x1A94,0x1A98,
	0x0000,0x0000,0x0002,0x1A9D,0x1AA1,
	0x0000,0x0000,0x0000,0x1B09,0x1B0D,
	0x0000,0x0000,0x0002,0x1B13,0x1B17,
	0x0000,0x0000,0x0000,0x1C5D,0x1C61,
	0x0000,0x1C67,0x0000,0x1CF7,0x1CFB,
	0x0000,0x0000,0x0000,0x1F94,0x1F98,
	0x0000,0x1F9D,0x0002,0x1FBE,0x1FC2,
	0x0000,0x1FC8,0x0000,0x22E9,0x22ED,
	0x0000,0x22F6,0x0000,0x2437,0x243B,
	0x0000,0x0000,0x0000,0x247B,0x247F,
	0x0000,0x0000,0x8000,0x2485,0x2489,
	0x0000,0x0000,0x0000,0x24E8,0x24EC,
	0x0000,0x0000,0x0002,0x24F2,0x24F6,
	0x0000,0x0000,0x0000,0x251F,0x2523,
	0x0000,0x252A,0x0000,0x2576,0x257A,
	0x0000,0x2582,0x0000,0x2832,0x2836,
	0x0000,0x283C,0x0000,0x284E,0x2852,
	0x2858,0x0000,0x0000,0x2863,0x2867,
	0x0000,0x0000,0x0000,0x2886,0x288A,
	0x0000,0x2890,0x0000,0x28B7,0x28BB,
	0x28C1,0x28C7,0x0000,0x294D,0x2951,
	0x0000,0x2959,0x0000,0x298E,0x2992,
	0x2998,0x299F,0x0000,0x29A1,0x29A5,
	0x0000,0x29AB,0x0000,0x29C5,0x29C9,
	0x29CF,0x0000,0x0000,0x29D6,0x29DA,
	0x0000,0x0000,0x0000,0x2A14,0x2A18,
	0x0000,0x0000,0x0000,0x2BEB,0x2BEF,
	0x0000,0x2BF7,0x0001,0x2CB4,0x2CB7,
	0x0000,0x2CBB,0x0000,0x30EC,0x30EF,
	0x0000,0x30F4,0x0000,0x338A,0x338D,
	0x3398,0x33B2,0x0000,0x33B4,0x33B7,
	0x0000,0x33BF,0x0000,0x3493,0x3496,
	0x349C,0x34A3,0x0000,0x34A5,0x34A8,
	0x34AF,0x34B1,0x0000,0x34B3,0x34B6,
	0x34BB,0x34BD,0x0000,0x34BF,0x34C2,
	0x34CA,0x0000,0x0000,0x37F3,0x37F6,
	0x0000,0x37FF,0x0000,0x3801,0x3804,
	0x0000,0x380C,0x0000,0x383D,0x3840,
	0x3845,0x0000,0x0000,0x3978,0x397B,
	0x0000,0x3980,0x0000,0x3B77,0x3B7A,
	0x3B81,0x3B83,0x0000,0x3B85,0x3B88,
	0x3B8D,0x3B98,0x0000,0x3B9A,0x3B9D,
	0x0000,0x3BA2,0x0000,0x3BA4,0x3BA7,
	0x3BAC,0x0000,0x0000,0x3BC8,0x3BCB,
	0x0000,0x3BD2,0x0002,0x3C8A,0x3C8D,
	0x3C93,0x0000,0x0000,0x3CBB,0x3CBE,
	0x0000,0x0000,0x0000,0x42CB,0x42CD,
	0x42D2,0x0000,0x0000,0x42D4,0x42D6,
	0x42DA,0x42E5,0x0000,0x42E7,0x42E9,
	0x42F1,0x42FB,0x0000,0x42FD,0x42FF,
	0x4306,0x431C,0x0000,0x431E,0x4320,
	0x4325,0x432B,0x0001,0x44CA,0x44CC,
	0x44D0,0x0000,0x0002,0x44D2,0x44D4,
	0x0000,0x0000,0x0000,0x44D8,0x44DA,
	0x44DD,0x0000,0x0000,0x44DF,0x44E1,
	0x0000,0x44E4,0x0000,0x4501,0x4503,
	0x0000,0x4506,0x0002,0x4508,0x450A,
	0x0000,0x450D,0x0001,0x4688,0x468A,
	0x468E,0x4694,0x0000,0x471F,0x4721,
	0x4724,0x0000,0x0000,0x479D,0x479F,
	0x47A2,0x0000,0x0000,0x47A4,0x47A6,
	0x0000,0x47A9,0x0007,0x4860,0x4862,
	0x0000,0x4866,0x0000,0x4BCC,0x4BCE,
	0x4BD2,0x0000,0x0000,0x0000,0x5471,
	0x0000,0x0000,0x0000,0x001D,0x0025,
	0x0034,0x0000,0x0000,0x0157,0x015E,
	0x0000,0x0000,0x0000,0x018E,0x0195,
	0x0000,0x0000,0x0000,0x04A3,0x04A9,
	0x04B7,0x0000,0x0006,0x04C7,0x04CD,
	0x0000,0x04D4,0x0000,0x04D6,0x04DC,
	0x0000,0x0000,0x0000,0x0557,0x055D,
	0x0000,0x0000,0x0000,0x0591,0x0597,
	0x0000,0x0000,0x0000,0x0651,0x0657,
	0x0000,0x0000,0x0000,0x0696,0x069C,
	0x06A9,0x0000,0x0000,0x0785,0x078B,
	0x0000,0x0797,0x0000,0x0828,0x082E,
	0x0000,0x0000,0x0000,0x08B9,0x08BF,
	0x0000,0x0000,0x0000,0x08C5,0x08CB,
	0x0000,0x0000,0x0000,0x0912,0x0918,
	0x0000,0x0000,0x0000,0x0959,0x095F,
	0x0000,0x0000,0x0000,0x098E,0x0994,
	0x0000,0x0000,0x0000,0x0AC9,0x0ACE,
	0x0000,0x0000,0x0004,0x0B22,0x0B27,
	0x0000,0x0000,0x0000,0x0B2E,0x0B33,
	0x0000,0x0000,0x0000,0x0F31,0x0F36,
	0x0000,0x0000,0x0000,0x0F3D,0x0F42,
	0x0000,0x0F49,0x0000,0x0FA5,0x0FAA,
	0x0000,0x0000,0x0000,0x0FC2,0x0FC7,
	0x0000,0x0000,0x0006,0x1097,0x109C,
	0x0000,0x10A3,0x0000,0x110F,0x1114,
	0x0000,0x0000,0x0000,0x119B,0x11A0,
	0x0000,0x0000,0x0000,0x11DF,0x11E4,
	0x0000,0x0000,0x0000,0x123B,0x1240,
	0x0000,0x0000,0x0000,0x1271,0x1276,
	0x0000,0x0000,0x0000,0x12BA,0x12BF,
	0x0000,0x0000,0x0000,0x12F9,0x12FE,
	0x0000,0x0000,0x0000,0x137C,0x1381,
	0x0000,0x0000,0x0000,0x13CF,0x13D4,
	0x0000,0x0000,0x0000,0x13EF,0x13F4,
	0x0000,0x0000,0x0000,0x1437,0x143C,
	0x0000,0x0000,0x0000,0x145C,0x1461,
	0x0000,0x0000,0x0000,0x14D9,0x14DE,
	0x0000,0x0000,0x0000,0x1948,0x194C,
	0x1952,0x1954,0x0000,0x19A2,0x19A6,
	0x19AB,0x0000,0x0000,0x1ADE,0x1AE2,
	0x0000,0x0000,0x0000,0x1BCE,0x1BD2,
	0x0000,0x0000,0x0000,0x1C76,0x1C7A,
	0x0000,0x0000,0x0000,0x1CD1,0x1CD5,
	0x1CDD,0x0000,0x0000,0x1D5F,0x1D63,
	0x0000,0x1D6B,0x0000,0x1DA3,0x1DA7,
	0x0000,0x1DAF,0x0000,0x1E1C,0x1E20,
	0x0000,0x0000,0x0000,0x1E26,0x1E2A,
	0x0000,0x1E33,0x0000,0x1EE6,0x1EEA,
	0x0000,0x1EF2,0x0000,0x1FCA,0x1FCE,
	0x0000,0x0000,0x0000,0x205F,0x2063,
	0x2069,0x206B,0x0000,0x20E8,0x20EC,
	0x20F4,0x0000,0x0000,0x2104,0x2108,
	0x2110,0x0000,0x0000,0x211A,0x211E,
	0x0000,0x2126,0x0000,0x2129,0x212D,
	0x0000,0x0000,0x0004,0x2140,0x2144,
	0x0000,0x214A,0x0000,0x23BE,0x23C2,
	0x0000,0x23CA,0x0000,0x24B3,0x24B7,
	0x0000,0x0000,0x0000,0x25AF,0x25B3,
	0x0000,0x0000,0x0000,0x25D8,0x25DC,
	0x0000,0x25E5,0x0000,0x2BDD,0x2BE1,
	0x2BE9,0x0000,0x0000,0x2BF9,0x2BFD,
	0x2C05,0x0000,0x0000,0x2C65,0x2C68,
	0x2C70,0x2C76,0x0000,0x2E9E,0x2EA1,
	0x0000,0x2EA9,0x0004,0x2F13,0x2F16,
	0x0000,0x0000,0x0000,0x2F1B,0x2F1E,
	0x0000,0x0000,0x0007,0x2F9B,0x2F9E,
	0x0000,0x2FA2,0x0000,0x307C,0x307F,
	0x3085,0x0000,0x0000,0x30D5,0x30D8,
	0x0000,0x30E0,0x0000,0x32B9,0x32BC,
	0x32C2,0x0000,0x0004,0x3439,0x343C,
	0x0000,0x3443,0x0000,0x35CD,0x35D0,
	0x0000,0x35D8,0x0000,0x3686,0x3689,
	0x368F,0x0000,0x0000,0x3819,0x381C,
	0x3822,0x0000,0x0000,0x3A1C,0x3A1F,
	0x0000,0x3A27,0x0000,0x3A88,0x3A8B,
	0x0000,0x3A93,0x0000,0x3CCA,0x3CCD,
	0x3CD3,0x3CD5,0x0000,0x3CDB,0x3CDE,
	0x0000,0x3CE2,0x0004,0x3CE4,0x3CE7,
	0x0000,0x3CEB,0x0005,0x3FD3,0x3FD5,
	0x0000,0x0000,0x0000,0x3FD9,0x3FDB,
	0x0000,0x3FDE,0x0004,0x432D,0x432F,
	0x0000,0x4334,0x0005,0x4336,0x4338,
	0x0000,0x0000,0x0000,0x433C,0x433E,
	0x0000,0x4343,0x0000,0x4345,0x4347,
	0x434B,0x435B,0x0000,0x435E,0x4360,
	0x4363,0x0000,0x0000,0x436B,0x436D,
	0x4371,0x437C,0x0000,0x437E,0x4380,
	0x4383,0x0000,0x0000,0x4386,0x4388,
	0x0000,0x0000,0x0005,0x4696,0x4698,
	0x0000,0x0000,0x0004,0x469C,0x469E,
	0x46A3,0x46A9,0x0006,0x46AB,0x46AD,
	0x0000,0x0000,0x0000,0x46B1,0x46B3,
	0x46B7,0x46C2,0x0000,0x46C9,0x46CB,
	0x0000,0x46CF,0x0005,0x4868,0x486A,
	0x0000,0x0000,0x0000,0x486E,0x4870,
	0x4873,0x487B,0x0000,0x487D,0x487F,
	0x4882,0x488B,0x0000,0x488D,0x488F,
	0x4892,0x4899,0x0000,0x489C,0x489E,
	0x0000,0x48A1,0x0000,0x48A7,0x48A9,
	0x48AC,0x48B8,0x0000,0x48BB,0x48BD,
	0x48C0,0x48C7,0x0000,0x48CF,0x48D1,
	0x0000,0x0000,0x0005,0x4BD4,0x4BD6,
	0x0000,0x0000,0x0004,0x4BDA,0x4BDC,
	0x0000,0x0000,0x0000,0x4BE0,0x4BE2,
	0x4BE5,0x0000,0x0000,0x4BE8,0x4BEA,
	0x0000,0x4BEE,0x0000,0x4BF0,0x4BF2,
	0x4BF6,0x0000,0x0005,0x0000,0x547B,
	0x0000,0x547E,0x0005,0x0000,0x5485,
	0x0000,0x0000,0x0004,0x0000,0x5488,
	0x0000,0x548B,0x0004,0x0000,0x548D,
	0x0000,0x0000,0x0007,0x0000,0x5490,
	0x0000,0x0000,0x0000,0x0000,0x5493,
	0x5497,0x5499,0x0000,0x0000,0x54A2,
	0x54A5,0x54AD,0x0000,0x0000,0x54B2,
	0x54B5,0x54B7,0x0000,0x0000,0x54BF,
	0x0000,0x54C2,0x0000,0x0000,0x54CA,
	0x54CD,0x54D8,0x0000,0x0000,0x54DC,
	0x0000,0x54DF,0x0000,0x0000,0x54E6,
	0x0000,0x54EA,0x0000,0x0000,0x54FD,
	0x5500,0x5502,0x0000,0x0000,0x5504,
	0x0000,0x5508,0x0000,0x0000,0x551A,
	0x0000,0x551E,0x0000,0x0000,0x552C,
	0x552F,0x553B,0x0000,0x0000,0x553F,
	0x0000,0x5542,0x0000,0x0000,0x5546,
	0x5549,0x5556,0x0000,0x0000,0x5559,
	0x555C,0x5564,0x0000,0x0000,0x5568,
	0x556B,0x5573,0x0000,0x0000,0x5577,
	0x557A,0x5582,0x0000,0x0000,0x5586,
	0x5589,0x5592,0x0000,0x0000,0x559B,
	0x559E,0x55A5,0x0000,0x0000,0x55A9,
	0x55AC,0x55B7,0x0000,0x0000,0x55B9,
	0x55BC,0x55C4,0x0000,0x0000,0x55C8,
	0x0000,0x55CB,0x0000,0x0000,0x55CE,
	0x0000,0x55D1,0x0000,0x0000,0x55D7,
	0x0000,0x55DA,0x0000,0x0000,0x55DE,
	0x0000,0x55E1,0x0000,0x0000,0x55EA,
	0x55ED,0x55F8,0x0000,0x0000,0x55FA,
	0x0000,0x55FD,0x0000,0x0000,0x55FF,
	0x0000,0x5603,0x0000,0x0000,0x5614,
	0x0000,0x5618,0x0000,0x0000,0x5623,
	0x0000,0x5627,0x0000,0x0000,0x5638,
	0x0000,0x563C,0x0000,0x0000,0x564C,
	0x0000,0x5650,0x0000,0x0000,0x565B,
	0x0000,0x0000,0x0001,0x0C3C,0x0C41,
	0x0C47,0x0000,0x0001,0x0C49,0x0C4E,
	0x0000,0x0C54,0x0002,0x249E,0x24A2,
	0x0000,0x0000,0x0000,0x280D,0x2811,
	0x0000,0x281A,0x0000,0x2826,0x282A,
	0x0000,0x2830,0x0000,0x28C9,0x28CD,
	0x0000,0x0000,0x0000,0x2F67,0x2F6A,
	0x0000,0x2F72,0x0000,0x4BF8,0x4BFA,
	0x4C00,0x4C10,0x0000,0x0000,0x565F,
	0x5661,0x5663,0x0000,0x0000,0x566C,
	0x0000,0x0000,0x0007,0x0000,0x566F,
	0x0000,0x0000,0x0000,0x0000,0x5672,
	0x0000,0x0000,0x0002,0x0062,0x006A,
	0x0000,0x0000,0x0000,0x01A4,0x01AB,
	0x0000,0x0000,0x0000,0x022D,0x0234,
	0x0000,0x0241,0x0000,0x0379,0x0380,
	0x0000,0x0000,0x0000,0x03A4,0x03AB,
	0x0000,0x0000,0x0000,0x03D9,0x03E0,
	0x0000,0x0000,0x0000,0x043E,0x0444,
	0x0000,0x0000,0x0002,0x044B,0x0451,
	0x0000,0x0000,0x0000,0x0458,0x045E,
	0x0000,0x0000,0x0002,0x0467,0x046D,
	0x0000,0x0000,0x0000,0x0491,0x0497,
	0x0000,0x04A1,0x0000,0x0511,0x0517,
	0x0000,0x0522,0x0000,0x0567,0x056D,
	0x0000,0x0000,0x0002,0x0575,0x057B,
	0x0000,0x0000,0x0000,0x05F4,0x05FA,
	0x0000,0x0000,0x0002,0x0602,0x0608,
	0x0000,0x0000,0x0000,0x067C,0x0682,
	0x0000,0x0000,0x0002,0x0689,0x068F,
	0x0000,0x0000,0x0000,0x06AB,0x06B1,
	0x0000,0x0000,0x0002,0x06B8,0x06BE,
	0x0000,0x0000,0x0000,0x07D1,0x07D7,
	0x0000,0x07E3,0x0000,0x085E,0x0864,
	0x0000,0x0000,0x0000,0x0932,0x0938,
	0x0000,0x0946,0x0000,0x0A1C,0x0A22,
	0x0A2A,0x0000,0x0002,0x0A2C,0x0A32,
	0x0A3A,0x0000,0x0000,0x0A6D,0x0A72,
	0x0000,0x0000,0x0000,0x0CB0,0x0CB5,
	0x0000,0x0000,0x0001,0x0CB9,0x0CBE,
	0x0000,0x0000,0x0000,0x0CC2,0x0CC7,
	0x0000,0x0CD2,0x0000,0x0CEF,0x0CF4,
	0x0000,0x0000,0x0000,0x0E3B,0x0E40,
	0x0000,0x0000,0x0000,0x0E55,0x0E5A,
	0x0000,0x0000,0x0000,0x0F50,0x0F55,
	0x0000,0x0000,0x0000,0x0FB6,0x0FBB,
	0x0000,0x0000,0x0000,0x0FF1,0x0FF6,
	0x1004,0x1018,0x0000,0x101A,0x101F,
	0x0000,0x102A,0x0000,0x10E2,0x10E7,
	0x10EF,0x0000,0x0000,0x118B,0x1190,
	0x0000,0x1199,0x0000,0x11EB,0x11F0,
	0x0000,0x11FB,0x0000,0x11FD,0x1202,
	0x0000,0x0000,0x0002,0x1208,0x120D,
	0x0000,0x0000,0x0000,0x1213,0x1218,
	0x0000,0x1225,0x0000,0x125B,0x1260,
	0x0000,0x0000,0x0002,0x1266,0x126B,
	0x0000,0x0000,0x0000,0x128D,0x1292,
	0x0000,0x0000,0x0000,0x12C6,0x12CB,
	0x0000,0x0000,0x0000,0x1305,0x130A,
	0x130F,0x0000,0x0000,0x1389,0x138E,
	0x0000,0x0000,0x0000,0x1570,0x1575,
	0x0000,0x157F,0x0000,0x1588,0x158D,
	0x0000,0x0000,0x0000,0x15D2,0x15D7,
	0x0000,0x0000,0x0000,0x167C,0x1681,
	0x1688,0x0000,0x0000,0x169B,0x16A0,
	0x0000,0x0000,0x0000,0x1772,0x1777,
	0x0000,0x0000,0x0002,0x195B,0x195F,
	0x0000,0x0000,0x0000,0x1964,0x1968,
	0x0000,0x0000,0x0002,0x196C,0x1970,
	0x0000,0x0000,0x0000,0x1A86,0x1A8A,
	0x0000,0x1A92,0x0000,0x1AA6,0x1AAA,
	0x0000,0x0000,0x0000,0x1D41,0x1D45,
	0x0000,0x0000,0x0002,0x1D49,0x1D4D,
	0x0000,0x0000,0x0000,0x1EF4,0x1EF8,
	0x0000,0x0000,0x0002,0x1EFD,0x1F01,
	0x0000,0x0000,0x0000,0x1F06,0x1F0A,
	0x1F12,0x1F1F,0x0000,0x2047,0x204B,
	0x2051,0x0000,0x0000,0x2093,0x2097,
	0x209C,0x0000,0x0000,0x2112,0x2116,
	0x0000,0x0000,0x0000,0x23F3,0x23F7,
	0x0000,0x23FD,0x0000,0x246D,0x2471,
	0x0000,0x2479,0x0000,0x248F,0x2493,
	0x0000,0x249C,0x0000,0x26F6,0x26FA,
	0x26FF,0x0000,0x0000,0x2A08,0x2A0C,
	0x0000,0x2A12,0x0000,0x2AC7,0x2ACB,
	0x2AD4,0x2ADA,0x0000,0x2F74,0x2F77,
	0x0000,0x2F7E,0x0000,0x2FBC,0x2FBF,
	0x2FC3,0x0000,0x0000,0x2FDC,0x2FDF,
	0x2FE6,0x0000,0x0000,0x3099,0x309C,
	0x309F,0x30A1,0x0000,0x30AB,0x30AE,
	0x30B3,0x0000,0x0000,0x30F6,0x30F9,
	0x0000,0x30FE,0x0001,0x327C,0x327F,
	0x0000,0x0000,0x0000,0x3282,0x3285,
	0x0000,0x328A,0x0007,0x32C4,0x32C7,
	0x0000,0x32CD,0x0000,0x33C1,0x33C4,
	0x33C9,0x33CF,0x0000,0x34D0,0x34D3,
	0x34D7,0x34E2,0x0000,0x34E4,0x34E7,
	0x34EF,0x34FB,0x0000,0x34FD,0x3500,
	0x0000,0x3505,0x0000,0x38DE,0x38E1,
	0x0000,0x38E7,0x0001,0x3A30,0x3A33,
	0x0000,0x3A37,0x0000,0x3A39,0x3A3C,
	0x3A43,0x3A58,0x0000,0x3A5A,0x3A5D,
	0x3A62,0x3A68,0x0000,0x3A95,0x3A98,
	0x3A9C,0x0000,0x0000,0x3AC1,0x3AC4,
	0x0000,0x3AC8,0x0000,0x3C95,0x3C98,
	0x3C9D,0x3C9F,0x0000,0x3CC3,0x3CC6,
	0x0000,0x0000,0x0000,0x3CF8,0x3CFB,
	0x3CFF,0x3D06,0x0000,0x3D08,0x3D0B,
	0x0000,0x3D13,0x0000,0x3FE0,0x3FE2,
	0x3FE9,0x3FF4,0x0000,0x48D4,0x48D6,
	0x48DD,0x48F2,0x0000,0x48F4,0x48F6,
	0x48FD,0x4912,0x8000,0x4914,0x4916,
	0x491D,0x4932,0x8000,0x4934,0x4936,
	0x493D,0x4952,0x0000,0x4954,0x4956,
	0x495E,0x4969,0x0006,0x4C5A,0x4C5C,
	0x4C60,0x0000,0x0000,0x4C62,0x4C64,
	0x4C67,0x0000,0x0000,0x0000,0x4C77,
	0x4C7A,0x4C7D,0x0000,0x4C7F,0x4C81,
	0x4C85,0x4C88,0x0000,0x4DA6,0x4DA8,
	0x4DAC,0x4DB7,0x0000,0x4DB9,0x4DBB,
	0x4DC2,0x4DCD,0x0000,0x4DCF,0x4DD1,
	0x4DD9,0x4DDD,0x0000,0x4DDF,0x4DE1,
	0x4DE9,0x4DEF,0x0000,0x4DF1,0x4DF3,
	0x4DFB,0x4E0D,0x0000,0x4E0F,0x4E11,
	0x4E19,0x4E37,0x0000,0x4E39,0x4E3B,
	0x4E42,0x4E45,0x0000,0x4E47,0x4E49,
	0x4E51,0x4E60,0x0000,0x4E62,0x4E64,
	0x4E6C,0x4E82,0x0000,0x4E84,0x4E86,
	0x4E8E,0x4EAF,0x0000,0x4EB1,0x4EB3,
	0x0000,0x4EBA,0x0000,0x0000,0x569D,
	0x0000,0x0000,0x0000,0x0218,0x021F,
	0x0000,0x0000,0x0000,0x02FE,0x0305,
	0x0000,0x0311,0x0000,0x03EA,0x03F0,
	0x0000,0x0000,0x0000,0x03F9,0x03FF,
	0x0000,0x0000,0x0000,0x0408,0x040E,
	0x0000,0x0417,0x0000,0x0419,0x041F,
	0x0000,0x042B,0x0000,0x042D,0x0433,
	0x0000,0x043C,0x0001,0x04B9,0x04BF,
	0x0000,0x04C5,0x0000,0x062D,0x0633,
	0x0000,0x0000,0x0000,0x0717,0x071D,
	0x0000,0x0726,0x0000,0x0728,0x072E,
	0x0000,0x073A,0x0000,0x074B,0x0751,
	0x0000,0x075D,0x0000,0x0799,0x079F,
	0x0000,0x07A8,0x0000,0x08A8,0x08AE,
	0x0000,0x08B7,0x0000,0x08D2,0x08D8,
	0x0000,0x08E2,0x0000,0x08F1,0x08F7,
	0x0000,0x08FD,0x0000,0x0920,0x0926,
	0x0000,0x0930,0x0000,0x09AF,0x09B5,
	0x0000,0x09C0,0x0000,0x0C95,0x0C9A,
	0x0000,0x0CA1,0x0000,0x0EBF,0x0EC4,
	0x0000,0x0000,0x0000,0x10D3,0x10D8,
	0x0000,0x10E0,0x0000,0x1155,0x115A,
	0x0000,0x1163,0x0000,0x11CE,0x11D3,
	0x0000,0x11DD,0x0000,0x131A,0x131F,
	0x0000,0x1329,0x0000,0x1416,0x141B,
	0x0000,0x1425,0x0000,0x1427,0x142C,
	0x0000,0x1435,0x0000,0x1468,0x146D,
	0x0000,0x0000,0x0000,0x14A3,0x14A8,
	0x0000,0x14AE,0x0000,0x15C6,0x15CB,
	0x0000,0x15D0,0x0000,0x15E1,0x15E6,
	0x0000,0x15ED,0x0000,0x15FC,0x1601,
	0x0000,0x0000,0x0000,0x164C,0x1651,
	0x165B,0x165D,0x0000,0x165F,0x1664,
	0x0000,0x166E,0x0000,0x17E0,0x17E5,
	0x0000,0x17EC,0x0001,0x1BA7,0x1BAB,
	0x0000,0x0000,0x0000,0x1E35,0x1E39,
	0x1E41,0x1E43,0x0000,0x1E45,0x1E49,
	0x1E54,0x1E67,0x0000,0x1E69,0x1E6D,
	0x0000,0x0000,0x0000,0x1F21,0x1F25,
	0x0000,0x0000,0x0002,0x200F,0x2013,
	0x0000,0x0000,0x0002,0x235B,0x235F,
	0x0000,0x0000,0x0000,0x23FF,0x2403,
	0x240E,0x2427,0x0000,0x2429,0x242D,
	0x0000,0x2435,0x0000,0x245E,0x2462,
	0x0000,0x246B,0x0000,0x24FB,0x24FF,
	0x2504,0x250F,0x0000,0x2511,0x2515,
	0x0000,0x251D,0x0000,0x25F5,0x25F9,
	0x0000,0x2601,0x0000,0x2603,0x2607,
	0x0000,0x0000,0x0000,0x2654,0x2658,
	0x0000,0x2661,0x0000,0x2ADC,0x2AE0,
	0x0000,0x2AE8,0x0001,0x2CBD,0x2CC0,
	0x2CC3,0x2CC9,0x0000,0x3058,0x305B,
	0x3061,0x0000,0x0000,0x321E,0x3221,
	0x3225,0x3230,0x0000,0x3232,0x3235,
	0x0000,0x323B,0x0000,0x373F,0x3742,
	0x0000,0x374D,0x0000,0x380E,0x3811,
	0x3817,0x0000,0x0000,0x38E9,0x38EC,
	0x0000,0x38F0,0x0000,0x39F2,0x39F5,
	0x39FA,0x3A05,0x0000,0x3A6A,0x3A6D,
	0x0000,0x3A74,0x0000,0x3F07,0x3F0A,
	0x0000,0x3F0F,0x0000,0x46D1,0x46D3,
	0x46D7,0x46E2,0x0000,0x46E4,0x46E6,
	0x46EC,0x46F3,0x0000,0x46F5,0x46F7,
	0x46FA,0x46FC,0x0000,0x4C12,0x4C14,
	0x4C1A,0x4C1C,0x0000,0x4C1E,0x4C20,
	0x4C25,0x4C30,0x0000,0x4EBC,0x4EBE,
	0x0000,0x4EC2,0x0007,0x4ECC,0x4ECE,
	0x0000,0x4ED2,0x0000,0x4ED4,0x4ED6,
	0x4EDD,0x4EE9,0x0000,0x4EEB,0x4EED,
	0x4EF1,0x4EF4,0x0000,0x4EF6,0x4EF8,
	0x4EFC,0x4F0C,0x0000,0x4F0E,0x4F10,
	0x0000,0x4F13,0x0000,0x0000,0x4F15,
	0x4F18,0x4F28,0x0000,0x0000,0x4F2A,
	0x0000,0x4F2E,0x0002,0x0000,0x56A0,
	0x0000,0x0000,0x0005,0x0000,0x56A3,
	0x0000,0x0000,0x0004,0x0000,0x56A6,
	0x0000,0x0000,0x0006,0x0000,0x56A9,
	0x0000,0x0000,0x0007,0x0000,0x56AC,
	0x0000,0x0000,0x0000,0x0000,0x56AF,
	0x56B2,0x56B6,0x0000,0x0000,0x56BD,
	0x56C0,0x56C6,0x0000,0x0000,0x56CA,
	0x56CD,0x56D1,0x0000,0x0000,0x56D4,
	0x56D7,0x56D9,0x0000,0x0000,0x56E1,
	0x56E4,0x56EA,0x0000,0x0000,0x56EC,
	0x56EF,0x56FE,0x0000,0x0000,0x5701,
	0x5704,0x0000,0x0000,0x0000,0x5715,
	0x5718,0x571B,0x0000,0x0000,0x571E,
	0x5721,0x0000,0x0000,0x0000,0x5729,
	0x572C,0x0000,0x0000,0x0000,0x573A,
	0x573D,0x5748,0x0000,0x0000,0x574B,
	0x574E,0x5755,0x0000,0x0000,0x5758,
	0x575B,0x5769,0x0000,0x0000,0x576C,
	0x576F,0x5779,0x0000,0x0000,0x577F,
	0x0000,0x0000,0x0000,0x038A,0x0391,
	0x0000,0x0000,0x0000,0x0398,0x039F,
	0x0000,0x0000,0x0000,0x0476,0x047C,
	0x0000,0x0000,0x0000,0x0535,0x053B,
	0x0000,0x0000,0x0000,0x05B6,0x05BC,
	0x0000,0x05C5,0x0000,0x07AA,0x07B0,
	0x0000,0x07BB,0x0000,0x0885,0x088B,
	0x0000,0x0896,0x0000,0x0C87,0x0C8C,
	0x0000,0x0C93,0x0000,0x0CD4,0x0CD9,
	0x0000,0x0CE0,0x0000,0x0CE2,0x0CE7,
	0x0000,0x0000,0x0000,0x0CFE,0x0D03,
	0x0000,0x0000,0x0000,0x0D89,0x0D8E,
	0x0000,0x0D92,0x0000,0x0F18,0x0F1D,
	0x0000,0x0000,0x0000,0x0F5C,0x0F61,
	0x0000,0x0000,0x0002,0x0F68,0x0F6D,
	0x0000,0x0000,0x0000,0x0F74,0x0F79,
	0x0000,0x0000,0x0000,0x103D,0x1042,
	0x0000,0x104C,0x0000,0x117F,0x1184,
	0x0000,0x0000,0x0000,0x12E6,0x12EB,
	0x0000,0x12F7,0x0000,0x14CA,0x14CF,
	0x0000,0x14D7,0x0000,0x150D,0x1512,
	0x0000,0x0000,0x0002,0x1518,0x151D,
	0x0000,0x0000,0x0000,0x168A,0x168F,
	0x0000,0x1699,0x0000,0x1732,0x1737,
	0x0000,0x0000,0x0002,0x173E,0x1743,
	0x0000,0x0000,0x0000,0x1AB6,0x1ABA,
	0x0000,0x1ABF,0x0001,0x1AC1,0x1AC5,
	0x1ACA,0x1AD5,0x0001,0x1AD7,0x1ADB,
	0x0000,0x0000,0x0000,0x1B8C,0x1B90,
	0x0000,0x0000,0x0000,0x1C1B,0x1C1F,
	0x0000,0x1C28,0x0000,0x1C69,0x1C6D,
	0x0000,0x1C74,0x0000,0x1F75,0x1F79,
	0x0000,0x0000,0x0002,0x1FFE,0x2002,
	0x2009,0x0000,0x0000,0x214C,0x2150,
	0x2156,0x2161,0x0000,0x2163,0x2167,
	0x2173,0x2181,0x0000,0x2183,0x2187,
	0x0000,0x2190,0x0000,0x234B,0x234F,
	0x0000,0x2359,0x0000,0x2363,0x2367,
	0x0000,0x2370,0x0000,0x2380,0x2384,
	0x0000,0x238B,0x0001,0x238D,0x2391,
	0x0000,0x2397,0x0000,0x258E,0x2592,
	0x2599,0x259D,0x0000,0x259F,0x25A3,
	0x0000,0x25AD,0x0000,0x273C,0x2740,
	0x0000,0x2746,0x0000,0x2756,0x275A,
	0x0000,0x2760,0x0000,0x2767,0x276B,
	0x2771,0x0000,0x0000,0x2773,0x2777,
	0x0000,0x277F,0x0000,0x2781,0x2785,
	0x0000,0x278F,0x0000,0x27C2,0x27C6,
	0x0000,0x0000,0x0000,0x281C,0x2820,
	0x0000,0x0000,0x0000,0x287C,0x2880,
	0x0000,0x0000,0x0000,0x28A8,0x28AC,
	0x0000,0x28B5,0x0000,0x2A5E,0x2A62,
	0x0000,0x2A6B,0x0000,0x2A7B,0x2A7F,
	0x0000,0x2A88,0x0000,0x2B6A,0x2B6E,
	0x0000,0x0000,0x0000,0x2D11,0x2D14,
	0x2D19,0x2D24,0x0000,0x2D26,0x2D29,
	0x0000,0x2D2F,0x0000,0x2F80,0x2F83,
	0x0000,0x2F8B,0x0002,0x2FA4,0x2FA7,
	0x0000,0x0000,0x0000,0x30CA,0x30CD,
	0x0000,0x30D3,0x0000,0x316E,0x3171,
	0x3176,0x3181,0x0000,0x3183,0x3186,
	0x318E,0x319E,0x0000,0x31A0,0x31A3,
	0x0000,0x31AA,0x0000,0x323D,0x3240,
	0x3247,0x3249,0x0000,0x32D5,0x32D8,
	0x0000,0x0000,0x0001,0x3507,0x350A,
	0x0000,0x350F,0x0000,0x3691,0x3694,
	0x0000,0x369D,0x0000,0x37CC,0x37CF,
	0x0000,0x37D6,0x0000,0x3847,0x384A,
	0x0000,0x3852,0x0000,0x3A76,0x3A79,
	0x3A7D,0x0000,0x0000,0x3AB5,0x3AB8,
	0x0000,0x3ABF,0x0000,0x3D15,0x3D18,
	0x3D1D,0x3D28,0x0000,0x3D2A,0x3D2D,
	0x3D35,0x3D40,0x0000,0x3D42,0x3D45,
	0x3D4E,0x3D5B,0x0000,0x3D5D,0x3D60,
	0x3D69,0x3D7F,0x0000,0x3D81,0x3D84,
	0x3D8D,0x3DAC,0x0000,0x3DAE,0x3DB1,
	0x0000,0x3DB9,0x0000,0x40A8,0x40AA,
	0x0000,0x40AD,0x8000,0x40AF,0x40B1,
	0x0000,0x40B4,0x0000,0x4183,0x4185,
	0x0000,0x4188,0x0002,0x418A,0x418C,
	0x0000,0x418F,0x0001,0x496B,0x496D,
	0x0000,0x4970,0x0000,0x0000,0x5782,
	0x0000,0x0000,0x0000,0x1C3B,0x1C3F,
	0x0000,0x0000,0x0000,0x2329,0x232D,
	0x0000,0x2332,0x0001,0x2334,0x2338,
	0x0000,0x233D,0x0002,0x2C78,0x2C7B,
	0x0000,0x0000,0x0000,0x2FE8,0x2FEB,
	0x0000,0x2FF0,0x0001,0x30B5,0x30B8,
	0x0000,0x0000,0x0000,0x30BB,0x30BE,
	0x0000,0x30C2,0x0000,0x30C4,0x30C7,
	0x0000,0x0000,0x0000,0x30E2,0x30E5,
	0x30EA,0x0000,0x0004,0x32E4,0x32E7,
	0x0000,0x0000,0x0002,0x3824,0x3827,
	0x0000,0x382B,0x0002,0x382D,0x3830,
	0x0000,0x0000,0x0005,0x3FF6,0x3FF8,
	0x0000,0x0000,0x0002,0x3FFC,0x3FFE,
	0x0000,0x0000,0x0006,0x4001,0x4003,
	0x0000,0x0000,0x0001,0x4006,0x4008,
	0x0000,0x0000,0x0007,0x400B,0x400D,
	0x0000,0x0000,0x0000,0x4010,0x4012,
	0x0000,0x4015,0x0000,0x401E,0x4020,
	0x0000,0x4023,0x0000,0x4025,0x4027,
	0x0000,0x0000,0x0005,0x438D,0x438F,
	0x0000,0x0000,0x0002,0x4393,0x4395,
	0x0000,0x0000,0x0006,0x4398,0x439A,
	0x0000,0x0000,0x0001,0x439D,0x439F,
	0x0000,0x0000,0x0000,0x43A2,0x43A4,
	0x43A8,0x0000,0x0000,0x43B3,0x43B5,
	0x0000,0x0000,0x0005,0x46FE,0x4700,
	0x0000,0x0000,0x0007,0x4704,0x4706,
	0x4709,0x470B,0x0005,0x4972,0x4974,
	0x0000,0x0000,0x0006,0x4978,0x497A,
	0x0000,0x0000,0x0001,0x497D,0x497F,
	0x0000,0x0000,0x0007,0x4982,0x4984,
	0x0000,0x0000,0x0000,0x4987,0x4989,
	0x0000,0x498D,0x0000,0x498F,0x4991,
	0x0000,0x4994,0x0000,0x4997,0x4999,
	0x499C,0x499E,0x0000,0x49A1,0x49A3,
	0x0000,0x49A6,0x0000,0x49A8,0x49AA,
	0x49AD,0x49B4,0x0000,0x49B8,0x49BA,
	0x49BD,0x49CE,0x0000,0x49D0,0x49D2,
	0x0000,0x49D5,0x0000,0x49E6,0x49E8,
	0x0000,0x49EC,0x0000,0x49F5,0x49F7,
	0x0000,0x49FA,0x0000,0x49FC,0x49FE,
	0x4A01,0x4A03,0x0000,0x4A05,0x4A07,
	0x4A0A,0x4A0C,0x0000,0x4A12,0x4A14,
	0x0000,0x4A17,0x0000,0x4A1A,0x4A1C,
	0x0000,0x4A1F,0x0000,0x4A2C,0x4A2E,
	0x0000,0x4A31,0x0000,0x4A35,0x4A37,
	0x0000,0x0000,0x0000,0x4C32,0x4C34,
	0x4C37,0x0000,0x0000,0x4C39,0x4C3B,
	0x4C3F,0x0000,0x0005,0x0000,0x5785,
	0x0000,0x0000,0x0004,0x0000,0x5788,
	0x0000,0x0000,0x0007,0x0000,0x578B,
	0x0000,0x0000,0x0000,0x0000,0x578E,
	0x5791,0x5794,0x0000,0x0000,0x579E,
	0x0000,0x57A1,0x0000,0x0000,0x57AA,
	0x57AD,0x57AF,0x0000,0x0000,0x57B6,
	0x57B9,0x57BB,0x0000,0x0000,0x57CD,
	0x57D0,0x57D3,0x0000,0x0000,0x57DA,
	0x0000,0x57DD,0x0000,0x0000,0x57EB,
	0x0000,0x57EF,0x0000,0x0000,0x5801,
	0x5804,0x580E,0x0000,0x0000,0x5817,
	0x0000,0x581B,0x0000,0x0000,0x581F,
	0x5822,0x5828,0x0000,0x0000,0x582C,
	0x5830,0x5836,0x0000,0x0000,0x584A,
	0x0000,0x584E,0x0000,0x0000,0x5856,
	0x0000,0x5859,0x0000,0x0000,0x5861,
	0x0000,0x5865,0x0000,0x0000,0x5870,
	0x0000,0x5874,0x0000,0x0000,0x5885,
	0x0000,0x5889,0x0000,0x0000,0x5894,
	0x5897,0x58A4,0x0000,0x0000,0x58B3,
	0x58B6,0x58BC,0x0000,0x0000,0x58C8,
	0x0000,0x58CB,0x0000,0x0000,0x58DB,
	0x0000,0x58DF,0x0000,0x0000,0x58EA,
	0x0000,0x58ED,0x0000,0x0000,0x58EF,
	0x0000,0x0000,0x0000,0x0000,0x58F3,
	0x0000,0x0000,0x0000,0x2AF6,0x2AFA,
	0x0000,0x0000,0x0000,0x2F09,0x2F0C,
	0x2F11,0x0000,0x0000,0x3AE0,0x3AE3,
	0x0000,0x0000,0x0005,0x402A,0x402C,
	0x0000,0x0000,0x0006,0x4030,0x4032,
	0x0000,0x0000,0x0000,0x4036,0x4038,
	0x403B,0x0000,0x0000,0x4046,0x4048,
	0x0000,0x404B,0x0005,0x43B8,0x43BA,
	0x0000,0x0000,0x0000,0x43BE,0x43C0,
	0x43C3,0x43C6,0x0000,0x43C8,0x43CA,
	0x43CE,0x0000,0x0000,0x43DD,0x43DF,
	0x0000,0x0000,0x0005,0x4A3A,0x4A3C,
	0x0000,0x0000,0x0000,0x4A40,0x4A42,
	0x4A45,0x0000,0x0000,0x4A50,0x4A52,
	0x4A55,0x0000,0x0000,0x4A5F,0x4A61,
	0x4A64,0x0000,0x0000,0x4A74,0x4A76,
	0x4A79,0x0000,0x0000,0x4A85,0x4A87,
	0x4A8A,0x4A99,0x0000,0x4A9B,0x4A9D,
	0x0000,0x0000,0x0006,0x0000,0x58F6,
	0x0000,0x58F9,0x0006,0x0000,0x58FF,
	0x0000,0x0000,0x0000,0x0000,0x5902,
	0x0000,0x0000,0x0000,0x1D2A,0x1D2E,
	0x0000,0x0000,0x0000,0x1F65,0x1F69,
	0x0000,0x1F73,0x0000,0x2EBA,0x2EBD,
	0x0000,0x2EC0,0x0001,0x2EC2,0x2EC5,
	0x0000,0x0000,0x0000,0x2F24,0x2F27,
	0x0000,0x2F30,0x0000,0x328C,0x328F,
	0x0000,0x0000,0x0001,0x3293,0x3296,
	0x0000,0x0000,0x0000,0x38F2,0x38F5,
	0x0000,0x38F9,0x0001,0x38FB,0x38FE,
	0x0000,0x3902,0x0000,0x3A7F,0x3A82,
	0x0000,0x3A86,0x0000,0x43E2,0x43E4,
	0x43EC,0x43FE,0x0000,0x4400,0x4402,
	0x0000,0x4408,0x0000,0x4AA0,0x4AA2,
	0x4AA8,0x0000,0x0000,0x0000,0x5905,
	0x5908,0x0000,0x0000,0x0000,0x590A,
	0x0000,0x0000,0x0000,0x008B,0x0093,
	0x0000,0x00A0,0x0000,0x00C3,0x00CA,
	0x00DC,0x00EB,0x0000,0x00ED,0x00F4,
	0x0107,0x0113,0x0000,0x0115,0x011C,
	0x012E,0x013B,0x0000,0x013D,0x0144,
	0x0000,0x0155,0x0000,0x01B7,0x01BE,
	0x0000,0x0000,0x0000,0x0259,0x0260,
	0x0272,0x0281,0x0000,0x0283,0x028A,
	0x029C,0x02A8,0x0000,0x02AA,0x02B1,
	0x02C3,0x02CB,0x0000,0x02CD,0x02D4,
	0x0000,0x02E6,0x0000,0x02E8,0x02EF,
	0x0000,0x02FC,0x0000,0x04F3,0x04F9,
	0x0000,0x0501,0x0000,0x063D,0x0643,
	0x0000,0x064F,0x0000,0x0836,0x083C,
	0x0000,0x0849,0x0000,0x096D,0x0973,
	0x0000,0x097C,0x0000,0x09C2,0x09C8,
	0x0000,0x09D0,0x0000,0x09D2,0x09D8,
	0x0000,0x09E1,0x0000,0x09E3,0x09E9,
	0x0000,0x09F8,0x0000,0x0A3C,0x0A42,
	0x0000,0x0A4D,0x0000,0x0A79,0x0A7E,
	0x0A8A,0x0A90,0x0000,0x0AD6,0x0ADB,
	0x0000,0x0AE5,0x0000,0x0AE7,0x0AEC,
	0x0000,0x0AF5,0x0000,0x0B0A,0x0B0F,
	0x0B1A,0x0B20,0x0000,0x0B75,0x0B7A,
	0x0000,0x0B87,0x0000,0x0BCF,0x0BD4,
	0x0000,0x0BDF,0x0000,0x0DDE,0x0DE3,
	0x0000,0x0DED,0x0000,0x0DFF,0x0E04,
	0x0000,0x0000,0x0000,0x0E61,0x0E66,
	0x0000,0x0E72,0x0000,0x0FE1,0x0FE6,
	0x0000,0x0FEF,0x0000,0x10C0,0x10C5,
	0x0000,0x10D1,0x0000,0x1248,0x124D,
	0x0000,0x1259,0x0000,0x12D3,0x12D8,
	0x0000,0x12E4,0x0000,0x132B,0x1330,
	0x0000,0x133C,0x0000,0x1395,0x139A,
	0x0000,0x13A3,0x0000,0x13DB,0x13E0,
	0x13E7,0x13ED,0x0000,0x1490,0x1495,
	0x0000,0x14A1,0x0000,0x1608,0x160D,
	0x0000,0x161A,0x0000,0x18B9,0x18BD,
	0x18C9,0x18D8,0x0000,0x18DA,0x18DE,
	0x18EA,0x18F6,0x0000,0x18F8,0x18FC,
	0x1908,0x1910,0x0000,0x1912,0x1916,
	0x0000,0x1922,0x0000,0x19AD,0x19B1,
	0x19B8,0x19C3,0x0000,0x19C5,0x19C9,
	0x19D0,0x19D2,0x0000,0x19D4,0x19D8,
	0x0000,0x19E0,0x0000,0x1A26,0x1A2A,
	0x0000,0x1A34,0x0000,0x1B98,0x1B9C,
	0x0000,0x0000,0x0000,0x1BEF,0x1BF3,
	0x0000,0x1BFE,0x0000,0x1C00,0x1C04,
	0x0000,0x0000,0x0000,0x1D31,0x1D35,
	0x0000,0x1D3F,0x0000,0x1D6D,0x1D71,
	0x0000,0x1D7A,0x0000,0x1E0D,0x1E11,
	0x0000,0x1E1A,0x0000,0x2270,0x2274,
	0x2280,0x228F,0x0000,0x2291,0x2295,
	0x22A1,0x22AD,0x0000,0x22AF,0x22B3,
	0x22BF,0x22C7,0x0000,0x22C9,0x22CD,
	0x0000,0x22D8,0x0000,0x2399,0x239D,
	0x23A8,0x23AE,0x0000,0x255C,0x2560,
	0x0000,0x2569,0x0000,0x25BB,0x25BF,
	0x0000,0x25C8,0x0000,0x272E,0x2732,
	0x273A,0x0000,0x0000,0x286D,0x2871,
	0x0000,0x287A,0x0000,0x29E0,0x29E4,
	0x29EC,0x29F7,0x0000,0x29F9,0x29FD,
	0x0000,0x2A06,0x0000,0x2A9E,0x2AA2,
	0x2AAD,0x2AB4,0x0000,0x2AB6,0x2ABA,
	0x0000,0x2AC5,0x0000,0x2C24,0x2C27,
	0x2C2C,0x2C37,0x0000,0x2C39,0x2C3C,
	0x2C48,0x2C53,0x0000,0x2C55,0x2C58,
	0x0000,0x2C63,0x0000,0x2CE4,0x2CE7,
	0x2CF0,0x2CF6,0x0000,0x2D31,0x2D34,
	0x2D39,0x0000,0x0000,0x2D3B,0x2D3E,
	0x2D46,0x2D4C,0x0000,0x2D84,0x2D87,
	0x2D91,0x2D97,0x0000,0x2F32,0x2F35,
	0x0000,0x2F3C,0x0006,0x2FD1,0x2FD4,
	0x0000,0x2FDA,0x0000,0x3010,0x3013,
	0x0000,0x301A,0x0000,0x3100,0x3103,
	0x0000,0x310A,0x0000,0x31B8,0x31BB,
	0x31C0,0x31CB,0x0000,0x31CD,0x31D0,
	0x31DA,0x31EE,0x0000,0x31F0,0x31F3,
	0x31FA,0x3200,0x0000,0x32A1,0x32A4,
	0x0000,0x32AB,0x0000,0x345E,0x3461,
	0x346C,0x347A,0x0000,0x347C,0x347F,
	0x0000,0x3487,0x0000,0x353E,0x3541,
	0x3546,0x3551,0x0000,0x3553,0x3556,
	0x355D,0x3563,0x0000,0x36DA,0x36DD,
	0x36E2,0x36ED,0x0000,0x36EF,0x36F2,
	0x0000,0x36FA,0x0000,0x37C5,0x37C8,
	0x0000,0x0000,0x0000,0x3911,0x3914,
	0x391C,0x3922,0x0000,0x3954,0x3957,
	0x395E,0x3969,0x0000,0x396B,0x396E,
	0x0000,0x3976,0x0000,0x3982,0x3985,
	0x398A,0x3995,0x0000,0x3997,0x399A,
	0x39A0,0x39A7,0x0000,0x39A9,0x39AC,
	0x0000,0x0000,0x0006,0x3B49,0x3B4C,
	0x0000,0x3B51,0x0000,0x3B53,0x3B56,
	0x3B5B,0x0000,0x0000,0x3BB4,0x3BB7,
	0x0000,0x3BBB,0x0000,0x3BD4,0x3BD7,
	0x3BDD,0x3BE3,0x0000,0x3C29,0x3C2C,
	0x0000,0x0000,0x0000,0x3CA5,0x3CA8,
	0x0000,0x3CAE,0x0005,0x4056,0x4058,
	0x0000,0x0000,0x0006,0x405C,0x405E,
	0x0000,0x0000,0x0000,0x4061,0x4063,
	0x0000,0x0000,0x0000,0x4148,0x414A,
	0x414F,0x4151,0x0000,0x440A,0x440C,
	0x440F,0x441A,0x0000,0x441C,0x441E,
	0x4422,0x442B,0x0000,0x442D,0x442F,
	0x0000,0x4433,0x0000,0x4435,0x4437,
	0x443A,0x4445,0x0000,0x4447,0x4449,
	0x0000,0x0000,0x0000,0x4465,0x4467,
	0x0000,0x446C,0x0000,0x44EB,0x44ED,
	0x44F1,0x44F8,0x0000,0x4759,0x475B,
	0x475F,0x476A,0x0000,0x476C,0x476E,
	0x4775,0x477B,0x0000,0x4AAA,0x4AAC,
	0x0000,0x0000,0x0000,0x4B34,0x4B36,
	0x4B3A,0x4B3C,0x0000,0x4B42,0x4B44,
	0x4B4B,0x4B55,0x0005,0x4C41,0x4C43,
	0x0000,0x0000,0x0000,0x4C47,0x4C49,
	0x0000,0x0000,0x0005,0x0000,0x590E,
	0x0000,0x0000,0x0006,0x0000,0x5911,
	0x0000,0x5914,0x0006,0x0000,0x5916,
	0x5919,0x0000,0x0006,0x0000,0x591B,
	0x0000,0x0000,0x0007,0x0000,0x591E,
	0x0000,0x5921,0x0007,0x0000,0x5923,
	0x0000,0x0000,0x0000,0x0000,0x5926,
	0x5929,0x0000,0x0000,0x0000,0x592B,
	0x592E,0x5939,0x0000,0x0000,0x593B,
	0x593E,0x0000,0x0000,0x0000,0x594E,
	0x5953,0x5963,0x0000,0x0000,0x5965,
	0x0000,0x5968,0x0000,0x0000,0x596A,
	0x596D,0x5977,0x0000,0x0000,0x597A,
	0x0000,0x597D,0x0000,0x0000,0x598D,
	0x0000,0x5990,0x0000,0x0000,0x599B,
	0x0000,0x599F,0x0000,0x0000,0x59AA,
	0x0000,0x0000,0x0000,0x0329,0x0330,
	0x0000,0x033A,0x0000,0x073C,0x0742,
	0x0000,0x0749,0x0000,0x1F59,0x1F5D,
	0x1F63,0x0000,0x0000,0x2907,0x290B,
	0x0000,0x0000,0x0006,0x290F,0x2913,
	0x0000,0x0000,0x0000,0x2AFE,0x2B02,
	0x0000,0x2B09,0x0000,0x2B7E,0x2B82,
	0x0000,0x2B88,0x0000,0x2BBB,0x2BBF,
	0x0000,0x2BC6,0x0000,0x2F3E,0x2F41,
	0x2F45,0x0000,0x0000,0x2F47,0x2F4A,
	0x0000,0x0000,0x0006,0x2F4F,0x2F52,
	0x2F56,0x0000,0x0006,0x2F58,0x2F5B,
	0x0000,0x0000,0x0000,0x3070,0x3073,
	0x0000,0x0000,0x0006,0x3076,0x3079,
	0x0000,0x0000,0x0000,0x37B3,0x37B6,
	0x37BA,0x0000,0x0006,0x37BC,0x37BF,
	0x37C3,0x0000,0x0000,0x415A,0x415C,
	0x415F,0x0000,0x0000,0x4161,0x4163,
	0x0000,0x0000,0x0006,0x4166,0x4168,
	0x0000,0x0000,0x0000,0x4191,0x4193,
	0x0000,0x0000,0x0006,0x4196,0x4198,
	0x0000,0x0000,0x0000,0x444D,0x444F,
	0x0000,0x4454,0x0007,0x4456,0x4458,
	0x0000,0x445D,0x0002,0x47C4,0x47C6,
	0x0000,0x47CA,0x0006,0x4AD8,0x4ADA,
	0x0000,0x0000,0x0000,0x4B57,0x4B59,
	0x0000,0x4B5D,0x0004,0x4C69,0x4C6B,
	0x0000,0x0000,0x0000,0x0000,0x59AE,
	0x0000,0x0000,0x0005,0x0000,0x52AD,
	0x0000,0x0000,0x0007,0x0000,0x52B1,
	0x0000,0x52B5,0x0007,0x0000,0x52BC,
	0x0000,0x52BF,0x0000,0x0000,0x52C1,
	0x52C4,0x0000,0x0000,0x0000,0x52C6,
	0x0000,0x52CA,0x0000,0x0000,0x52E2,
	0x0000,0x52E6,0x0000,0x0000,0x52E8,
	0x0000,0x0000,0x0000,0x0000,0x5675,
	0x0000,0x5678,0x0000,0x0000,0x5684,
	0x0000,0x5687,0x0000,0x0000,0x5699,
	0x0000,0x0000,0x0000,0x0D37,0x0D3C,
	0x0D41,0x0000,0x0004,0x0D43,0x0D48,
	0x0D4D,0x0000,0x0000,0x4EC4,0x4EC6,
	0x0000,0x4ECA,0x0000,0x4F79,0x4F7B,
	0x4F7F,0x0000,0x0000,0x4F8F,0x4F91,
	0x0000,0x0000,0x0000,0x5474,0x5476,
	0x5479,0x0000,0x0000,0x0000,0x59B1,
	0x0000,0x0000,0x0000,0x0000,0x4F30,
	0x0000,0x0000
};


const unsigned char far acna_lsbtab[] = {
	0x00,0x0F,0x09,0x14,0x01,0x03,0x09,0x06,
	0x09,0x00,0x00,0x20,0x12,0x2B,0x7B,0x73,
	0x03,0x31,0x7D,0x73,0x12,0x25,0x7B,0x73,
	0x12,0x7B,0x00,0x01,0x1E,0x10,0x0F,0x12,
	0x08,0x14,0x0E,0x01,0x00,0x00,0x86,0x11,
	0x2D,0x7B,0x73,0x11,0x1A,0x27,0x7B,0x73,
	0x20,0x05,0x7B,0x00,0x01,0x22,0x05,0x12,
	0x04,0x0C,0x09,0x08,0x03,0x00,0x00,0x20,
	0x11,0x1A,0x7B,0x73,0x30,0x1B,0x02,0x36,
	0x6D,0x00,0x01,0x12,0x15,0x14,0x0C,0x15,
	0x03,0x00,0x00,0x1B,0x11,0x7B,0x73,0x0F,
	0x36,0x7B,0x73,0x1B,0x09,0x31,0x7D,0x00,
	0x01,0x1E,0x05,0x06,0x06,0x12,0x05,0x0F,
	0x04,0x00,0x00,0x0F,0x7B,0x73,0x25,0x1A,
	0x0A,0x30,0x00,0x03,0x0E,0x05,0x03,0x09,
	0x06,0x09,0x00,0x00,0x29,0x20,0x12,0x7B,
	0x73,0x29,0x11,0x7B,0x73,0x25,0x02,0x7D,
	0x00,0x01,0x1E,0x0C,0x0C,0x01,0x14,0x0E,
	0x05,0x0D,0x00,0x00,0x01,0x7B,0x73,0x22,
	0x7B,0x73,0x2F,0x20,0x04,0x1F,0x7D,0x00,
	0x01,0x1E,0x01,0x0E,0x0F,0x09,0x14,0x01,
	0x0E,0x00,0x00,0x1B,0x11,0x20,0x12,0x2B,
	0x05,0x20,0x00,0x01,0x0E,0x0F,0x09,0x14,
	0x01,0x12,0x00,0x00,0x1B,0x11,0x24,0x2B,
	0x05,0x1A,0x00,0x14,0x09,0x0C,0x09,0x02,
	0x01,0x00,0x05,0x1E,0x00,0x01,0x2F,0x7B,
	0x73,0x12,0x7B,0x73,0x1B,0x02,0x2E,0x7D,
	0x73,0x11,0x7B,0x00,0x0E,0x12,0x20,0x06,
	0x01,0x15,0x01,0x09,0x01,0x01,0x21,0x04,
	0x00,0x04,0x00,0x01,0x1E,0x14,0x09,0x0C,
	0x09,0x02,0x01,0x00,0x05,0x1E,0x00,0x01,
	0x2F,0x7B,0x73,0x12,0x7B,0x73,0x1B,0x02,
	0x2E,0x7D,0x73,0x11,0x7B,0x73,0x00,0x0B,
	0x03,0x20,0x08,0x01,0x15,0x01,0x01,0x01,
	0x12,0x01,0x0E,0x01,0x1E,0x14,0x09,0x0C,
	0x09,0x02,0x01,0x00,0x05,0x1E,0x00,0x01,
	0x2F,0x7B,0x73,0x12,0x7B,0x73,0x1B,0x02,
	0x2E,0x7D,0x73,0x11,0x7B,0x00,0x0C,0x20,
	0x04,0x01,0x0D,0x01,0x10,0x20,0x04,0x01,
	0x01,0x01,0x15,0x01,0x1E,0x14,0x09,0x0C,
	0x09,0x02,0x01,0x00,0x1E,0x00,0x01,0x2F,
	0x7B,0x73,0x12,0x7B,0x73,0x1B,0x02,0x2E,
	0x7D,0x73,0x11,0x7B,0x00,0x01,0x1E,0x05,
	0x01,0x08,0x03,0x12,0x01,0x00,0x00,0x86,
	0x11,0x01,0x31,0x1A,0x06,0x00,0x01,0x0E,
	0x0F,0x09,0x14,0x01,0x00,0x00,0x22,0x7B,
	0x73,0x20,0x12,0x2B,0x7B,0x73,0x03,0x7D,
	0x00,0x01,0x1E,0x07,0x15,0x0F,0x12,0x0F,
	0x02,0x00,0x1E,0x00,0x0B,0x7B,0x73,0x0F,
	0x2E,0x7B,0x73,0x00,0x01,0x1E,0x0C,0x01,
	0x08,0x10,0x05,0x03,0x00,0x00,0x86,0x0B,
	0x1B,0x7B,0x73,0x11,0x7B,0x73,0x25,0x04,
	0x29,0x7D,0x73,0x00,0x05,0x14,0x0E,0x15,
	0x0F,0x03,0x00,0x00,0x6D,0x0F,0x2F,0x7B,
	0x73,0x20,0x08,0x31,0x7D,0x73,0x00,0x12,
	0x14,0x0E,0x15,0x0F,0x03,0x00,0x00,0x01,
	0x1A,0x2F,0x7B,0x73,0x20,0x09,0x31,0x7D,
	0x73,0x00,0x12,0x15,0x14,0x0C,0x15,0x03,
	0x00,0x00,0x0F,0x36,0x7B,0x73,0x1B,0x89,
	0x11,0x31,0x7F,0x00,0x01,0x1E,0x03,0x0E,
	0x05,0x03,0x13,0x05,0x00,0x00,0x29,0x24,
	0x7B,0x73,0x29,0x04,0x7D,0x00,0x01,0x1E,
	0x0F,0x09,0x14,0x03,0x01,0x06,0x00,0x00,
	0x20,0x12,0x2B,0x7B,0x73,0x31,0x05,0x25,
	0x7D,0x00,0x01,0x1E,0x0F,0x09,0x14,0x03,
	0x05,0x06,0x00,0x00,0x20,0x12,0x2B,0x7B,
	0x73,0x31,0x04,0x25,0x7D,0x00,0x01,0x1E,
	0x09,0x13,0x05,0x0E,0x05,0x07,0x00,0x00,
	0x29,0x12,0x29,0x7B,0x73,0x11,0x20,0x7B,
	0x73,0x04,0x37,0x7D,0x00,0x05,0x08,0x10,
	0x01,0x12,0x07,0x00,0x1E,0x00,0x1A,0x11,
	0x25,0x7B,0x73,0x11,0x1A,0x32,0x7E,0x73,
	0x00,0x01,0x1E,0x09,0x08,0x10,0x01,0x12,
	0x07,0x00,0x1E,0x00,0x31,0x12,0x25,0x7B,
	0x73,0x05,0x1A,0x32,0x7D,0x73,0x00,0x01,
	0x1E,0x14,0x09,0x0C,0x09,0x02,0x09,0x00,
	0x05,0x1E,0x00,0x01,0x2F,0x7B,0x73,0x12,
	0x7B,0x73,0x1B,0x02,0x2E,0x7D,0x73,0x12,
	0x7B,0x00,0x0E,0x12,0x20,0x06,0x01,0x15,
	0x01,0x09,0x01,0x01,0x21,0x04,0x00,0x04,
	0x00,0x01,0x1E,0x14,0x09,0x0C,0x09,0x02,
	0x09,0x00,0x05,0x1E,0x00,0x01,0x2F,0x7B,
	0x73,0x12,0x7B,0x73,0x1B,0x02,0x2E,0x7D,
	0x73,0x12,0x7B,0x00,0x0B,0x03,0x20,0x08,
	0x01,0x15,0x01,0x01,0x01,0x12,0x01,0x0E,
	0x01,0x1E,0x14,0x09,0x0C,0x09,0x02,0x09,
	0x00,0x05,0x1E,0x00,0x01,0x2F,0x7B,0x73,
	0x12,0x7B,0x73,0x1B,0x02,0x2E,0x7D,0x73,
	0x12,0x7B,0x00,0x07,0x0D,0x20,0x04,0x01,
	0x01,0x01,0x15,0x01,0x1E,0x14,0x09,0x0C,
	0x09,0x02,0x09,0x00,0x1E,0x00,0x01,0x2F,
	0x7B,0x73,0x12,0x7B,0x73,0x1B,0x02,0x2E,
	0x7D,0x73,0x12,0x7B,0x73,0x00,0x01,0x1E,
	0x03,0x0E,0x05,0x09,0x03,0x09,0x00,0x00,
	0x01,0x29,0x7B,0x73,0x20,0x12,0x7B,0x73,
	0x2B,0x02,0x7D,0x00,0x01,0x1E,0x15,0x0F,
	0x12,0x05,0x06,0x09,0x00,0x00,0x29,0x11,
	0x7B,0x73,0x0F,0x25,0x7B,0x73,0x02,0x7D,
	0x00,0x01,0x1E,0x0F,0x09,0x14,0x01,0x1A,
	0x09,0x00,0x00,0x20,0x12,0x2B,0x7B,0x73,
	0x03,0x2A,0x7D,0x73,0x12,0x7B,0x00,0x01,
	0x1E,0x03,0x09,0x17,0x05,0x09,0x0B,0x00,
	0x00,0x36,0x02,0x26,0x7B,0x73,0x11,0x31,
	0x7E,0x00,0x01,0x22,0x01,0x12,0x05,0x14,
	0x01,0x0C,0x00,0x00,0x1B,0x11,0x7B,0x73,
	0x0F,0x7B,0x73,0x2F,0x05,0x1B,0x7D,0x00,
	0x01,0x1E,0x01,0x03,0x09,0x07,0x0F,0x0C,
	0x00,0x00,0x1B,0x11,0x31,0x12,0x37,0x7B,
	0x73,0x06,0x1B,0x7D,0x00,0x01,0x1E,0x0E,
	0x09,0x08,0x03,0x01,0x0D,0x00,0x00,0x20,
	0x01,0x2B,0x7D,0x73,0x11,0x1F,0x7B,0x73,
	0x00,0x05,0x14,0x13,0x09,0x05,0x0D,0x00,
	0x00,0x0F,0x7B,0x73,0x2F,0x29,0x07,0x1F,
	0x7F,0x00,0x04,0x09,0x0D,0x08,0x03,0x13,
	0x00,0x00,0x2F,0x02,0x1F,0x2B,0x7F,0x00,
	0x08,0x07,0x15,0x0F,0x08,0x14,0x00,0x00,
	0x2F,0x0A,0x27,0x00,0x05,0x04,0x0E,0x15,
	0x08,0x14,0x00,0x00,0x6E,0x0F,0x30,0x7B,
	0x73,0x20,0x09,0x27,0x00,0x0F,0x09,0x14,
	0x01,0x09,0x14,0x00,0x00,0x20,0x12,0x2B,
	0x7B,0x03,0x7D,0x01,0x2B,0x7B,0x00,0x0C,
	0x02,0x15,0x0F,0x12,0x14,0x00,0x00,0x22,
	0x2E,0x7B,0x73,0x09,0x1A,0x2F,0x7D,0x73,
	0x00,0x05,0x08,0x14,0x01,0x05,0x17,0x00,
	0x00,0x0F,0x28,0x7B,0x73,0x04,0x18,0x7D,
	0x73,0x00,0x15,0x0F,0x05,0x03,0x01,0x00,
	0x00,0x29,0x12,0x2B,0x7B,0x73,0x03,0x7D,
	0x00,0x15,0x0F,0x09,0x03,0x01,0x00,0x00,
	0x29,0x12,0x2B,0x7B,0x73,0x03,0x7D,0x00,
	0x15,0x0F,0x05,0x07,0x01,0x00,0x00,0x29,
	0x12,0x37,0x7B,0x73,0x03,0x7D,0x00,0x01,
	0x1E,0x15,0x0F,0x09,0x12,0x01,0x00,0x00,
	0x29,0x12,0x7B,0x73,0x01,0x7B,0x73,0x1A,
	0x03,0x7D,0x00,0x01,0x1E,0x15,0x0F,0x09,
	0x14,0x01,0x00,0x00,0x29,0x12,0x2B,0x7B,
	0x73,0x03,0x7D,0x00,0x01,0x1E,0x05,0x0B,
	0x03,0x05,0x02,0x00,0x00,0x0F,0x73,0x31,
	0x04,0x2E,0x00,0x05,0x0B,0x03,0x05,0x02,
	0x00,0x00,0x0F,0x73,0x31,0x04,0x2E,0x00,
	0x05,0x07,0x12,0x05,0x02,0x00,0x1E,0x00,
	0x0F,0x73,0x32,0x0F,0x2E,0x73,0x00,0x05,
	0x07,0x12,0x05,0x02,0x00,0x1E,0x00,0x0F,
	0x73,0x32,0x0F,0x2E,0x73,0x00,0x13,0x01,
	0x05,0x12,0x02,0x00,0x1E,0x00,0x2F,0x29,
	0x04,0x1A,0x2E,0x00,0x03,0x0E,0x0F,0x12,
	0x02,0x00,0x00,0x31,0x21,0x06,0x1A,0x2E,
	0x00,0x05,0x07,0x12,0x15,0x02,0x00,0x1E,
	0x00,0x0F,0x32,0x7B,0x73,0x0F,0x2E,0x7F,
	0x00,0x01,0x1E,0x09,0x04,0x12,0x01,0x03,
	0x00,0x00,0x0B,0x7B,0x73,0x01,0x30,0x7B,
	0x73,0x1A,0x06,0x31,0x7C,0x73,0x00,0x01,
	0x22,0x10,0x0D,0x01,0x08,0x03,0x00,0x00,
	0x2D,0x1F,0x0A,0x2B,0x00,0x01,0x22,0x0B,
	0x0E,0x05,0x08,0x03,0x00,0x00,0x0B,0x31,
	0x21,0x04,0x36,0x00,0x01,0x22,0x05,0x12,
	0x0F,0x08,0x03,0x00,0x00,0x86,0x11,0x01,
	0x1A,0x0B,0x31,0x00,0x0D,0x0F,0x12,0x08,
	0x03,0x00,0x00,0x1F,0x0B,0x1A,0x31,0x7B,
	0x00,0x01,0x1E,0x0C,0x0C,0x01,0x09,0x03,
	0x00,0x00,0x01,0x7B,0x73,0x1B,0x11,0x2B,
	0x00,0x01,0x1E,0x15,0x03,0x12,0x09,0x03,
	0x00,0x00,0x1F,0x89,0x11,0x31,0x0F,0x29,
	0x00,0x15,0x0F,0x0C,0x0F,0x03,0x00,0x1E,
	0x00,0x0F,0x7B,0x73,0x1B,0x09,0x31,0x7B,
	0x73,0x00,0x01,0x1E,0x0F,0x0D,0x0D,0x0F,
	0x03,0x00,0x00,0x20,0x11,0x7B,0x73,0x1F,
	0x06,0x31,0x7D,0x73,0x00,0x09,0x04,0x05,
	0x12,0x03,0x00,0x00,0x2F,0x12,0x30,0x7B,
	0x73,0x04,0x1A,0x31,0x73,0x00,0x09,0x0D,
	0x09,0x12,0x03,0x00,0x00,0x20,0x12,0x1F,
	0x7B,0x73,0x02,0x1A,0x31,0x73,0x00,0x14,
	0x10,0x19,0x12,0x03,0x00,0x00,0x86,0x11,
	0x73,0x2F,0x2D,0x02,0x1A,0x31,0x00,0x05,
	0x06,0x12,0x0F,0x04,0x00,0x00,0x0F,0x73,
	0x25,0x1A,0x0A,0x30,0x00,0x05,0x06,0x12,
	0x0F,0x04,0x00,0x00,0x0F,0x73,0x25,0x1A,
	0x0A,0x30,0x00,0x0E,0x09,0x0E,0x05,0x05,
	0x00,0x00,0x21,0x12,0x20,0x01,0x00,0x01,
	0x1E,0x19,0x12,0x02,0x0D,0x05,0x00,0x00,
	0x86,0x0B,0x01,0x1A,0x2E,0x1F,0x04,0x00,
	0x01,0x09,0x0E,0x0E,0x05,0x00,0x1E,0x00,
	0x1B,0x11,0x7B,0x73,0x01,0x7B,0x73,0x20,
	0x04,0x7D,0x73,0x00,0x01,0x1E,0x0E,0x05,
	0x03,0x13,0x05,0x00,0x00,0x2F,0x24,0x7B,
	0x73,0x29,0x04,0x7D,0x00,0x01,0x1E,0x03,
	0x14,0x09,0x16,0x05,0x00,0x00,0x36,0x02,
	0x26,0x73,0x03,0x00,0x01,0x22,0x03,0x14,
	0x09,0x16,0x05,0x00,0x00,0x36,0x02,0x26,
	0x73,0x03,0x00,0x01,0x22,0x03,0x14,0x09,
	0x17,0x05,0x00,0x00,0x36,0x02,0x26,0x73,
	0x03,0x00,0x01,0x22,0x05,0x04,0x0C,0x05,
	0x06,0x00,0x00,0x0F,0x73,0x30,0x1B,0x04,
	0x25,0x00,0x05,0x04,0x0C,0x05,0x06,0x00,
	0x00,0x0F,0x73,0x30,0x1B,0x04,0x25,0x00,
	0x0C,0x0B,0x0E,0x09,0x06,0x00,0x00,0x1B,
	0x11,0x73,0x31,0x21,0x02,0x25,0x00,0x0C,
	0x0B,0x0E,0x09,0x06,0x00,0x00,0x22,0x73,
	0x31,0x21,0x02,0x25,0x00,0x15,0x0F,0x0D,
	0x01,0x07,0x00,0x00,0x29,0x11,0x1F,0x7B,
	0x73,0x11,0x32,0x7E,0x00,0x08,0x10,0x01,
	0x12,0x07,0x00,0x1E,0x00,0x01,0x25,0x7B,
	0x73,0x11,0x1A,0x32,0x7E,0x73,0x00,0x01,
	0x1E,0x03,0x05,0x0E,0x19,0x07,0x00,0x00,
	0x86,0x11,0x31,0x11,0x20,0x07,0x32,0x00,
	0x05,0x13,0x15,0x01,0x08,0x00,0x00,0x20,
	0x11,0x73,0x2A,0x08,0x1C,0x00,0x05,0x13,
	0x15,0x01,0x08,0x00,0x00,0x20,0x11,0x73,
	0x2A,0x08,0x1C,0x00,0x05,0x13,0x15,0x01,
	0x08,0x00,0x00,0x0F,0x73,0x2A,0x08,0x1C,
	0x00,0x05,0x13,0x15,0x01,0x08,0x00,0x00,
	0x0F,0x73,0x2A,0x08,0x1C,0x00,0x12,0x05,
	0x14,0x05,0x08,0x00,0x00,0x86,0x11,0x1A,
	0x7B,0x73,0x11,0x2F,0x7B,0x73,0x04,0x1C,
	0x00,0x01,0x22,0x05,0x06,0x06,0x0F,0x08,
	0x00,0x00,0x0F,0x73,0x25,0x0A,0x1C,0x00,
	0x05,0x06,0x06,0x0F,0x08,0x00,0x00,0x0F,
	0x73,0x25,0x0A,0x1C,0x00,0x0F,0x09,0x14,
	0x01,0x09,0x00,0x00,0x20,0x12,0x2B,0x7B,
	0x73,0x03,0x7D,0x73,0x01,0x7B,0x00,0x10,
	0x20,0x04,0x01,0x0C,0x01,0x14,0x21,0x02,
	0x00,0x02,0x00,0x21,0x04,0x00,0x04,0x00,
	0x01,0x1E,0x0F,0x09,0x14,0x01,0x09,0x00,
	0x05,0x1E,0x00,0x20,0x12,0x2B,0x7B,0x73,
	0x03,0x7D,0x73,0x01,0x7B,0x73,0x00,0x01,
	0x1E,0x01,0x04,0x09,0x03,0x09,0x00,0x1E,
	0x00,0x22,0x7B,0x73,0x30,0x07,0x29,0x7D,
	0x73,0x11,0x7B,0x73,0x00,0x01,0x1E,0x15,
	0x0F,0x09,0x03,0x09,0x00,0x00,0x29,0x12,
	0x7B,0x73,0x2B,0x02,0x7D,0x00,0x01,0x1E,
	0x15,0x0F,0x09,0x04,0x09,0x00,0x00,0x29,
	0x12,0x7B,0x73,0x01,0x7B,0x73,0x30,0x02,
	0x7D,0x00,0x01,0x1E,0x03,0x09,0x17,0x05,
	0x09,0x00,0x00,0x36,0x02,0x26,0x11,0x7E,
	0x00,0x01,0x22,0x15,0x0F,0x09,0x0C,0x09,
	0x00,0x00,0x29,0x12,0x7B,0x73,0x01,0x7B,
	0x73,0x1B,0x02,0x7D,0x00,0x01,0x1E,0x01,
	0x08,0x07,0x0E,0x09,0x00,0x00,0x1F,0x05,
	0x1C,0x7B,0x73,0x21,0x12,0x7B,0x00,0x01,
	0x1E,0x0F,0x14,0x07,0x0E,0x09,0x00,0x1E,
	0x00,0x20,0x11,0x2F,0x7B,0x73,0x21,0x12,
	0x7B,0x73,0x00,0x01,0x1E,0x0D,0x09,0x13,
	0x13,0x09,0x00,0x00,0x0B,0x1F,0x7B,0x73,
	0x01,0x29,0x7B,0x73,0x01,0x7D,0x00,0x01,
	0x1E,0x15,0x0F,0x09,0x14,0x09,0x00,0x00,
	0x29,0x12,0x7B,0x73,0x2B,0x02,0x7D,0x00,
	0x01,0x1E,0x13,0x09,0x07,0x0F,0x0C,0x00,
	0x00,0x2F,0x29,0x12,0x37,0x7B,0x73,0x11,
	0x1B,0x7E,0x00,0x01,0x1E,0x1A,0x09,0x07,
	0x0F,0x0C,0x00,0x1E,0x00,0x2A,0x07,0x37,
	0x7B,0x73,0x11,0x1B,0x7E,0x73,0x00,0x01,
	0x1E,0x05,0x14,0x13,0x01,0x0D,0x00,0x1E,
	0x00,0x0F,0x2F,0x7B,0x73,0x29,0x05,0x1F,
	0x7C,0x73,0x00,0x01,0x1E,0x01,0x08,0x03,
	0x05,0x0D,0x00,0x00,0x20,0x85,0x11,0x31,
	0x73,0x84,0x12,0x1F,0x00,0x01,0x14,0x0E,
	0x05,0x0D,0x00,0x00,0x22,0x7B,0x73,0x2F,
	0x20,0x04,0x1F,0x7D,0x00,0x01,0x1E,0x09,
	0x12,0x14,0x05,0x0D,0x00,0x1E,0x00,0x31,
	0x12,0x1A,0x2F,0x7B,0x73,0x04,0x1F,0x7D,
	0x73,0x00,0x01,0x1E,0x0C,0x04,0x04,0x09,
	0x0D,0x00,0x00,0x22,0x30,0x02,0x1F,0x00,
	0x05,0x0C,0x03,0x15,0x0E,0x00,0x00,0x0B,
	0x01,0x1B,0x31,0x0E,0x20,0x00,0x03,0x01,
	0x12,0x03,0x0F,0x00,0x00,0x01,0x29,0x7B,
	0x73,0x11,0x1A,0x31,0x7B,0x73,0x06,0x7D,
	0x00,0x01,0x1E,0x03,0x0E,0x05,0x0C,0x0F,
	0x00,0x1E,0x00,0x29,0x20,0x11,0x7B,0x73,
	0x22,0x7E,0x73,0x00,0x01,0x1E,0x05,0x14,
	0x05,0x0D,0x0F,0x00,0x00,0x0F,0x2F,0x7B,
	0x73,0x11,0x1F,0x7B,0x73,0x06,0x7D,0x73,
	0x00,0x09,0x02,0x0F,0x08,0x10,0x00,0x00,
	0x11,0x7B,0x73,0x01,0x7B,0x73,0x2E,0x0B,
	0x25,0x7D,0x00,0x01,0x1E,0x09,0x03,0x09,
	0x0C,0x10,0x00,0x00,0x2F,0x12,0x7B,0x73,
	0x29,0x02,0x1B,0x2D,0x7D,0x00,0x01,0x1E,
	0x03,0x09,0x0C,0x0F,0x10,0x00,0x00,0x29,
	0x01,0x7D,0x73,0x22,0x2D,0x7B,0x73,0x00,
	0x0F,0x0C,0x15,0x0F,0x10,0x00,0x00,0x29,
	0x12,0x7B,0x73,0x22,0x2D,0x7E,0x00,0x01,
	0x22,0x04,0x15,0x05,0x13,0x10,0x00,0x00,
	0x0B,0x30,0x0E,0x29,0x00,0x08,0x03,0x19,
	0x13,0x10,0x00,0x00,0x86,0x11,0x31,0x07,
	0x29,0x00,0x15,0x12,0x15,0x01,0x13,0x00,
	0x00,0x29,0x11,0x7B,0x73,0x1A,0x0A,0x29,
	0x7F,0x00,0x01,0x1E,0x0F,0x0F,0x08,0x03,
	0x13,0x00,0x1E,0x00,0x1B,0x0E,0x31,0x29,
	0x00,0x15,0x0F,0x09,0x03,0x13,0x00,0x00,
	0x29,0x12,0x2B,0x7E,0x00,0x01,0x1E,0x09,
	0x10,0x0F,0x03,0x13,0x00,0x00,0x31,0x12,
	0x2D,0x7B,0x73,0x06,0x31,0x29,0x7D,0x00,
	0x01,0x1E,0x0D,0x13,0x09,0x05,0x13,0x00,
	0x00,0x86,0x0B,0x1F,0x2A,0x07,0x29,0x00,
	0x05,0x16,0x0C,0x05,0x13,0x00,0x1E,0x00,
	0x2A,0x26,0x1B,0x04,0x29,0x7D,0x73,0x00,
	0x01,0x1E,0x05,0x16,0x05,0x0F,0x13,0x00,
	0x1E,0x00,0x0F,0x7B,0x73,0x26,0x04,0x7D,
	0x73,0x0B,0x29,0x7B,0x73,0x00,0x01,0x1E,
	0x12,0x05,0x08,0x10,0x13,0x00,0x1E,0x00,
	0x1A,0x01,0x25,0x29,0x7C,0x73,0x00,0x01,
	0x1E,0x05,0x12,0x05,0x14,0x13,0x00,0x00,
	0x86,0x0B,0x7B,0x73,0x01,0x7B,0x73,0x1A,
	0x03,0x2F,0x29,0x73,0x00,0x0C,0x0C,0x01,
	0x15,0x13,0x00,0x00,0x01,0x22,0x7B,0x73,
	0x0E,0x2C,0x7B,0x00,0x01,0x1E,0x0F,0x02,
	0x0D,0x19,0x13,0x00,0x00,0x1B,0x86,0x11,
	0x2E,0x1F,0x82,0x12,0x29,0x00,0x0D,0x12,
	0x05,0x08,0x14,0x00,0x00,0x86,0x0B,0x1F,
	0x0F,0x27,0x00,0x0E,0x09,0x0B,0x01,0x14,
	0x00,0x1E,0x00,0x21,0x12,0x7B,0x73,0x31,
	0x03,0x2F,0x7B,0x73,0x00,0x01,0x1E,0x09,
	0x13,0x05,0x08,0x14,0x00,0x00,0x29,0x12,
	0x29,0x7B,0x73,0x81,0x12,0x27,0x7E,0x00,
	0x01,0x1E,0x0C,0x0C,0x01,0x09,0x14,0x00,
	0x00,0x01,0x7B,0x73,0x1B,0x11,0x2B,0x00,
	0x01,0x1E,0x0C,0x0C,0x01,0x15,0x14,0x00,
	0x00,0x01,0x22,0x7B,0x73,0x0E,0x36,0x7B,
	0x00,0x01,0x1E,0x14,0x09,0x0C,0x01,0x15,
	0x00,0x00,0x01,0x7B,0x73,0x2F,0x12,0x7B,
	0x73,0x1B,0x05,0x7D,0x73,0x0E,0x7B,0x00,
	0x01,0x1E,0x05,0x04,0x0E,0x01,0x16,0x00,
	0x00,0x20,0x11,0x30,0x73,0x20,0x05,0x26,
	0x00,0x01,0x22,0x05,0x04,0x0E,0x01,0x16,
	0x00,0x00,0x20,0x11,0x30,0x73,0x20,0x05,
	0x26,0x00,0x01,0x22,0x05,0x04,0x0E,0x01,
	0x16,0x00,0x00,0x0F,0x30,0x73,0x20,0x05,
	0x26,0x00,0x01,0x22,0x05,0x04,0x0E,0x01,
	0x16,0x00,0x00,0x0F,0x30,0x73,0x20,0x05,
	0x26,0x00,0x01,0x22,0x08,0x14,0x12,0x0F,
	0x17,0x00,0x1E,0x00,0x01,0x28,0x7B,0x73,
	0x0F,0x18,0x7B,0x73,0x00,0x01,0x1E,0x09,
	0x0D,0x05,0x01,0x00,0x00,0x11,0x7B,0x73,
	0x01,0x7B,0x73,0x1F,0x01,0x7D,0x73,0x00,
	0x01,0x1E,0x12,0x0F,0x06,0x01,0x00,0x00,
	0x1A,0x0B,0x25,0x11,0x00,0x05,0x14,0x06,
	0x01,0x00,0x1E,0x00,0x0F,0x2F,0x25,0x05,
	0x00,0x14,0x09,0x0C,0x01,0x00,0x00,0x01,
	0x7B,0x73,0x2F,0x12,0x7B,0x73,0x1B,0x05,
	0x7D,0x00,0x05,0x21,0x00,0x80,0x00,0x80,
	0x01,0x1E,0x0B,0x13,0x0C,0x01,0x00,0x00,
	0x01,0x31,0x29,0x73,0x1B,0x06,0x73,0x00,
	0x01,0x22,0x0B,0x13,0x0C,0x01,0x00,0x00,
	0x01,0x31,0x29,0x73,0x1B,0x06,0x73,0x00,
	0x01,0x22,0x08,0x10,0x0C,0x01,0x00,0x00,
	0x11,0x25,0x1B,0x05,0x00,0x08,0x10,0x0D,
	0x01,0x00,0x00,0x82,0x12,0x25,0x1F,0x05,
	0x00,0x0C,0x07,0x0E,0x01,0x00,0x00,0x8B,
	0x11,0x1B,0x32,0x20,0x05,0x00,0x0B,0x13,
	0x0E,0x01,0x00,0x00,0x01,0x31,0x29,0x7B,
	0x73,0x20,0x05,0x7D,0x00,0x01,0x22,0x08,
	0x03,0x12,0x01,0x00,0x00,0x01,0x31,0x7B,
	0x73,0x1A,0x06,0x7F,0x00,0x01,0x1E,0x01,
	0x09,0x12,0x01,0x00,0x00,0x20,0x11,0x7B,
	0x73,0x01,0x7B,0x73,0x1A,0x03,0x7D,0x00,
	0x01,0x1E,0x0C,0x09,0x12,0x01,0x00,0x00,
	0x01,0x7B,0x73,0x22,0x7B,0x73,0x1A,0x03,
	0x7D,0x00,0x05,0x21,0x04,0x00,0x04,0x00,
	0x01,0x1E,0x12,0x14,0x13,0x01,0x00,0x00,
	0x0B,0x1A,0x2F,0x29,0x05,0x00,0x12,0x14,
	0x13,0x01,0x00,0x00,0x86,0x11,0x1A,0x2F,
	0x29,0x85,0x11,0x00,0x0F,0x09,0x14,0x01,
	0x00,0x00,0x20,0x12,0x2B,0x7B,0x73,0x03,
	0x7D,0x00,0x01,0x1E,0x16,0x09,0x14,0x01,
	0x00,0x00,0x26,0x12,0x2F,0x03,0x00,0x0A,
	0x1F,0x01,0x63,0x05,0x21,0x04,0x00,0x04,
	0x00,0x22,0x01,0x1E,0x16,0x09,0x14,0x01,
	0x00,0x00,0x26,0x12,0x2F,0x7B,0x73,0x12,
	0x7B,0x73,0x00,0x01,0x1E,0x12,0x0F,0x14,
	0x01,0x00,0x00,0x01,0x7B,0x73,0x1A,0x0B,
	0x7B,0x73,0x2F,0x11,0x7B,0x73,0x00,0x01,
	0x1E,0x09,0x12,0x14,0x01,0x00,0x1E,0x00,
	0x31,0x12,0x1A,0x2F,0x7B,0x73,0x05,0x7D,
	0x73,0x00,0x01,0x1E,0x0B,0x13,0x17,0x01,
	0x00,0x00,0x01,0x31,0x29,0x73,0x25,0x06,
	0x7D,0x00,0x01,0x22,0x0B,0x13,0x17,0x01,
	0x00,0x00,0x01,0x31,0x29,0x73,0x25,0x06,
	0x00,0x01,0x22,0x07,0x15,0x01,0x02,0x00,
	0x00,0x0A,0x2E,0x7F,0x73,0x00,0x07,0x15,
	0x01,0x02,0x00,0x00,0x08,0x2E,0x00,0x12,
	0x12,0x05,0x02,0x00,0x1E,0x00,0x01,0x1A,
	0x7B,0x73,0x03,0x2E,0x7B,0x73,0x00,0x01,
	0x1E,0x07,0x12,0x15,0x02,0x00,0x00,0x32,
	0x0F,0x2E,0x00,0x07,0x12,0x15,0x02,0x00,
	0x00,0x32,0x0F,0x2E,0x00,0x0F,0x0F,0x0C,
	0x02,0x00,0x1E,0x00,0x30,0x09,0x1B,0x2E,
	0x00,0x12,0x01,0x0F,0x02,0x00,0x1E,0x00,
	0x30,0x1A,0x0B,0x2E,0x00,0x01,0x05,0x12,
	0x02,0x00,0x1E,0x00,0x31,0x03,0x1A,0x2E,
	0x00,0x01,0x0F,0x12,0x02,0x00,0x00,0x30,
	0x0A,0x1A,0x2E,0x00,0x16,0x09,0x05,0x03,
	0x00,0x00,0x26,0x01,0x29,0x7D,0x73,0x00,
	0x14,0x0E,0x05,0x03,0x00,0x00,0x11,0x2F,
	0x20,0x04,0x29,0x00,0x0D,0x01,0x08,0x03,
	0x00,0x00,0x2D,0x1F,0x05,0x2B,0x00,0x01,
	0x22,0x0D,0x01,0x08,0x03,0x00,0x00,0x2D,
	0x1F,0x0A,0x2B,0x00,0x01,0x22,0x12,0x01,
	0x08,0x03,0x00,0x00,0x11,0x1A,0x05,0x31,
	0x00,0x14,0x0E,0x05,0x03,0x00,0x00,0x11,
	0x2F,0x20,0x04,0x29,0x00,0x0C,0x09,0x08,
	0x03,0x00,0x1E,0x00,0x30,0x1B,0x07,0x36,
	0x00,0x12,0x0F,0x08,0x03,0x00,0x00,0x30,
	0x1A,0x0B,0x31,0x7F,0x00,0x01,0x1E,0x0E,
	0x05,0x09,0x03,0x00,0x00,0x2F,0x20,0x12,
	0x2B,0x7E,0x00,0x01,0x1E,0x15,0x0F,0x09,
	0x03,0x00,0x00,0x29,0x12,0x2B,0x7E,0x73,
	0x00,0x01,0x1E,0x13,0x0F,0x0C,0x03,0x00,
	0x00,0x2A,0x0B,0x1B,0x31,0x7D,0x73,0x00,
	0x15,0x05,0x0F,0x03,0x00,0x00,0x0F,0x31,
	0x00,0x15,0x05,0x0F,0x03,0x00,0x00,0x0F,
	0x31,0x00,0x0F,0x0C,0x0F,0x03,0x00,0x1E,
	0x00,0x0F,0x7B,0x73,0x1B,0x09,0x31,0x7B,
	0x73,0x00,0x01,0x1E,0x12,0x15,0x0F,0x03,
	0x00,0x00,0x2F,0x0F,0x31,0x7D,0x73,0x00,
	0x01,0x05,0x12,0x15,0x0F,0x03,0x00,0x00,
	0x2F,0x1A,0x0B,0x31,0x7D,0x73,0x00,0x05,
	0x16,0x0F,0x03,0x00,0x00,0x0F,0x26,0x7B,
	0x73,0x09,0x31,0x7D,0x73,0x00,0x06,0x01,
	0x12,0x03,0x00,0x1E,0x00,0x2F,0x25,0x05,
	0x1A,0x31,0x00,0x0C,0x03,0x19,0x03,0x00,
	0x1E,0x00,0x1B,0x11,0x31,0x7B,0x73,0x12,
	0x29,0x73,0x00,0x06,0x21,0x00,0x80,0x00,
	0x80,0x22,0x01,0x1E,0x0C,0x03,0x19,0x03,
	0x00,0x1E,0x00,0x1B,0x11,0x31,0x7B,0x73,
	0x07,0x29,0x7F,0x73,0x00,0x01,0x1E,0x0C,
	0x0C,0x05,0x04,0x00,0x00,0x1B,0x04,0x30,
	0x00,0x01,0x22,0x0C,0x0C,0x05,0x04,0x00,
	0x00,0x1B,0x04,0x30,0x00,0x01,0x22,0x0C,
	0x0C,0x05,0x04,0x00,0x00,0x86,0x11,0x1B,
	0x73,0x04,0x30,0x00,0x01,0x22,0x0C,0x0C,
	0x05,0x04,0x00,0x00,0x86,0x11,0x1B,0x73,
	0x04,0x30,0x00,0x01,0x22,0x0C,0x0C,0x05,
	0x04,0x00,0x00,0x11,0x1B,0x73,0x04,0x30,
	0x00,0x01,0x22,0x0C,0x0C,0x05,0x04,0x00,
	0x00,0x11,0x1B,0x73,0x04,0x30,0x00,0x01,
	0x22,0x0C,0x15,0x01,0x05,0x00,0x00,0x0B,
	0x7D,0x00,0x01,0x22,0x0C,0x0C,0x09,0x05,
	0x00,0x00,0x03,0x00,0x0C,0x0C,0x09,0x05,
	0x00,0x00,0x03,0x00,0x0E,0x09,0x0E,0x05,
	0x00,0x05,0x1E,0x00,0x21,0x12,0x7B,0x73,
	0x20,0x11,0x7B,0x73,0x00,0x17,0x20,0x10,
	0x01,0x16,0x01,0x04,0x01,0x0B,0x01,0x10,
	0x01,0x12,0x01,0x0D,0x01,0x14,0x01,0x13,
	0x21,0x02,0x00,0x02,0x00,0x01,0x1E,0x0E,
	0x09,0x0E,0x05,0x00,0x00,0x21,0x12,0x7B,
	0x73,0x20,0x11,0x7B,0x73,0x00,0x14,0x09,
	0x12,0x05,0x00,0x00,0x01,0x2F,0x11,0x7B,
	0x73,0x1A,0x04,0x7D,0x00,0x01,0x1E,0x0F,
	0x09,0x14,0x05,0x00,0x00,0x20,0x12,0x2B,
	0x7B,0x73,0x01,0x7D,0x00,0x01,0x1E,0x12,
	0x05,0x16,0x05,0x00,0x00,0x01,0x1A,0x7B,
	0x73,0x26,0x04,0x7D,0x73,0x00,0x0B,0x13,
	0x17,0x05,0x00,0x00,0x01,0x31,0x29,0x73,
	0x25,0x04,0x7D,0x00,0x01,0x22,0x0B,0x13,
	0x17,0x05,0x00,0x00,0x01,0x31,0x29,0x73,
	0x25,0x04,0x00,0x01,0x22,0x12,0x14,0x18,
	0x05,0x00,0x00,0x85,0x11,0x1A,0x2F,0x29,
	0x31,0x04,0x00,0x05,0x02,0x09,0x06,0x00,
	0x00,0x0F,0x2E,0x07,0x25,0x7D,0x73,0x00,
	0x12,0x02,0x09,0x06,0x00,0x00,0x0F,0x2E,
	0x07,0x25,0x7D,0x73,0x00,0x0F,0x15,0x0C,
	0x06,0x00,0x00,0x1A,0x8E,0x11,0x1B,0x25,
	0x00,0x0C,0x0C,0x15,0x06,0x00,0x1E,0x00,
	0x01,0x7B,0x73,0x1B,0x8D,0x11,0x25,0x7B,
	0x73,0x00,0x01,0x1E,0x12,0x01,0x01,0x07,
	0x00,0x00,0x30,0x1A,0x06,0x32,0x7F,0x00,
	0x01,0x22,0x12,0x01,0x01,0x07,0x00,0x00,
	0x30,0x1A,0x06,0x32,0x00,0x01,0x22,0x09,
	0x0E,0x05,0x07,0x00,0x00,0x31,0x12,0x7B,
	0x73,0x20,0x04,0x37,0x7D,0x73,0x00,0x01,
	0x1E,0x09,0x0C,0x08,0x07,0x00,0x00,0x20,
	0x02,0x1B,0x73,0x31,0x00,0x01,0x22,0x0C,
	0x02,0x09,0x07,0x00,0x00,0x22,0x2E,0x7B,
	0x73,0x82,0x12,0x37,0x7B,0x73,0x00,0x13,
	0x01,0x0C,0x07,0x00,0x00,0x29,0x05,0x1B,
	0x32,0x7B,0x73,0x00,0x0E,0x09,0x0F,0x07,
	0x00,0x1E,0x00,0x21,0x12,0x0B,0x32,0x7B,
	0x73,0x00,0x01,0x1E,0x01,0x0E,0x0F,0x07,
	0x00,0x00,0x22,0x7B,0x73,0x20,0x11,0x32,
	0x7E,0x00,0x01,0x1E,0x04,0x01,0x12,0x07,
	0x00,0x00,0x30,0x03,0x1A,0x32,0x7B,0x00,
	0x01,0x1E,0x0E,0x01,0x12,0x07,0x00,0x00,
	0x30,0x20,0x05,0x1A,0x32,0x7D,0x73,0x00,
	0x10,0x01,0x12,0x07,0x00,0x1E,0x00,0x25,
	0x05,0x1A,0x32,0x7F,0x73,0x00,0x01,0x1E,
	0x01,0x05,0x12,0x07,0x00,0x00,0x2F,0x03,
	0x1A,0x32,0x00,0x04,0x0E,0x01,0x08,0x00,
	0x00,0x01,0x30,0x20,0x05,0x1C,0x00,0x01,
	0x22,0x09,0x0C,0x05,0x08,0x00,0x00,0x0B,
	0x01,0x1B,0x01,0x1C,0x00,0x05,0x0D,0x0F,
	0x08,0x00,0x00,0x0B,0x01,0x1F,0x0B,0x1C,
	0x00,0x06,0x20,0x04,0x01,0x10,0x01,0x13,
	0x0F,0x0E,0x0F,0x08,0x00,0x00,0x0F,0x7B,
	0x73,0x20,0x06,0x00,0x13,0x12,0x0F,0x08,
	0x00,0x00,0x2F,0x29,0x1A,0x0B,0x1C,0x00,
	0x13,0x12,0x0F,0x08,0x00,0x00,0x2F,0x29,
	0x1A,0x0B,0x1C,0x00,0x12,0x01,0x05,0x08,
	0x00,0x1E,0x00,0x2F,0x1A,0x06,0x1C,0x00,
	0x13,0x12,0x0F,0x08,0x00,0x1E,0x00,0x29,
	0x1A,0x0B,0x1C,0x00,0x13,0x15,0x0F,0x08,
	0x00,0x1E,0x00,0x29,0x08,0x1C,0x6D,0x00,
	0x01,0x0D,0x15,0x08,0x00,0x00,0x20,0x85,
	0x11,0x1F,0x10,0x1C,0x00,0x12,0x04,0x19,
	0x08,0x00,0x00,0x86,0x11,0x1A,0x30,0x7B,
	0x73,0x07,0x1C,0x7D,0x73,0x00,0x05,0x10,
	0x19,0x08,0x00,0x00,0x1A,0x11,0x2D,0x07,
	0x1C,0x00,0x0E,0x10,0x19,0x08,0x00,0x00,
	0x86,0x12,0x20,0x2D,0x02,0x1C,0x00,0x0C,
	0x02,0x01,0x09,0x00,0x19,0x1E,0x00,0x22,
	0x2E,0x7B,0x73,0x11,0x7B,0x73,0x00,0x01,
	0x1E,0x0C,0x0C,0x01,0x09,0x00,0x00,0x01,
	0x1B,0x11,0x7B,0x73,0x01,0x7B,0x00,0x01,
	0x1E,0x0F,0x14,0x01,0x09,0x00,0x05,0x1E,
	0x00,0x0F,0x2F,0x7B,0x73,0x03,0x7B,0x73,
	0x01,0x7E,0x73,0x00,0x13,0x20,0x06,0x01,
	0x16,0x01,0x03,0x01,0x04,0x21,0x02,0x00,
	0x02,0x00,0x21,0x04,0x00,0x04,0x00,0x1E,
	0x01,0x1E,0x0F,0x14,0x01,0x09,0x00,0x00,
	0x0F,0x2F,0x7B,0x73,0x03,0x7B,0x73,0x01,
	0x7E,0x00,0x01,0x1E,0x04,0x09,0x03,0x09,
	0x00,0x00,0x30,0x07,0x29,0x7B,0x73,0x11,
	0x7E,0x73,0x00,0x01,0x1E,0x0E,0x05,0x04,
	0x09,0x00,0x00,0x2F,0x24,0x30,0x7B,0x73,
	0x11,0x7E,0x73,0x00,0x01,0x1E,0x0C,0x0C,
	0x05,0x09,0x00,0x00,0x1B,0x04,0x7D,0x73,
	0x01,0x7B,0x00,0x01,0x22,0x0C,0x0C,0x05,
	0x09,0x00,0x00,0x1B,0x04,0x73,0x01,0x73,
	0x00,0x01,0x22,0x03,0x0E,0x05,0x09,0x00,
	0x05,0x1E,0x00,0x29,0x20,0x11,0x73,0x01,
	0x7E,0x73,0x00,0x0A,0x20,0x08,0x01,0x12,
	0x01,0x14,0x01,0x0E,0x01,0x04,0x01,0x1E,
	0x03,0x0E,0x05,0x09,0x00,0x00,0x29,0x20,
	0x11,0x73,0x01,0x7E,0x00,0x01,0x1E,0x0B,
	0x0E,0x05,0x09,0x00,0x00,0x0B,0x31,0x21,
	0x04,0x01,0x00,0x01,0x22,0x0E,0x0E,0x05,
	0x09,0x00,0x00,0x20,0x04,0x7D,0x73,0x01,
	0x7B,0x00,0x01,0x1E,0x12,0x12,0x05,0x09,
	0x00,0x00,0x1A,0x03,0x01,0x00,0x01,0x22,
	0x14,0x09,0x0C,0x09,0x00,0x00,0x01,0x7B,
	0x73,0x2F,0x12,0x7B,0x73,0x1B,0x02,0x7D,
	0x00,0x01,0x1E,0x13,0x05,0x0E,0x09,0x00,
	0x19,0x1E,0x00,0x29,0x12,0x20,0x7B,0x00,
	0x01,0x1E,0x05,0x14,0x0E,0x09,0x00,0x00,
	0x74,0x0F,0x2F,0x20,0x82,0x12,0x00,0x01,
	0x22,0x0F,0x14,0x0E,0x09,0x00,0x00,0x20,
	0x11,0x2F,0x20,0x82,0x12,0x7F,0x00,0x01,
	0x22,0x12,0x14,0x0E,0x09,0x00,0x00,0x85,
	0x11,0x1A,0x2F,0x20,0x82,0x12,0x00,0x12,
	0x14,0x0E,0x09,0x00,0x00,0x11,0x1A,0x2F,
	0x7B,0x73,0x20,0x82,0x12,0x7B,0x73,0x00,
	0x09,0x14,0x13,0x09,0x00,0x1E,0x00,0x31,
	0x12,0x2F,0x7B,0x73,0x29,0x02,0x7D,0x73,
	0x00,0x01,0x1E,0x0F,0x09,0x14,0x09,0x00,
	0x1E,0x00,0x20,0x12,0x2B,0x7B,0x73,0x02,
	0x7D,0x73,0x00,0x01,0x1E,0x16,0x09,0x14,
	0x09,0x00,0x00,0x26,0x12,0x7B,0x73,0x2F,
	0x12,0x7E,0x00,0x01,0x1E,0x15,0x0F,0x14,
	0x09,0x00,0x00,0x29,0x12,0x7B,0x73,0x2F,
	0x12,0x7E,0x00,0x01,0x1E,0x07,0x15,0x01,
	0x0C,0x00,0x1E,0x00,0x74,0x25,0x05,0x1B,
	0x00,0x01,0x07,0x05,0x0C,0x00,0x00,0x1B,
	0x11,0x73,0x32,0x01,0x1B,0x73,0x00,0x08,
	0x07,0x09,0x0C,0x00,0x1E,0x00,0x74,0x2F,
	0x07,0x1B,0x00,0x05,0x14,0x09,0x0C,0x00,
	0x00,0x0F,0x2F,0x7B,0x73,0x01,0x1B,0x7F,
	0x00,0x01,0x1E,0x08,0x14,0x09,0x0C,0x00,
	0x00,0x86,0x11,0x7B,0x73,0x27,0x02,0x1B,
	0x7B,0x73,0x00,0x12,0x14,0x09,0x0C,0x00,
	0x00,0x0F,0x2F,0x7B,0x73,0x01,0x1B,0x7F,
	0x00,0x01,0x1E,0x09,0x07,0x0F,0x0C,0x00,
	0x1E,0x00,0x31,0x12,0x37,0x7B,0x73,0x06,
	0x1B,0x7D,0x73,0x00,0x01,0x1E,0x09,0x13,
	0x19,0x0C,0x00,0x00,0x29,0x12,0x29,0x7B,
	0x73,0x12,0x1B,0x7E,0x00,0x01,0x1E,0x12,
	0x03,0x01,0x0D,0x00,0x00,0x0B,0x1A,0x31,
	0x05,0x1F,0x00,0x05,0x0B,0x01,0x0D,0x00,
	0x1E,0x00,0x0F,0x7B,0x73,0x31,0x03,0x1F,
	0x7E,0x73,0x00,0x01,0x1E,0x05,0x09,0x05,
	0x0D,0x00,0x00,0x0F,0x73,0x07,0x1F,0x00,
	0x05,0x09,0x05,0x0D,0x00,0x00,0x0F,0x73,
	0x07,0x1F,0x00,0x05,0x14,0x05,0x0D,0x00,
	0x1E,0x00,0x1A,0x11,0x2F,0x7B,0x73,0x81,
	0x12,0x1F,0x7E,0x73,0x00,0x01,0x1E,0x12,
	0x14,0x05,0x0D,0x00,0x1E,0x00,0x1A,0x11,
	0x2F,0x7B,0x73,0x81,0x12,0x1F,0x7E,0x73,
	0x00,0x01,0x1E,0x12,0x14,0x05,0x0D,0x00,
	0x00,0x86,0x11,0x1A,0x2F,0x04,0x1F,0x00,
	0x12,0x14,0x05,0x0D,0x00,0x1E,0x00,0x01,
	0x1A,0x2F,0x7B,0x73,0x12,0x1F,0x7E,0x73,
	0x00,0x01,0x1E,0x05,0x19,0x05,0x0D,0x00,
	0x00,0x0F,0x73,0x07,0x1F,0x00,0x05,0x19,
	0x05,0x0D,0x00,0x00,0x0F,0x73,0x07,0x1F,
	0x00,0x12,0x03,0x09,0x0D,0x00,0x00,0x86,
	0x0B,0x1A,0x31,0x07,0x1F,0x00,0x0C,0x0C,
	0x09,0x0D,0x00,0x00,0x11,0x1B,0x7B,0x73,
	0x02,0x1F,0x7D,0x73,0x00,0x0F,0x14,0x0F,
	0x0D,0x00,0x00,0x0F,0x2F,0x7B,0x73,0x0B,
	0x1F,0x00,0x14,0x0C,0x15,0x0D,0x00,0x00,
	0x81,0x12,0x2F,0x1B,0x09,0x1F,0x7D,0x00,
	0x09,0x03,0x19,0x0D,0x00,0x00,0x20,0x12,
	0x29,0x7B,0x73,0x07,0x1F,0x7D,0x73,0x00,
	0x01,0x22,0x12,0x14,0x09,0x0E,0x00,0x00,
	0x0B,0x1A,0x2F,0x07,0x20,0x00,0x05,0x0D,
	0x15,0x0E,0x00,0x00,0x1A,0x83,0x11,0x1F,
	0x0E,0x20,0x00,0x14,0x09,0x03,0x0F,0x00,
	0x00,0x01,0x7B,0x73,0x2F,0x12,0x7B,0x73,
	0x29,0x06,0x7D,0x00,0x01,0x1E,0x0E,0x05,
	0x0C,0x0F,0x00,0x1E,0x00,0x2F,0x20,0x11,
	0x7B,0x73,0x1B,0x11,0x7E,0x73,0x00,0x01,
	0x1E,0x08,0x14,0x12,0x0F,0x00,0x00,0x8A,
	0x11,0x27,0x1A,0x0A,0x00,0x05,0x08,0x14,
	0x0F,0x00,0x00,0x0F,0x28,0x09,0x00,0x0A,
	0x1F,0x00,0x64,0x05,0x21,0x04,0x00,0x04,
	0x00,0x1E,0x15,0x0F,0x12,0x0F,0x00,0x1E,
	0x00,0x29,0x11,0x7B,0x73,0x0F,0x7E,0x73,
	0x00,0x01,0x1E,0x14,0x09,0x13,0x0F,0x00,
	0x00,0x01,0x2F,0x7B,0x73,0x12,0x7B,0x73,
	0x29,0x06,0x7D,0x00,0x01,0x1E,0x09,0x14,
	0x13,0x0F,0x00,0x00,0x31,0x12,0x2F,0x7B,
	0x73,0x29,0x06,0x7D,0x00,0x01,0x1E,0x0F,
	0x09,0x14,0x0F,0x00,0x00,0x20,0x12,0x2B,
	0x7B,0x73,0x0B,0x7D,0x00,0x0B,0x13,0x17,
	0x0F,0x00,0x00,0x01,0x31,0x29,0x73,0x25,
	0x0A,0x7D,0x00,0x01,0x22,0x0B,0x13,0x17,
	0x0F,0x00,0x00,0x01,0x31,0x29,0x73,0x25,
	0x0A,0x00,0x01,0x22,0x05,0x0C,0x01,0x10,
	0x00,0x00,0x86,0x11,0x01,0x1B,0x03,0x2D,
	0x00,0x05,0x10,0x01,0x10,0x00,0x00,0x1A,
	0x11,0x2D,0x03,0x2D,0x00,0x08,0x14,0x01,
	0x10,0x00,0x00,0x01,0x27,0x7B,0x73,0x11,
	0x2D,0x7E,0x00,0x01,0x1E,0x03,0x01,0x0C,
	0x10,0x00,0x1E,0x00,0x29,0x03,0x1B,0x2D,
	0x7B,0x73,0x00,0x01,0x1E,0x02,0x0F,0x08,
	0x10,0x00,0x00,0x2E,0x0B,0x25,0x7F,0x00,
	0x01,0x1E,0x0E,0x0F,0x08,0x10,0x00,0x00,
	0x20,0x0B,0x25,0x7F,0x00,0x01,0x1E,0x0E,
	0x0F,0x08,0x10,0x00,0x00,0x86,0x11,0x20,
	0x0B,0x25,0x00,0x0E,0x0F,0x08,0x10,0x00,
	0x00,0x01,0x20,0x11,0x25,0x7E,0x00,0x05,
	0x21,0x00,0x80,0x00,0x80,0x01,0x1E,0x14,
	0x0F,0x08,0x10,0x00,0x00,0x86,0x11,0x2F,
	0x0B,0x25,0x00,0x03,0x05,0x09,0x10,0x00,
	0x1E,0x00,0x29,0x01,0x2D,0x00,0x0E,0x01,
	0x0C,0x10,0x00,0x1E,0x00,0x20,0x03,0x1B,
	0x2D,0x7B,0x73,0x00,0x01,0x1E,0x09,0x0C,
	0x0F,0x10,0x00,0x00,0x29,0x12,0x7B,0x73,
	0x22,0x2D,0x7E,0x73,0x00,0x01,0x1E,0x0F,
	0x0C,0x0F,0x10,0x00,0x00,0x29,0x12,0x7B,
	0x73,0x22,0x2D,0x7E,0x00,0x01,0x22,0x14,
	0x0F,0x12,0x10,0x00,0x00,0x11,0x2F,0x0B,
	0x1A,0x2D,0x00,0x03,0x19,0x13,0x10,0x00,
	0x00,0x31,0x07,0x29,0x00,0x03,0x0E,0x05,
	0x1C,0x00,0x00,0x29,0x20,0x11,0x18,0x31,
	0x7F,0x00,0x01,0x1E,0x12,0x14,0x05,0x12,
	0x00,0x00,0x0B,0x1A,0x2F,0x04,0x1A,0x00,
	0x05,0x0C,0x01,0x13,0x00,0x00,0x2A,0x1B,
	0x03,0x29,0x00,0x10,0x01,0x03,0x13,0x00,
	0x1E,0x00,0x74,0x2D,0x03,0x31,0x29,0x00,
	0x10,0x0F,0x03,0x13,0x00,0x1E,0x00,0x2D,
	0x0B,0x31,0x29,0x7B,0x73,0x00,0x01,0x1E,
	0x10,0x0F,0x03,0x13,0x00,0x1E,0x00,0x01,
	0x2D,0x7B,0x73,0x06,0x31,0x29,0x7E,0x73,
	0x00,0x01,0x1E,0x15,0x0F,0x05,0x13,0x00,
	0x00,0x29,0x12,0x2B,0x7B,0x00,0x01,0x1E,
	0x0C,0x09,0x08,0x13,0x00,0x00,0x1B,0x02,
	0x2B,0x00,0x01,0x1E,0x12,0x09,0x08,0x13,
	0x00,0x00,0x1A,0x01,0x2B,0x73,0x7B,0x00,
	0x01,0x22,0x08,0x07,0x09,0x13,0x00,0x1E,
	0x00,0x2F,0x07,0x29,0x7E,0x73,0x00,0x01,
	0x1E,0x09,0x03,0x0F,0x13,0x00,0x00,0x86,
	0x11,0x01,0x29,0x0B,0x29,0x00,0x14,0x15,
	0x0F,0x13,0x00,0x00,0x28,0x09,0x29,0x00,
	0x02,0x05,0x12,0x0B,0x09,0x10,0x13,0x00,
	0x1E,0x00,0x31,0x07,0x2D,0x29,0x7F,0x00,
	0x03,0x01,0x14,0x13,0x00,0x1E,0x00,0x31,
	0x05,0x2F,0x29,0x7F,0x00,0x04,0x01,0x14,
	0x13,0x00,0x00,0x2F,0x05,0x2F,0x2B,0x00,
	0x04,0x01,0x14,0x13,0x00,0x00,0x2F,0x05,
	0x2F,0x2B,0x00,0x14,0x01,0x14,0x13,0x00,
	0x00,0x2F,0x03,0x2F,0x29,0x00,0x09,0x05,
	0x14,0x13,0x00,0x1E,0x00,0x20,0x07,0x2F,
	0x29,0x7F,0x73,0x00,0x03,0x09,0x14,0x13,
	0x00,0x1E,0x00,0x31,0x02,0x2F,0x29,0x00,
	0x03,0x0F,0x14,0x13,0x00,0x1E,0x00,0x31,
	0x06,0x2F,0x29,0x00,0x0E,0x0F,0x14,0x13,
	0x00,0x1E,0x00,0x20,0x0B,0x2F,0x29,0x73,
	0x00,0x01,0x1E,0x12,0x0F,0x14,0x13,0x00,
	0x00,0x1A,0x0B,0x2F,0x29,0x7B,0x73,0x00,
	0x05,0x10,0x15,0x13,0x00,0x00,0x0F,0x2D,
	0x7D,0x73,0x0E,0x29,0x7B,0x73,0x00,0x08,
	0x20,0x06,0x01,0x06,0x01,0x0C,0x01,0x02,
	0x05,0x10,0x15,0x13,0x00,0x00,0x0F,0x2D,
	0x0E,0x29,0x00,0x0C,0x02,0x01,0x14,0x00,
	0x00,0x22,0x2E,0x03,0x2F,0x00,0x01,0x22,
	0x12,0x05,0x08,0x14,0x00,0x00,0x1A,0x03,
	0x28,0x00,0x01,0x22,0x12,0x05,0x08,0x14,
	0x00,0x00,0x1F,0x0F,0x27,0x00,0x14,0x01,
	0x09,0x14,0x00,0x1E,0x00,0x2F,0x03,0x7B,
	0x73,0x01,0x2B,0x7E,0x73,0x00,0x15,0x0F,
	0x09,0x14,0x00,0x00,0x29,0x12,0x2B,0x00,
	0x01,0x1E,0x05,0x0C,0x0F,0x14,0x00,0x00,
	0x0F,0x1B,0x7B,0x73,0x0A,0x2F,0x7D,0x73,
	0x00,0x0E,0x01,0x12,0x14,0x00,0x00,0x2A,
	0x20,0x05,0x1A,0x2F,0x00,0x0E,0x20,0x0C,
	0x05,0x21,0x00,0x01,0x00,0x01,0x05,0x21,
	0x02,0x00,0x02,0x00,0x0E,0x01,0x12,0x14,
	0x00,0x00,0x29,0x20,0x05,0x1A,0x2F,0x00,
	0x12,0x01,0x15,0x14,0x00,0x00,0x01,0x7B,
	0x73,0x1A,0x03,0x7B,0x73,0x0E,0x36,0x7E,
	0x73,0x00,0x01,0x1E,0x01,0x12,0x15,0x14,
	0x00,0x00,0x1B,0x11,0x7B,0x73,0x0F,0x36,
	0x7E,0x00,0x01,0x1E,0x03,0x0E,0x01,0x15,
	0x00,0x00,0x29,0x20,0x11,0x7B,0x73,0x10,
	0x7E,0x00,0x01,0x1E,0x03,0x0E,0x05,0x15,
	0x00,0x00,0x29,0x20,0x11,0x7B,0x73,0x0E,
	0x7F,0x00,0x01,0x1E,0x15,0x0F,0x0C,0x15,
	0x00,0x00,0x29,0x11,0x7B,0x73,0x1B,0x11,
	0x7E,0x73,0x00,0x01,0x12,0x01,0x1E,0x15,
	0x0F,0x0C,0x15,0x00,0x00,0x29,0x11,0x7B,
	0x73,0x1B,0x11,0x19,0x7E,0x00,0x01,0x1E,
	0x12,0x14,0x0C,0x15,0x00,0x00,0x11,0x1A,
	0x2F,0x1B,0x09,0x00,0x05,0x04,0x0E,0x15,
	0x00,0x00,0x0F,0x30,0x20,0x89,0x11,0x00,
	0x01,0x22,0x05,0x0C,0x10,0x15,0x00,0x00,
	0x2F,0x12,0x1B,0x7B,0x73,0x2D,0x09,0x7D,
	0x00,0x01,0x1E,0x05,0x10,0x10,0x15,0x00,
	0x00,0x0F,0x7B,0x73,0x2D,0x09,0x7D,0x73,
	0x00,0x0E,0x01,0x0E,0x15,0x00,0x00,0x82,
	0x11,0x20,0x85,0x12,0x20,0x10,0x00,0x0F,
	0x09,0x13,0x15,0x00,0x00,0x20,0x12,0x2C,
	0x7B,0x73,0x10,0x7D,0x00,0x01,0x06,0x01,
	0x1E,0x0F,0x09,0x13,0x15,0x00,0x00,0x20,
	0x12,0x2C,0x7B,0x73,0x0E,0x7D,0x00,0x01,
	0x1E,0x0F,0x09,0x14,0x15,0x00,0x00,0x20,
	0x12,0x2B,0x7B,0x73,0x10,0x7D,0x00,0x06,
	0x20,0x04,0x01,0x03,0x01,0x02,0x01,0x1E,
	0x0F,0x09,0x14,0x15,0x00,0x00,0x20,0x12,
	0x2B,0x7B,0x73,0x0E,0x7D,0x00,0x05,0x21,
	0x04,0x00,0x04,0x00,0x01,0x1E,0x16,0x09,
	0x14,0x15,0x00,0x00,0x26,0x12,0x2F,0x7B,
	0x73,0x10,0x7E,0x00,0x01,0x1E,0x04,0x0E,
	0x01,0x16,0x00,0x00,0x11,0x30,0x20,0x05,
	0x26,0x00,0x01,0x22,0x04,0x0E,0x01,0x16,
	0x00,0x00,0x11,0x30,0x20,0x05,0x26,0x00,
	0x01,0x22,0x04,0x0C,0x05,0x16,0x00,0x00,
	0x2F,0x1B,0x04,0x26,0x7F,0x00,0x04,0x0C,
	0x05,0x16,0x00,0x00,0x2F,0x1B,0x04,0x26,
	0x00,0x0C,0x0C,0x09,0x16,0x00,0x1E,0x00,
	0x1B,0x02,0x26,0x7B,0x73,0x00,0x01,0x1E,
	0x03,0x14,0x09,0x16,0x00,0x00,0x36,0x02,
	0x26,0x73,0x00,0x01,0x22,0x03,0x14,0x09,
	0x16,0x00,0x00,0x36,0x02,0x26,0x73,0x00,
	0x01,0x22,0x05,0x14,0x01,0x17,0x00,0x1E,
	0x00,0x0F,0x2F,0x0A,0x18,0x00,0x12,0x05,
	0x08,0x17,0x00,0x1E,0x00,0x1A,0x03,0x18,
	0x00,0x14,0x09,0x08,0x17,0x00,0x00,0x2F,
	0x07,0x18,0x6D,0x00,0x0C,0x0F,0x08,0x17,
	0x00,0x00,0x1B,0x0B,0x1C,0x7D,0x73,0x00,
	0x03,0x14,0x09,0x17,0x00,0x00,0x36,0x02,
	0x18,0x73,0x00,0x01,0x22,0x01,0x0D,0x0F,
	0x17,0x00,0x1E,0x00,0x20,0x11,0x1F,0x7B,
	0x73,0x0D,0x18,0x7B,0x73,0x00,0x01,0x1E,
	0x05,0x0D,0x0F,0x17,0x00,0x1E,0x00,0x20,
	0x11,0x1F,0x7B,0x73,0x02,0x18,0x7B,0x73,
	0x00,0x01,0x1E,0x14,0x12,0x0F,0x17,0x00,
	0x1E,0x00,0x27,0x0F,0x18,0x7F,0x73,0x00,
	0x15,0x0F,0x09,0x18,0x00,0x00,0x29,0x12,
	0x2B,0x73,0x7E,0x00,0x01,0x1E,0x0E,0x15,
	0x0F,0x19,0x00,0x00,0x21,0x09,0x19,0x00,
	0x0C,0x02,0x01,0x00,0x1E,0x00,0x22,0x2E,
	0x7B,0x73,0x11,0x7B,0x73,0x00,0x0A,0x21,
	0x04,0x02,0x04,0x02,0x21,0x04,0x00,0x04,
	0x00,0x01,0x1E,0x0C,0x02,0x01,0x00,0x00,
	0x22,0x2E,0x03,0x00,0x0A,0x1F,0x00,0x64,
	0x05,0x21,0x04,0x00,0x04,0x00,0x1E,0x01,
	0x1E,0x0C,0x02,0x01,0x00,0x05,0x1E,0x00,
	0x22,0x2E,0x7B,0x73,0x11,0x7B,0x73,0x00,
	0x13,0x20,0x0C,0x01,0x07,0x01,0x13,0x01,
	0x14,0x01,0x15,0x01,0x16,0x01,0x1A,0x21,
	0x02,0x00,0x02,0x00,0x01,0x1E,0x0C,0x02,
	0x01,0x00,0x05,0x1E,0x00,0x22,0x2E,0x7B,
	0x73,0x11,0x7B,0x73,0x00,0x0E,0x12,0x20,
	0x06,0x01,0x15,0x01,0x09,0x01,0x01,0x21,
	0x04,0x00,0x04,0x00,0x01,0x1E,0x0C,0x02,
	0x01,0x00,0x05,0x1E,0x00,0x22,0x2E,0x7B,
	0x73,0x11,0x7B,0x73,0x00,0x0B,0x03,0x20,
	0x08,0x01,0x15,0x01,0x01,0x01,0x12,0x01,
	0x0E,0x01,0x1E,0x0C,0x02,0x01,0x00,0x05,
	0x1E,0x00,0x22,0x2E,0x7B,0x73,0x11,0x7B,
	0x73,0x00,0x0C,0x20,0x04,0x01,0x0D,0x01,
	0x10,0x20,0x04,0x01,0x01,0x01,0x15,0x01,
	0x1E,0x0C,0x02,0x01,0x00,0x1E,0x00,0x22,
	0x2E,0x7B,0x73,0x11,0x7B,0x73,0x00,0x01,
	0x1E,0x0C,0x02,0x01,0x00,0x05,0x1E,0x00,
	0x01,0x1B,0x2E,0x7B,0x73,0x11,0x7B,0x73,
	0x00,0x0E,0x12,0x20,0x06,0x01,0x15,0x01,
	0x09,0x01,0x01,0x21,0x04,0x00,0x04,0x00,
	0x01,0x1E,0x0C,0x02,0x01,0x00,0x05,0x1E,
	0x00,0x01,0x1B,0x2E,0x7B,0x73,0x11,0x7B,
	0x73,0x00,0x0B,0x03,0x20,0x08,0x01,0x15,
	0x01,0x01,0x01,0x12,0x01,0x0E,0x01,0x1E,
	0x0C,0x02,0x01,0x00,0x05,0x1E,0x00,0x01,
	0x1B,0x2E,0x7B,0x73,0x11,0x7B,0x73,0x00,
	0x07,0x0D,0x20,0x04,0x01,0x01,0x01,0x15,
	0x01,0x1E,0x0C,0x02,0x01,0x00,0x1E,0x00,
	0x01,0x1B,0x2E,0x7B,0x73,0x83,0x11,0x7B,
	0x73,0x00,0x01,0x1E,0x08,0x03,0x01,0x00,
	0x1E,0x00,0x31,0x03,0x7B,0x73,0x00,0x05,
	0x21,0x04,0x00,0x04,0x00,0x01,0x1E,0x0C,
	0x03,0x01,0x00,0x1E,0x00,0x1B,0x11,0x31,
	0x7B,0x73,0x11,0x7E,0x73,0x00,0x01,0x1E,
	0x12,0x05,0x01,0x00,0x00,0x86,0x0B,0x1A,
	0x03,0x00,0x01,0x22,0x06,0x20,0x04,0x01,
	0x10,0x01,0x13,0x05,0x07,0x01,0x00,0x00,
	0x0F,0x32,0x03,0x00,0x05,0x09,0x01,0x00,
	0x00,0x0F,0x07,0x00,0x05,0x09,0x01,0x00,
	0x00,0x0F,0x07,0x00,0x0E,0x09,0x01,0x00,
	0x00,0x20,0x03,0x7D,0x73,0x00,0x01,0x1E,
	0x12,0x09,0x01,0x00,0x1E,0x00,0x1A,0x03,
	0x7D,0x00,0x01,0x1E,0x13,0x09,0x01,0x00,
	0x00,0x2A,0x03,0x7D,0x00,0x01,0x1E,0x13,
	0x09,0x01,0x00,0x00,0x2A,0x03,0x7D,0x00,
	0x01,0x1E,0x0C,0x0C,0x01,0x00,0x00,0x0B,
	0x1B,0x05,0x00,0x01,0x22,0x0C,0x0C,0x01,
	0x00,0x00,0x01,0x7B,0x73,0x1B,0x05,0x00,
	0x0A,0x1F,0x01,0x63,0x05,0x21,0x04,0x00,
	0x04,0x00,0x22,0x01,0x1E,0x0C,0x0C,0x01,
	0x00,0x1E,0x00,0x01,0x1B,0x7F,0x73,0x00,
	0x01,0x03,0x01,0x1E,0x0C,0x0C,0x01,0x00,
	0x1E,0x00,0x01,0x1B,0x11,0x7F,0x73,0x00,
	0x01,0x1E,0x03,0x0E,0x01,0x00,0x00,0x29,
	0x20,0x05,0x00,0x0A,0x1F,0x01,0x63,0x05,
	0x21,0x04,0x00,0x04,0x00,0x22,0x01,0x1E,
	0x03,0x0E,0x01,0x00,0x05,0x1E,0x00,0x29,
	0x20,0x11,0x7B,0x73,0x00,0x12,0x20,0x06,
	0x01,0x04,0x01,0x0E,0x01,0x12,0x21,0x02,
	0x00,0x02,0x00,0x21,0x04,0x00,0x04,0x00,
	0x01,0x1E,0x03,0x0E,0x01,0x00,0x00,0x29,
	0x20,0x11,0x7B,0x00,0x01,0x1E,0x03,0x0E,
	0x01,0x00,0x00,0x01,0x29,0x7B,0x73,0x20,
	0x85,0x11,0x7B,0x00,0x01,0x1E,0x14,0x0E,
	0x01,0x00,0x00,0x84,0x12,0x2F,0x20,0x05,
	0x00,0x01,0x22,0x14,0x0E,0x01,0x00,0x00,
	0x01,0x2F,0x20,0x05,0x00,0x01,0x22,0x05,
	0x21,0x02,0x00,0x02,0x00,0x14,0x0E,0x01,
	0x00,0x00,0x82,0x12,0x2F,0x20,0x05,0x00,
	0x01,0x22,0x03,0x12,0x01,0x00,0x00,0x31,
	0x1A,0x06,0x7B,0x00,0x01,0x22,0x05,0x21,
	0x02,0x00,0x02,0x00,0x03,0x12,0x01,0x00,
	0x00,0x31,0x1A,0x06,0x7B,0x00,0x01,0x22,
	0x05,0x21,0x02,0x00,0x02,0x00,0x0F,0x14,
	0x01,0x00,0x00,0x0F,0x7B,0x73,0x2F,0x03,
	0x7F,0x00,0x01,0x1E,0x05,0x15,0x01,0x00,
	0x00,0x20,0x11,0x08,0x00,0x05,0x15,0x01,
	0x00,0x00,0x20,0x11,0x08,0x00,0x05,0x15,
	0x01,0x00,0x00,0x1A,0x11,0x08,0x00,0x07,
	0x15,0x01,0x00,0x00,0x0A,0x00,0x0C,0x15,
	0x01,0x00,0x00,0x2F,0x1B,0x0A,0x00,0x01,
	0x22,0x0C,0x15,0x01,0x00,0x00,0x2F,0x1B,
	0x0A,0x00,0x0A,0x1F,0x01,0x63,0x05,0x21,
	0x04,0x00,0x04,0x00,0x22,0x01,0x22,0x0C,
	0x15,0x01,0x00,0x00,0x0B,0x00,0x14,0x15,
	0x01,0x00,0x00,0x86,0x11,0x2F,0x0A,0x00,
	0x03,0x01,0x02,0x00,0x00,0x31,0x06,0x2E,
	0x7F,0x00,0x01,0x22,0x03,0x01,0x02,0x00,
	0x00,0x31,0x06,0x2E,0x00,0x03,0x01,0x02,
	0x00,0x1E,0x00,0x31,0x05,0x2E,0x7B,0x73,
	0x00,0x08,0x01,0x02,0x00,0x00,0x20,0x06,
	0x2E,0x7F,0x00,0x08,0x01,0x02,0x00,0x00,
	0x20,0x06,0x2E,0x00,0x0C,0x01,0x02,0x00,
	0x1E,0x00,0x1B,0x0A,0x2E,0x7B,0x73,0x00,
	0x01,0x1E,0x15,0x01,0x02,0x00,0x1E,0x00,
	0x1F,0x08,0x2E,0x73,0x00,0x01,0x22,0x15,
	0x01,0x02,0x00,0x1E,0x00,0x1F,0x08,0x2E,
	0x7F,0x00,0x03,0x05,0x02,0x00,0x1E,0x00,
	0x31,0x04,0x2E,0x7F,0x00,0x03,0x05,0x02,
	0x00,0x1E,0x00,0x31,0x04,0x2E,0x73,0x00,
	0x0C,0x05,0x02,0x00,0x1E,0x00,0x1B,0x04,
	0x2E,0x7B,0x73,0x00,0x01,0x1E,0x0E,0x05,
	0x02,0x00,0x00,0x84,0x11,0x20,0x7B,0x73,
	0x84,0x12,0x2E,0x7B,0x73,0x00,0x12,0x05,
	0x02,0x00,0x1E,0x00,0x32,0x0F,0x2E,0x7F,
	0x00,0x12,0x05,0x02,0x00,0x1E,0x00,0x32,
	0x0F,0x2E,0x73,0x00,0x01,0x0F,0x02,0x00,
	0x1E,0x00,0x2F,0x0B,0x2E,0x7F,0x73,0x00,
	0x04,0x0F,0x02,0x00,0x1E,0x00,0x01,0x30,
	0x7B,0x73,0x06,0x2E,0x7B,0x73,0x00,0x09,
	0x0F,0x02,0x00,0x00,0x06,0x18,0x2E,0x00,
	0x0E,0x0F,0x02,0x00,0x1E,0x00,0x20,0x0B,
	0x2E,0x00,0x0F,0x0F,0x02,0x00,0x1E,0x00,
	0x31,0x0D,0x2E,0x00,0x12,0x0F,0x02,0x00,
	0x00,0x32,0x1A,0x0B,0x2E,0x00,0x12,0x0F,
	0x02,0x00,0x1E,0x00,0x0B,0x7B,0x73,0x0F,
	0x2E,0x7F,0x73,0x00,0x0C,0x14,0x02,0x00,
	0x00,0x22,0x2F,0x00,0x12,0x15,0x02,0x00,
	0x1E,0x00,0x32,0x0F,0x2E,0x73,0x00,0x12,
	0x15,0x02,0x00,0x1E,0x00,0x01,0x1A,0x7B,
	0x73,0x04,0x2E,0x7F,0x73,0x00,0x01,0x22,
	0x12,0x15,0x02,0x00,0x1E,0x00,0x01,0x7B,
	0x73,0x0F,0x2E,0x7F,0x73,0x00,0x0B,0x01,
	0x03,0x00,0x1E,0x00,0x31,0x03,0x31,0x73,
	0x00,0x01,0x1E,0x13,0x01,0x03,0x00,0x1E,
	0x00,0x2F,0x29,0x05,0x31,0x7B,0x73,0x00,
	0x01,0x1E,0x09,0x03,0x03,0x00,0x00,0x11,
	0x36,0x00,0x09,0x03,0x03,0x00,0x00,0x86,
	0x11,0x36,0x00,0x01,0x08,0x03,0x00,0x00,
	0x0B,0x2B,0x00,0x01,0x09,0x03,0x00,0x00,
	0x1B,0x11,0x36,0x7E,0x00,0x01,0x0E,0x01,
	0x1E,0x01,0x09,0x03,0x00,0x00,0x1B,0x11,
	0x2B,0x7E,0x00,0x01,0x1E,0x01,0x09,0x03,
	0x00,0x00,0x20,0x12,0x2B,0x7E,0x00,0x01,
	0x1E,0x01,0x12,0x03,0x00,0x00,0x2F,0x05,
	0x1A,0x31,0x7B,0x00,0x01,0x1E,0x14,0x19,
	0x03,0x00,0x00,0x86,0x11,0x2F,0x07,0x29,
	0x00,0x01,0x1A,0x03,0x00,0x00,0x31,0x05,
	0x36,0x7E,0x00,0x01,0x22,0x05,0x1A,0x03,
	0x00,0x00,0x31,0x04,0x36,0x7F,0x00,0x01,
	0x22,0x15,0x1A,0x03,0x00,0x00,0x31,0x0D,
	0x36,0x00,0x01,0x22,0x19,0x1A,0x03,0x00,
	0x00,0x31,0x02,0x36,0x7E,0x00,0x01,0x22,
	0x0C,0x01,0x04,0x00,0x1E,0x00,0x1B,0x03,
	0x30,0x7F,0x73,0x00,0x01,0x1E,0x0D,0x05,
	0x04,0x00,0x00,0x01,0x1F,0x04,0x30,0x00,
	0x01,0x22,0x06,0x21,0x00,0x80,0x00,0x80,
	0x1E,0x0D,0x05,0x04,0x00,0x00,0x86,0x11,
	0x1F,0x84,0x11,0x30,0x00,0x01,0x22,0x13,
	0x09,0x04,0x00,0x00,0x29,0x82,0x12,0x30,
	0x00,0x02,0x0F,0x0E,0x12,0x0F,0x04,0x00,
	0x00,0x25,0x1A,0x0B,0x30,0x7F,0x00,0x17,
	0x0F,0x04,0x00,0x1E,0x00,0x20,0x08,0x30,
	0x00,0x12,0x0F,0x04,0x00,0x00,0x25,0x1A,
	0x0B,0x30,0x00,0x0E,0x19,0x04,0x00,0x00,
	0x85,0x11,0x20,0x07,0x30,0x00,0x13,0x01,
	0x05,0x00,0x00,0x29,0x01,0x7D,0x00,0x08,
	0x20,0x06,0x01,0x0C,0x01,0x03,0x01,0x12,
	0x01,0x1E,0x15,0x01,0x05,0x00,0x00,0x0B,
	0x00,0x0C,0x04,0x05,0x00,0x00,0x01,0x1B,
	0x7B,0x73,0x74,0x30,0x12,0x7E,0x00,0x01,
	0x1E,0x05,0x09,0x05,0x00,0x00,0x0F,0x07,
	0x00,0x05,0x09,0x05,0x00,0x00,0x0F,0x07,
	0x00,0x12,0x09,0x05,0x00,0x00,0x11,0x1A,
	0x7B,0x73,0x03,0x7D,0x00,0x01,0x22,0x12,
	0x09,0x05,0x00,0x00,0x0B,0x1A,0x7B,0x73,
	0x03,0x7D,0x00,0x01,0x22,0x14,0x09,0x05,
	0x00,0x00,0x01,0x2F,0x12,0x7B,0x73,0x01,
	0x7D,0x00,0x01,0x1E,0x0C,0x0C,0x05,0x00,
	0x00,0x11,0x1B,0x7B,0x73,0x04,0x7D,0x00,
	0x01,0x1E,0x0C,0x0C,0x05,0x00,0x00,0x1B,
	0x04,0x7D,0x00,0x01,0x22,0x0C,0x0C,0x05,
	0x00,0x00,0x01,0x1B,0x7B,0x73,0x04,0x7D,
	0x00,0x01,0x22,0x0C,0x0C,0x05,0x00,0x00,
	0x0B,0x1B,0x7B,0x73,0x04,0x7D,0x00,0x01,
	0x1E,0x09,0x0D,0x05,0x00,0x00,0x11,0x7B,
	0x73,0x01,0x7B,0x73,0x1F,0x01,0x7D,0x00,
	0x01,0x1E,0x03,0x0E,0x05,0x00,0x00,0x29,
	0x20,0x04,0x00,0x0A,0x1F,0x01,0x63,0x05,
	0x21,0x04,0x00,0x04,0x00,0x22,0x01,0x1E,
	0x03,0x0E,0x05,0x00,0x05,0x1E,0x00,0x29,
	0x20,0x11,0x7B,0x73,0x00,0x18,0x20,0x0C,
	0x01,0x15,0x01,0x04,0x01,0x14,0x01,0x03,
	0x01,0x0C,0x01,0x12,0x21,0x02,0x00,0x02,
	0x00,0x21,0x04,0x00,0x04,0x00,0x01,0x1E,
	0x03,0x0E,0x05,0x00,0x00,0x29,0x20,0x84,
	0x11,0x7B,0x00,0x01,0x1E,0x03,0x0E,0x05,
	0x00,0x05,0x0E,0x03,0x05,0x1E,0x00,0x01,
	0x73,0x00,0x01,0x1E,0x04,0x0E,0x05,0x00,
	0x00,0x0B,0x30,0x20,0x04,0x00,0x0B,0x0E,
	0x05,0x00,0x00,0x0B,0x31,0x7B,0x73,0x21,
	0x04,0x7D,0x00,0x01,0x22,0x15,0x0F,0x05,
	0x00,0x05,0x1E,0x00,0x29,0x12,0x7E,0x73,
	0x00,0x01,0x07,0x01,0x1E,0x15,0x0F,0x05,
	0x00,0x05,0x1E,0x00,0x29,0x12,0x7B,0x73,
	0x01,0x7E,0x73,0x00,0x12,0x20,0x06,0x01,
	0x0E,0x01,0x03,0x01,0x14,0x21,0x02,0x00,
	0x02,0x00,0x21,0x04,0x00,0x04,0x00,0x01,
	0x1E,0x15,0x0F,0x05,0x00,0x00,0x29,0x12,
	0x7B,0x73,0x01,0x7E,0x00,0x01,0x1C,0x05,
	0x00,0x00,0x1B,0x86,0x11,0x18,0x31,0x01,
	0x00,0x03,0x13,0x05,0x00,0x00,0x29,0x04,
	0x7D,0x00,0x01,0x1E,0x09,0x13,0x05,0x00,
	0x00,0x11,0x2C,0x7B,0x73,0x01,0x7D,0x00,
	0x01,0x1E,0x1C,0x13,0x05,0x00,0x00,0x31,
	0x29,0x04,0x7D,0x00,0x01,0x1E,0x13,0x13,
	0x05,0x00,0x00,0x11,0x29,0x7B,0x73,0x04,
	0x7D,0x00,0x01,0x22,0x13,0x13,0x05,0x00,
	0x00,0x29,0x04,0x7D,0x00,0x01,0x1E,0x14,
	0x14,0x05,0x00,0x00,0x11,0x2F,0x7B,0x73,
	0x04,0x7D,0x00,0x01,0x1E,0x14,0x14,0x05,
	0x00,0x00,0x2F,0x04,0x7D,0x00,0x01,0x1E,
	0x14,0x14,0x05,0x00,0x00,0x01,0x2F,0x7B,
	0x73,0x04,0x7D,0x00,0x01,0x22,0x14,0x14,
	0x05,0x00,0x00,0x0B,0x2F,0x7B,0x73,0x04,
	0x7D,0x00,0x01,0x1E,0x05,0x15,0x05,0x00,
	0x00,0x0F,0x73,0x0C,0x00,0x05,0x15,0x05,
	0x00,0x00,0x0F,0x73,0x0C,0x00,0x05,0x16,
	0x05,0x00,0x00,0x0F,0x7B,0x73,0x26,0x04,
	0x7D,0x00,0x0C,0x20,0x0A,0x01,0x22,0x01,
	0x0F,0x05,0x21,0x04,0x00,0x04,0x00,0x01,
	0x1E,0x0C,0x01,0x06,0x00,0x00,0x29,0x1B,
	0x0A,0x25,0x7B,0x00,0x0C,0x05,0x06,0x00,
	0x00,0x30,0x1B,0x04,0x25,0x7F,0x00,0x0C,
	0x05,0x06,0x00,0x00,0x30,0x1B,0x04,0x25,
	0x00,0x12,0x09,0x06,0x00,0x1E,0x00,0x1A,
	0x07,0x25,0x00,0x13,0x09,0x06,0x00,0x1E,
	0x00,0x2B,0x82,0x12,0x25,0x73,0x00,0x01,
	0x1E,0x14,0x09,0x06,0x00,0x00,0x29,0x2F,
	0x02,0x25,0x00,0x01,0x22,0x05,0x0C,0x06,
	0x00,0x1E,0x00,0x29,0x31,0x04,0x1B,0x25,
	0x7F,0x73,0x00,0x01,0x1E,0x0F,0x0F,0x06,
	0x00,0x1E,0x00,0x2F,0x0D,0x25,0x00,0x12,
	0x0F,0x06,0x00,0x00,0x1A,0x0B,0x25,0x00,
	0x12,0x01,0x1B,0x00,0x1E,0x00,0x74,0x30,
	0x1A,0x06,0x32,0x00,0x0F,0x05,0x07,0x00,
	0x00,0x20,0x12,0x37,0x00,0x01,0x1E,0x14,
	0x08,0x07,0x00,0x00,0x27,0x00,0x0F,0x0F,
	0x07,0x00,0x00,0x30,0x0D,0x32,0x7F,0x73,
	0x00,0x01,0x12,0x07,0x00,0x00,0x1F,0x05,
	0x1A,0x32,0x7F,0x00,0x01,0x1E,0x05,0x12,
	0x07,0x00,0x00,0x20,0x04,0x1A,0x32,0x00,
	0x01,0x22,0x12,0x19,0x07,0x00,0x00,0x0B,
	0x1A,0x07,0x37,0x00,0x0C,0x01,0x08,0x00,
	0x00,0x25,0x05,0x1C,0x00,0x0C,0x01,0x08,
	0x00,0x1E,0x00,0x74,0x1B,0x0A,0x1C,0x73,
	0x00,0x05,0x21,0x00,0x80,0x00,0x80,0x0E,
	0x01,0x08,0x00,0x1E,0x00,0x30,0x20,0x05,
	0x1C,0x7B,0x73,0x00,0x01,0x1E,0x12,0x01,
	0x08,0x00,0x1E,0x00,0x2F,0x1A,0x06,0x1C,
	0x00,0x05,0x21,0x00,0x80,0x00,0x80,0x15,
	0x01,0x08,0x00,0x00,0x29,0x08,0x1C,0x00,
	0x17,0x01,0x08,0x00,0x00,0x31,0x0A,0x1C,
	0x73,0x00,0x05,0x21,0x00,0x80,0x00,0x80,
	0x01,0x05,0x08,0x00,0x1E,0x00,0x74,0x30,
	0x04,0x1C,0x7F,0x00,0x09,0x05,0x08,0x00,
	0x00,0x1F,0x07,0x1C,0x7F,0x00,0x09,0x05,
	0x08,0x00,0x00,0x1F,0x07,0x1C,0x00,0x09,
	0x05,0x08,0x00,0x00,0x1A,0x03,0x7D,0x73,
	0x00,0x01,0x22,0x0D,0x05,0x08,0x00,0x00,
	0x11,0x1F,0x04,0x1C,0x00,0x01,0x22,0x0D,
	0x05,0x08,0x00,0x00,0x0B,0x1F,0x01,0x1C,
	0x00,0x01,0x22,0x05,0x21,0x00,0x40,0x00,
	0x00,0x12,0x05,0x08,0x00,0x00,0x84,0x11,
	0x1A,0x84,0x11,0x1C,0x00,0x01,0x22,0x08,
	0x20,0x06,0x01,0x04,0x01,0x06,0x01,0x13,
	0x12,0x05,0x08,0x00,0x00,0x1A,0x01,0x1C,
	0x00,0x01,0x22,0x05,0x09,0x08,0x00,0x00,
	0x1A,0x07,0x1C,0x00,0x01,0x22,0x07,0x09,
	0x08,0x00,0x00,0x07,0x1C,0x7D,0x73,0x00,
	0x01,0x1E,0x0C,0x09,0x08,0x00,0x1E,0x00,
	0x1B,0x02,0x1C,0x7F,0x73,0x00,0x01,0x22,
	0x06,0x0F,0x08,0x00,0x00,0x25,0x0A,0x1C,
	0x7F,0x00,0x06,0x0F,0x08,0x00,0x00,0x25,
	0x0A,0x1C,0x00,0x0C,0x0F,0x08,0x00,0x1E,
	0x00,0x1B,0x0B,0x1C,0x7B,0x73,0x00,0x05,
	0x21,0x00,0x80,0x00,0x80,0x01,0x1E,0x0D,
	0x0F,0x08,0x00,0x00,0x1F,0x0B,0x1C,0x00,
	0x0D,0x0F,0x08,0x00,0x00,0x86,0x11,0x1F,
	0x86,0x11,0x1C,0x00,0x01,0x22,0x0F,0x0F,
	0x08,0x00,0x1E,0x00,0x30,0x0D,0x1C,0x7B,
	0x73,0x00,0x01,0x1E,0x12,0x0F,0x08,0x00,
	0x00,0x86,0x11,0x1A,0x86,0x11,0x1C,0x00,
	0x01,0x22,0x15,0x0F,0x08,0x00,0x00,0x1A,
	0x08,0x00,0x10,0x19,0x08,0x00,0x00,0x86,
	0x11,0x2D,0x82,0x12,0x1C,0x00,0x02,0x03,
	0x12,0x10,0x19,0x08,0x00,0x00,0x86,0x11,
	0x2D,0x07,0x1C,0x00,0x07,0x01,0x09,0x00,
	0x00,0x37,0x12,0x7B,0x73,0x00,0x01,0x1E,
	0x0E,0x01,0x09,0x00,0x00,0x0B,0x20,0x06,
	0x01,0x00,0x01,0x22,0x0E,0x01,0x09,0x00,
	0x00,0x2F,0x20,0x11,0x07,0x00,0x0A,0x1F,
	0x01,0x63,0x05,0x21,0x04,0x00,0x04,0x00,
	0x1E,0x01,0x1E,0x0E,0x01,0x09,0x00,0x05,
	0x1E,0x00,0x2F,0x20,0x11,0x7B,0x73,0x01,
	0x7E,0x73,0x00,0x0D,0x20,0x06,0x01,0x16,
	0x01,0x12,0x01,0x04,0x21,0x02,0x00,0x02,
	0x00,0x01,0x1E,0x0E,0x01,0x09,0x00,0x00,
	0x2F,0x20,0x11,0x7B,0x73,0x01,0x7E,0x00,
	0x01,0x1E,0x14,0x01,0x09,0x00,0x05,0x1E,
	0x00,0x2F,0x11,0x7B,0x73,0x01,0x7E,0x73,
	0x00,0x11,0x20,0x05,0x02,0x12,0x10,0x01,
	0x07,0x21,0x02,0x00,0x02,0x00,0x21,0x04,
	0x00,0x04,0x00,0x01,0x1E,0x14,0x01,0x09,
	0x00,0x05,0x1E,0x00,0x2F,0x03,0x7B,0x73,
	0x01,0x7E,0x73,0x00,0x17,0x20,0x0B,0x02,
	0x12,0x02,0x01,0x03,0x01,0x16,0x01,0x12,
	0x01,0x04,0x21,0x02,0x00,0x02,0x00,0x21,
	0x04,0x00,0x04,0x00,0x01,0x1E,0x14,0x01,
	0x09,0x00,0x00,0x2F,0x03,0x7B,0x73,0x01,
	0x7E,0x00,0x01,0x1E,0x0C,0x02,0x09,0x00,
	0x00,0x22,0x2E,0x7B,0x73,0x02,0x00,0x0A,
	0x1F,0x01,0x63,0x05,0x21,0x04,0x00,0x04,
	0x00,0x22,0x01,0x22,0x0C,0x02,0x09,0x00,
	0x05,0x1E,0x00,0x22,0x2E,0x7B,0x73,0x11,
	0x7B,0x73,0x00,0x0E,0x12,0x20,0x06,0x01,
	0x15,0x01,0x09,0x01,0x01,0x21,0x04,0x00,
	0x04,0x00,0x01,0x1E,0x0C,0x02,0x09,0x00,
	0x05,0x1E,0x00,0x22,0x2E,0x7B,0x73,0x11,
	0x7B,0x73,0x00,0x0B,0x03,0x20,0x08,0x01,
	0x15,0x01,0x01,0x01,0x12,0x01,0x0E,0x01,
	0x1E,0x0C,0x02,0x09,0x00,0x05,0x1E,0x00,
	0x22,0x2E,0x7B,0x73,0x11,0x7B,0x73,0x00,
	0x07,0x0D,0x20,0x04,0x01,0x01,0x01,0x15,
	0x01,0x1E,0x0C,0x02,0x09,0x00,0x1E,0x00,
	0x22,0x2E,0x7B,0x73,0x11,0x7B,0x73,0x00,
	0x05,0x21,0x04,0x00,0x04,0x00,0x01,0x1E,
	0x0C,0x02,0x09,0x00,0x05,0x1E,0x00,0x01,
	0x1B,0x2E,0x7B,0x73,0x11,0x7B,0x73,0x00,
	0x0E,0x12,0x20,0x06,0x01,0x15,0x01,0x09,
	0x01,0x01,0x21,0x04,0x00,0x04,0x00,0x01,
	0x1E,0x0C,0x02,0x09,0x00,0x05,0x1E,0x00,
	0x01,0x1B,0x2E,0x7B,0x73,0x11,0x7B,0x73,
	0x00,0x0B,0x03,0x20,0x08,0x01,0x15,0x01,
	0x01,0x01,0x12,0x01,0x0E,0x01,0x1E,0x0C,
	0x02,0x09,0x00,0x05,0x1E,0x00,0x01,0x1B,
	0x2E,0x7B,0x73,0x11,0x7B,0x73,0x00,0x07,
	0x0D,0x20,0x04,0x01,0x01,0x01,0x15,0x01,
	0x1E,0x0C,0x02,0x09,0x00,0x1E,0x00,0x01,
	0x1B,0x2E,0x7B,0x73,0x11,0x7B,0x73,0x00,
	0x01,0x1E,0x01,0x03,0x09,0x00,0x00,0x1B,
	0x11,0x7B,0x73,0x31,0x12,0x7E,0x00,0x01,
	0x1E,0x01,0x03,0x09,0x00,0x00,0x20,0x11,
	0x31,0x7B,0x73,0x12,0x7E,0x00,0x01,0x1E,
	0x0C,0x03,0x09,0x00,0x05,0x1E,0x00,0x1B,
	0x11,0x31,0x7B,0x73,0x12,0x7E,0x73,0x00,
	0x0F,0x20,0x08,0x01,0x08,0x01,0x02,0x01,
	0x14,0x01,0x03,0x21,0x02,0x00,0x02,0x00,
	0x01,0x1E,0x0C,0x03,0x09,0x00,0x00,0x1B,
	0x11,0x31,0x7B,0x73,0x12,0x7E,0x00,0x01,
	0x1E,0x01,0x05,0x09,0x00,0x00,0x0B,0x73,
	0x01,0x00,0x01,0x22,0x01,0x05,0x09,0x00,
	0x00,0x0B,0x73,0x01,0x00,0x01,0x22,0x12,
	0x05,0x09,0x00,0x00,0x1A,0x03,0x73,0x01,
	0x00,0x01,0x22,0x0E,0x05,0x09,0x00,0x05,
	0x1E,0x00,0x2F,0x20,0x12,0x19,0x7E,0x73,
	0x00,0x01,0x1E,0x13,0x05,0x09,0x00,0x00,
	0x29,0x01,0x00,0x13,0x05,0x09,0x00,0x19,
	0x1E,0x00,0x2F,0x29,0x12,0x7B,0x73,0x00,
	0x01,0x1E,0x14,0x05,0x09,0x00,0x19,0x1E,
	0x00,0x27,0x12,0x7B,0x73,0x00,0x01,0x1E,
	0x14,0x05,0x09,0x00,0x00,0x2F,0x04,0x7D,
	0x73,0x01,0x00,0x01,0x22,0x14,0x05,0x09,
	0x00,0x00,0x2F,0x04,0x73,0x01,0x00,0x01,
	0x22,0x14,0x05,0x09,0x00,0x00,0x01,0x2F,
	0x7B,0x73,0x11,0x7B,0x73,0x07,0x7D,0x00,
	0x05,0x21,0x04,0x00,0x04,0x00,0x01,0x1E,
	0x0C,0x0C,0x09,0x00,0x00,0x11,0x7B,0x73,
	0x1B,0x02,0x7D,0x00,0x01,0x1E,0x0C,0x0C,
	0x09,0x00,0x00,0x0B,0x1B,0x7B,0x73,0x02,
	0x7D,0x00,0x01,0x22,0x01,0x0E,0x09,0x00,
	0x00,0x22,0x7B,0x73,0x20,0x07,0x7D,0x00,
	0x0A,0x1F,0x01,0x63,0x05,0x21,0x04,0x00,
	0x04,0x00,0x22,0x01,0x1E,0x01,0x0E,0x09,
	0x00,0x00,0x22,0x7B,0x73,0x20,0x12,0x7E,
	0x00,0x01,0x1E,0x15,0x0F,0x09,0x00,0x05,
	0x1E,0x00,0x0F,0x19,0x00,0x01,0x1E,0x15,
	0x0F,0x09,0x00,0x05,0x1E,0x00,0x29,0x12,
	0x7B,0x73,0x01,0x7E,0x73,0x00,0x18,0x20,
	0x0C,0x01,0x07,0x01,0x12,0x01,0x02,0x01,
	0x04,0x01,0x16,0x01,0x0E,0x21,0x02,0x00,
	0x02,0x00,0x21,0x04,0x00,0x04,0x00,0x01,
	0x1E,0x15,0x0F,0x09,0x00,0x00,0x29,0x12,
	0x7B,0x73,0x01,0x7E,0x00,0x01,0x1E,0x0F,
	0x12,0x09,0x00,0x00,0x20,0x0F,0x07,0x7F,
	0x00,0x08,0x13,0x09,0x00,0x00,0x01,0x2B,
	0x7B,0x73,0x01,0x7D,0x00,0x01,0x22,0x01,
	0x14,0x09,0x00,0x00,0x22,0x2F,0x7B,0x73,
	0x87,0x12,0x7E,0x00,0x01,0x1E,0x09,0x14,
	0x09,0x00,0x00,0x29,0x12,0x2F,0x7B,0x73,
	0x07,0x7D,0x00,0x01,0x1E,0x0F,0x14,0x09,
	0x00,0x00,0x0F,0x7B,0x73,0x2F,0x12,0x7E,
	0x00,0x01,0x1E,0x05,0x1A,0x09,0x00,0x00,
	0x24,0x2A,0x12,0x7E,0x00,0x05,0x1A,0x09,
	0x00,0x00,0x24,0x2A,0x12,0x7E,0x00,0x05,
	0x1A,0x09,0x00,0x00,0x1A,0x11,0x7B,0x73,
	0x2A,0x07,0x7F,0x00,0x01,0x1E,0x0D,0x01,
	0x0B,0x00,0x00,0x2D,0x1F,0x05,0x31,0x00,
	0x0C,0x09,0x0B,0x00,0x00,0x1B,0x02,0x31,
	0x00,0x01,0x22,0x0C,0x09,0x0B,0x00,0x00,
	0x86,0x11,0x1B,0x02,0x31,0x00,0x10,0x0F,
	0x0B,0x00,0x1E,0x00,0x25,0x2D,0x0A,0x31,
	0x7F,0x00,0x01,0x22,0x0E,0x01,0x0C,0x00,
	0x1E,0x00,0x30,0x20,0x85,0x11,0x1B,0x7B,
	0x73,0x00,0x0E,0x01,0x0C,0x00,0x1E,0x00,
	0x30,0x20,0x85,0x11,0x1B,0x7B,0x73,0x00,
	0x09,0x05,0x0C,0x00,0x00,0x20,0x07,0x1B,
	0x7F,0x00,0x09,0x05,0x0C,0x00,0x00,0x20,
	0x07,0x1B,0x00,0x13,0x05,0x0C,0x00,0x00,
	0x29,0x04,0x1B,0x00,0x0A,0x1F,0x00,0x64,
	0x05,0x21,0x04,0x00,0x04,0x00,0x22,0x01,
	0x1E,0x13,0x05,0x0C,0x00,0x1E,0x00,0x29,
	0x12,0x1B,0x7B,0x73,0x00,0x01,0x1E,0x01,
	0x09,0x0C,0x00,0x00,0x20,0x11,0x19,0x1B,
	0x7D,0x00,0x01,0x1E,0x06,0x09,0x0C,0x00,
	0x1E,0x00,0x25,0x07,0x1B,0x7B,0x73,0x00,
	0x05,0x21,0x00,0x40,0x00,0x00,0x0B,0x09,
	0x0C,0x00,0x1E,0x00,0x31,0x07,0x1B,0x7B,
	0x73,0x00,0x1B,0x0F,0x0C,0x00,0x00,0x32,
	0x0A,0x1B,0x7F,0x00,0x05,0x21,0x00,0x80,
	0x00,0x80,0x01,0x1E,0x07,0x0F,0x0C,0x00,
	0x00,0x01,0x37,0x7B,0x73,0x11,0x1B,0x7E,
	0x00,0x01,0x1E,0x09,0x01,0x0D,0x00,0x00,
	0x1B,0x03,0x1F,0x00,0x01,0x1E,0x0E,0x01,
	0x0D,0x00,0x1E,0x00,0x20,0x85,0x11,0x1F,
	0x7F,0x00,0x01,0x22,0x07,0x05,0x0D,0x00,
	0x00,0x11,0x32,0x04,0x1F,0x00,0x0E,0x05,
	0x0D,0x00,0x00,0x2F,0x20,0x11,0x1F,0x7F,
	0x00,0x03,0x05,0x0C,0x10,0x01,0x1E,0x0E,
	0x05,0x0D,0x00,0x1E,0x00,0x2F,0x20,0x84,
	0x11,0x1F,0x7B,0x73,0x00,0x01,0x1E,0x0E,
	0x0F,0x0D,0x00,0x00,0x86,0x11,0x20,0x86,
	0x11,0x1F,0x00,0x0E,0x0F,0x0D,0x00,0x00,
	0x01,0x20,0x7B,0x73,0x0B,0x1F,0x7F,0x00,
	0x01,0x1E,0x12,0x0F,0x0D,0x00,0x1E,0x00,
	0x1A,0x0B,0x1F,0x7F,0x73,0x00,0x01,0x1E,
	0x14,0x0F,0x0D,0x00,0x00,0x0B,0x2F,0x7B,
	0x73,0x0B,0x1F,0x7D,0x00,0x01,0x22,0x03,
	0x05,0x0E,0x00,0x1E,0x00,0x31,0x04,0x20,
	0x7B,0x73,0x00,0x01,0x1E,0x13,0x05,0x0E,
	0x00,0x1E,0x00,0x29,0x12,0x20,0x7B,0x73,
	0x00,0x01,0x1E,0x17,0x05,0x0E,0x00,0x00,
	0x2A,0x0E,0x20,0x00,0x14,0x0F,0x0E,0x00,
	0x00,0x6D,0x2F,0x0B,0x20,0x7B,0x73,0x00,
	0x09,0x02,0x0F,0x00,0x00,0x31,0x12,0x7B,
	0x73,0x2E,0x0B,0x7D,0x00,0x01,0x1E,0x12,
	0x09,0x0F,0x00,0x00,0x1A,0x06,0x18,0x7F,
	0x00,0x01,0x1E,0x0C,0x0C,0x0F,0x00,0x00,
	0x01,0x1B,0x7B,0x73,0x0B,0x7D,0x00,0x01,
	0x22,0x0E,0x0D,0x0F,0x00,0x00,0x82,0x12,
	0x20,0x1F,0x06,0x00,0x03,0x13,0x0F,0x00,
	0x00,0x2B,0x0A,0x00,0x09,0x13,0x0F,0x00,
	0x00,0x29,0x12,0x7B,0x73,0x29,0x0B,0x7D,
	0x00,0x01,0x1E,0x0B,0x13,0x0F,0x00,0x00,
	0x01,0x31,0x29,0x73,0x08,0x7D,0x00,0x01,
	0x22,0x09,0x14,0x0F,0x00,0x00,0x31,0x12,
	0x2F,0x7B,0x73,0x06,0x7D,0x00,0x01,0x1E,
	0x14,0x14,0x0F,0x00,0x00,0x2F,0x0A,0x7D,
	0x00,0x01,0x22,0x14,0x14,0x0F,0x00,0x00,
	0x2F,0x0A,0x00,0x01,0x22,0x0B,0x13,0x0F,
	0x00,0x00,0x01,0x31,0x29,0x73,0x08,0x00,
	0x01,0x22,0x07,0x15,0x0F,0x00,0x00,0x0E,
	0x00,0x02,0x12,0x08,0x07,0x15,0x0F,0x00,
	0x00,0x2D,0x11,0x00,0x02,0x03,0x03,0x07,
	0x15,0x0F,0x00,0x00,0x25,0x0A,0x00,0x08,
	0x20,0x05,0x01,0x03,0x02,0x12,0x14,0x22,
	0x07,0x15,0x0F,0x00,0x00,0x25,0x09,0x00,
	0x0C,0x20,0x0A,0x01,0x0E,0x02,0x12,0x22,
	0x01,0x14,0x02,0x0C,0x13,0x07,0x15,0x0F,
	0x00,0x00,0x0B,0x00,0x0A,0x20,0x08,0x02,
	0x08,0x14,0x01,0x04,0x02,0x0C,0x12,0x07,
	0x15,0x0F,0x00,0x00,0x08,0x00,0x05,0x16,
	0x0F,0x00,0x00,0x0F,0x26,0x0B,0x00,0x01,
	0x22,0x12,0x01,0x10,0x00,0x00,0x85,0x11,
	0x1A,0x83,0x11,0x2D,0x00,0x14,0x01,0x10,
	0x00,0x00,0x27,0x05,0x2D,0x7B,0x00,0x01,
	0x1E,0x0B,0x09,0x10,0x00,0x00,0x31,0x07,
	0x2D,0x00,0x10,0x09,0x10,0x00,0x1E,0x00,
	0x2D,0x07,0x2D,0x7B,0x73,0x00,0x0C,0x0F,
	0x10,0x00,0x00,0x82,0x01,0x1B,0x86,0x11,
	0x2D,0x00,0x01,0x22,0x12,0x0F,0x10,0x00,
	0x00,0x2F,0x1A,0x0B,0x2D,0x00,0x01,0x1E,
	0x13,0x0F,0x10,0x00,0x00,0x2A,0x0B,0x2D,
	0x7D,0x00,0x01,0x1E,0x01,0x1E,0x13,0x0F,
	0x10,0x00,0x00,0x2F,0x29,0x06,0x2D,0x00,
	0x06,0x20,0x04,0x01,0x15,0x01,0x05,0x13,
	0x0F,0x10,0x00,0x00,0x2F,0x29,0x0B,0x2D,
	0x00,0x01,0x22,0x0E,0x05,0x1C,0x00,0x00,
	0x2F,0x20,0x11,0x18,0x31,0x7F,0x00,0x01,
	0x1E,0x13,0x09,0x1C,0x00,0x1E,0x00,0x2F,
	0x29,0x02,0x18,0x31,0x7F,0x73,0x00,0x01,
	0x1E,0x01,0x0F,0x12,0x00,0x00,0x30,0x0B,
	0x1A,0x00,0x01,0x22,0x0F,0x0F,0x12,0x00,
	0x00,0x1F,0x0E,0x1A,0x00,0x13,0x0F,0x12,
	0x00,0x00,0x2A,0x0B,0x1A,0x00,0x01,0x22,
	0x14,0x0F,0x12,0x00,0x00,0x27,0x0A,0x1A,
	0x00,0x06,0x01,0x13,0x00,0x00,0x25,0x03,
	0x29,0x00,0x0C,0x01,0x13,0x00,0x00,0x2F,
	0x1B,0x0A,0x29,0x00,0x0E,0x01,0x13,0x00,
	0x00,0x30,0x20,0x05,0x29,0x7B,0x73,0x00,
	0x01,0x22,0x0C,0x03,0x13,0x00,0x00,0x22,
	0x29,0x7B,0x00,0x01,0x1E,0x0C,0x05,0x13,
	0x00,0x00,0x25,0x1B,0x04,0x29,0x00,0x01,
	0x22,0x0C,0x05,0x13,0x00,0x1E,0x00,0x25,
	0x1B,0x04,0x29,0x7D,0x73,0x00,0x01,0x1E,
	0x0D,0x05,0x13,0x00,0x00,0x82,0x12,0x1F,
	0x04,0x29,0x00,0x01,0x22,0x09,0x08,0x13,
	0x00,0x1E,0x00,0x2D,0x82,0x12,0x2B,0x7B,
	0x73,0x00,0x01,0x1E,0x09,0x08,0x13,0x00,
	0x00,0x2F,0x02,0x2B,0x6D,0x00,0x0F,0x08,
	0x13,0x00,0x1E,0x00,0x2D,0x06,0x2B,0x00,
	0x01,0x1E,0x01,0x09,0x13,0x00,0x00,0x20,
	0x12,0x2C,0x7E,0x00,0x01,0x1E,0x04,0x09,
	0x13,0x00,0x1E,0x00,0x30,0x07,0x29,0x00,
	0x05,0x21,0x00,0x41,0x00,0x00,0x0F,0x09,
	0x13,0x00,0x00,0x20,0x12,0x2C,0x7E,0x00,
	0x0A,0x20,0x08,0x01,0x12,0x05,0x21,0x02,
	0x00,0x02,0x00,0x0F,0x09,0x13,0x00,0x00,
	0x20,0x12,0x2B,0x7E,0x00,0x14,0x09,0x13,
	0x00,0x00,0x01,0x7B,0x73,0x2F,0x12,0x29,
	0x7E,0x00,0x01,0x1E,0x06,0x0F,0x13,0x00,
	0x00,0x2F,0x25,0x0A,0x29,0x00,0x08,0x0F,
	0x13,0x00,0x00,0x20,0x11,0x29,0x7F,0x00,
	0x01,0x22,0x0D,0x0F,0x13,0x00,0x1E,0x00,
	0x1F,0x89,0x11,0x29,0x00,0x09,0x13,0x13,
	0x00,0x00,0x11,0x2B,0x7E,0x00,0x01,0x1E,
	0x01,0x14,0x13,0x00,0x1E,0x00,0x2F,0x05,
	0x2F,0x29,0x7F,0x73,0x00,0x01,0x1E,0x05,
	0x14,0x13,0x00,0x00,0x24,0x29,0x73,0x7B,
	0x00,0x05,0x21,0x01,0x00,0x01,0x00,0x01,
	0x1E,0x05,0x14,0x13,0x00,0x1E,0x00,0x2D,
	0x04,0x2F,0x29,0x7F,0x00,0x0C,0x14,0x13,
	0x00,0x00,0x22,0x29,0x7B,0x00,0x01,0x1E,
	0x19,0x14,0x13,0x00,0x00,0x1B,0x07,0x2F,
	0x29,0x00,0x01,0x15,0x13,0x00,0x00,0x1B,
	0x06,0x7B,0x73,0x0E,0x2C,0x7B,0x00,0x01,
	0x1E,0x12,0x15,0x13,0x00,0x00,0x1A,0x8E,
	0x11,0xAB,0x2C,0x7B,0x00,0x01,0x1E,0x03,
	0x1A,0x13,0x00,0x00,0x36,0x2B,0x00,0x03,
	0x1A,0x13,0x00,0x00,0x36,0x2B,0x00,0x05,
	0x1A,0x13,0x00,0x00,0x31,0x04,0x2B,0x7E,
	0x00,0x01,0x22,0x09,0x01,0x14,0x00,0x1E,
	0x00,0x1B,0x03,0x2F,0x7B,0x00,0x01,0x1E,
	0x0B,0x01,0x14,0x00,0x00,0x03,0x31,0x06,
	0x2F,0x00,0x0B,0x01,0x14,0x00,0x00,0x31,
	0x03,0x2F,0x00,0x0C,0x01,0x14,0x00,0x00,
	0x31,0x0A,0x2F,0x6D,0x00,0x05,0x05,0x14,
	0x00,0x1E,0x00,0x20,0x01,0x2F,0x7D,0x73,
	0x00,0x01,0x1E,0x0C,0x05,0x14,0x00,0x00,
	0x84,0x11,0x1B,0x04,0x2F,0x00,0x03,0x05,
	0x14,0x00,0x00,0x31,0x04,0x2F,0x00,0x01,
	0x09,0x14,0x00,0x00,0x1B,0x11,0x36,0x7E,
	0x00,0x06,0x20,0x04,0x01,0x0E,0x01,0x13,
	0x01,0x1E,0x01,0x09,0x14,0x00,0x00,0x1B,
	0x11,0x2B,0x7E,0x00,0x01,0x1E,0x01,0x09,
	0x14,0x00,0x00,0x20,0x12,0x36,0x7E,0x00,
	0x06,0x20,0x04,0x01,0x0E,0x01,0x13,0x01,
	0x1E,0x01,0x09,0x14,0x00,0x00,0x20,0x12,
	0x2B,0x7E,0x00,0x01,0x1E,0x0D,0x09,0x14,
	0x00,0x1E,0x00,0x1F,0x07,0x2F,0x00,0x0D,
	0x09,0x14,0x00,0x1E,0x00,0x1F,0x07,0x2F,
	0x7F,0x73,0x00,0x01,0x1E,0x0F,0x09,0x14,
	0x00,0x00,0x20,0x12,0x36,0x7E,0x00,0x06,
	0x20,0x04,0x01,0x0E,0x01,0x13,0x0F,0x09,
	0x14,0x00,0x00,0x20,0x12,0x2B,0x7E,0x00,
	0x12,0x0F,0x14,0x00,0x00,0x01,0x7B,0x73,
	0x0F,0x2F,0x7E,0x00,0x0A,0x20,0x08,0x01,
	0x03,0x01,0x0C,0x01,0x10,0x01,0x13,0x01,
	0x1E,0x12,0x0F,0x14,0x00,0x00,0x01,0x7B,
	0x73,0x1A,0x0B,0x2F,0x7B,0x00,0x01,0x1E,
	0x15,0x0F,0x14,0x00,0x00,0x1A,0x0E,0x2F,
	0x7E,0x00,0x01,0x1E,0x17,0x0F,0x14,0x00,
	0x1E,0x00,0x20,0x08,0x2F,0x00,0x03,0x13,
	0x14,0x00,0x00,0x36,0x00,0x01,0x15,0x14,
	0x00,0x00,0x1B,0x11,0x0E,0x36,0x7E,0x00,
	0x01,0x1E,0x04,0x15,0x14,0x00,0x00,0x30,
	0x0E,0x2F,0x7F,0x00,0x01,0x1E,0x12,0x15,
	0x14,0x00,0x00,0x0F,0x36,0x7B,0x00,0x01,
	0x1E,0x10,0x19,0x14,0x00,0x00,0x2D,0x07,
	0x2F,0x00,0x10,0x19,0x14,0x00,0x00,0x2D,
	0x07,0x2F,0x7B,0x00,0x01,0x1E,0x0E,0x01,
	0x15,0x00,0x00,0x2F,0x20,0x11,0x7B,0x73,
	0x0E,0x7E,0x00,0x01,0x1E,0x08,0x03,0x15,
	0x00,0x00,0x01,0x36,0x7B,0x73,0x0E,0x7D,
	0x00,0x01,0x22,0x0E,0x05,0x15,0x00,0x00,
	0x2F,0x20,0x11,0x7B,0x73,0x0E,0x7F,0x00,
	0x01,0x1E,0x0C,0x02,0x15,0x00,0x00,0x22,
	0x2E,0x7B,0x73,0x10,0x7E,0x00,0x05,0x21,
	0x04,0x00,0x04,0x00,0x01,0x1E,0x14,0x09,
	0x15,0x00,0x00,0x01,0x7B,0x73,0x2F,0x12,
	0x7B,0x73,0x10,0x7D,0x00,0x06,0x20,0x04,
	0x01,0x07,0x01,0x03,0x01,0x1E,0x14,0x09,
	0x15,0x00,0x00,0x01,0x7B,0x73,0x2F,0x12,
	0x7B,0x73,0x0E,0x7D,0x00,0x01,0x1E,0x01,
	0x0C,0x15,0x00,0x00,0x0F,0x7B,0x73,0x1B,
	0x11,0x19,0x7E,0x00,0x05,0x21,0x04,0x10,
	0x04,0x00,0x01,0x1E,0x15,0x0F,0x15,0x00,
	0x00,0x29,0x11,0x7B,0x73,0x10,0x7E,0x00,
	0x01,0x1E,0x03,0x09,0x16,0x00,0x00,0x36,
	0x02,0x26,0x7F,0x00,0x01,0x22,0x05,0x09,
	0x16,0x00,0x00,0x10,0x26,0x00,0x14,0x09,
	0x16,0x00,0x00,0x29,0x2F,0x02,0x26,0x7F,
	0x00,0x01,0x22,0x0C,0x01,0x17,0x00,0x00,
	0x30,0x1B,0x0A,0x18,0x7F,0x00,0x0C,0x01,
	0x17,0x00,0x00,0x30,0x1B,0x0A,0x18,0x00,
	0x0C,0x01,0x17,0x00,0x00,0x31,0x0A,0x18,
	0x6D,0x00,0x12,0x01,0x17,0x00,0x00,0x30,
	0x1A,0x0B,0x18,0x7D,0x00,0x07,0x20,0x05,
	0x02,0x05,0x12,0x01,0x01,0x01,0x1E,0x12,
	0x01,0x17,0x00,0x1E,0x00,0x30,0x0F,0x18,
	0x73,0x00,0x05,0x21,0x01,0x00,0x01,0x00,
	0x01,0x1E,0x12,0x01,0x17,0x00,0x1E,0x00,
	0x1A,0x03,0x18,0x7F,0x73,0x00,0x01,0x1E,
	0x13,0x01,0x17,0x00,0x00,0x2B,0x0A,0x18,
	0x6D,0x00,0x01,0x08,0x17,0x00,0x1E,0x00,
	0x2F,0x89,0x11,0x18,0x00,0x0F,0x08,0x17,
	0x00,0x00,0x1F,0x0E,0x1C,0x00,0x03,0x09,
	0x17,0x00,0x00,0x36,0x02,0x26,0x7F,0x00,
	0x01,0x22,0x0C,0x09,0x17,0x00,0x1E,0x00,
	0x30,0x1B,0x07,0x18,0x00,0x0C,0x09,0x17,
	0x00,0x1E,0x00,0x1B,0x02,0x18,0x7D,0x73,
	0x00,0x01,0x1E,0x13,0x09,0x17,0x00,0x1E,
	0x00,0x2A,0x07,0x18,0x7B,0x73,0x00,0x01,
	0x1E,0x14,0x09,0x17,0x00,0x1E,0x00,0x27,
	0x02,0x18,0x00,0x14,0x09,0x17,0x00,0x00,
	0x29,0x2F,0x02,0x18,0x7F,0x00,0x01,0x22,
	0x0F,0x0F,0x17,0x00,0x1E,0x00,0x30,0x0D,
	0x18,0x7F,0x00,0x12,0x0F,0x17,0x00,0x1E,
	0x00,0x31,0x0F,0x18,0x00,0x12,0x05,0x18,
	0x00,0x00,0x86,0x11,0x1A,0x73,0x01,0x2A,
	0x00,0x01,0x22,0x0F,0x09,0x18,0x00,0x00,
	0x20,0x12,0x2B,0x31,0x7B,0x73,0x00,0x01,
	0x1E,0x0C,0x19,0x18,0x00,0x00,0x86,0x11,
	0x1B,0x73,0x07,0x2A,0x00,0x01,0x22,0x0D,
	0x01,0x19,0x00,0x00,0x86,0x11,0x1F,0x73,
	0x06,0x19,0x00,0x01,0x22,0x12,0x01,0x19,
	0x00,0x1E,0x00,0x30,0x1A,0x06,0x19,0x7B,
	0x73,0x00,0x01,0x1E,0x03,0x01,0x00,0x00,
	0x01,0x29,0x03,0x00,0x0A,0x1F,0x01,0x63,
	0x05,0x21,0x04,0x00,0x04,0x00,0x22,0x01,
	0x1E,0x03,0x01,0x00,0x05,0x1E,0x00,0x01,
	0x29,0x7B,0x73,0x29,0x11,0x7B,0x73,0x00,
	0x0A,0x20,0x08,0x01,0x16,0x01,0x10,0x01,
	0x0E,0x01,0x12,0x01,0x1E,0x03,0x01,0x00,
	0x1E,0x00,0x01,0x29,0x7B,0x73,0x29,0x11,
	0x7B,0x73,0x00,0x01,0x1E,0x04,0x01,0x00,
	0x00,0x0B,0x30,0x7B,0x73,0x06,0x7D,0x00,
	0x05,0x21,0x00,0x80,0x00,0x80,0x01,0x1E,
	0x05,0x01,0x00,0x00,0x08,0x00,0x08,0x01,
	0x00,0x00,0x1B,0x06,0x00,0x01,0x22,0x07,
	0x01,0x00,0x00,0x37,0x03,0x00,0x0A,0x1F,
	0x00,0x64,0x05,0x21,0x04,0x00,0x04,0x00,
	0x22,0x01,0x1E,0x07,0x01,0x00,0x1E,0x00,
	0x37,0x12,0x7B,0x73,0x00,0x01,0x1E,0x09,
	0x01,0x00,0x00,0x31,0x12,0x7B,0x73,0x03,
	0x7D,0x00,0x01,0x1E,0x09,0x01,0x00,0x00,
	0x20,0x03,0x00,0x01,0x22,0x09,0x01,0x00,
	0x00,0x03,0x00,0x05,0x21,0x00,0x80,0x00,
	0x80,0x01,0x22,0x0B,0x01,0x00,0x00,0x01,
	0x31,0x7B,0x73,0x06,0x7D,0x00,0x01,0x22,
	0x0D,0x01,0x00,0x00,0x11,0x1F,0x73,0x06,
	0x73,0x00,0x01,0x22,0x0D,0x01,0x00,0x00,
	0x01,0x7B,0x73,0x1F,0x83,0x11,0x7E,0x00,
	0x05,0x21,0x04,0x00,0x04,0x00,0x01,0x1E,
	0x0E,0x01,0x00,0x00,0x11,0x20,0x73,0x06,
	0x73,0x00,0x01,0x22,0x0E,0x01,0x00,0x00,
	0x11,0x7B,0x73,0x20,0x05,0x7D,0x00,0x01,
	0x1E,0x0E,0x01,0x00,0x00,0x2F,0x20,0x05,
	0x00,0x0A,0x1F,0x00,0x64,0x05,0x21,0x04,
	0x00,0x04,0x00,0x22,0x01,0x1E,0x0E,0x01,
	0x00,0x00,0x2F,0x20,0x11,0x7F,0x00,0x01,
	0x1E,0x0E,0x01,0x00,0x00,0x01,0x20,0x04,
	0x00,0x01,0x22,0x0E,0x01,0x00,0x00,0x01,
	0x7B,0x73,0x20,0x11,0x7E,0x00,0x05,0x21,
	0x00,0x80,0x00,0x80,0x01,0x1E,0x1C,0x01,
	0x00,0x00,0x85,0x11,0x18,0x31,0x85,0x11,
	0x00,0x12,0x01,0x00,0x00,0x11,0x1A,0x7B,
	0x73,0x06,0x7D,0x00,0x01,0x22,0x12,0x01,
	0x00,0x00,0x30,0x1A,0x86,0x11,0x00,0x01,
	0x22,0x12,0x01,0x00,0x00,0x30,0x1A,0x86,
	0x11,0x7B,0x73,0x00,0x05,0x21,0x04,0x00,
	0x04,0x00,0x01,0x1E,0x12,0x01,0x00,0x1E,
	0x00,0x01,0x1A,0x7B,0x73,0x03,0x7F,0x73,
	0x00,0x05,0x21,0x04,0x00,0x04,0x00,0x01,
	0x1E,0x14,0x01,0x00,0x00,0x11,0x2F,0x7B,
	0x73,0x06,0x7D,0x00,0x01,0x22,0x14,0x01,
	0x00,0x00,0x03,0x2F,0x06,0x00,0x01,0x22,
	0x14,0x01,0x00,0x00,0x2F,0x03,0x00,0x0A,
	0x1F,0x00,0x64,0x05,0x21,0x04,0x00,0x04,
	0x00,0x22,0x01,0x1E,0x14,0x01,0x00,0x1E,
	0x00,0x2F,0x11,0x7F,0x73,0x00,0x0A,0x03,
	0x09,0x20,0x06,0x01,0x06,0x01,0x0C,0x01,
	0x12,0x01,0x1E,0x14,0x01,0x00,0x1E,0x00,
	0x2F,0x11,0x7F,0x73,0x00,0x0C,0x07,0x20,
	0x04,0x01,0x0F,0x01,0x09,0x21,0x20,0x00,
	0x20,0x00,0x01,0x1E,0x14,0x01,0x00,0x1E,
	0x00,0x2F,0x11,0x7F,0x73,0x00,0x0D,0x20,
	0x04,0x01,0x0D,0x01,0x0E,0x09,0x20,0x04,
	0x01,0x0C,0x01,0x14,0x01,0x1E,0x14,0x01,
	0x00,0x1E,0x00,0x2F,0x11,0x7F,0x73,0x00,
	0x08,0x20,0x04,0x01,0x0E,0x01,0x0C,0x0F,
	0x09,0x01,0x1E,0x14,0x01,0x00,0x1E,0x00,
	0x2F,0x11,0x7F,0x73,0x00,0x0D,0x0E,0x20,
	0x04,0x01,0x15,0x01,0x05,0x20,0x04,0x01,
	0x13,0x01,0x14,0x01,0x1E,0x14,0x01,0x00,
	0x1E,0x00,0x2F,0x11,0x7F,0x73,0x00,0x12,
	0x12,0x21,0x02,0x00,0x02,0x00,0x20,0x0A,
	0x01,0x10,0x01,0x14,0x01,0x0D,0x01,0x03,
	0x01,0x04,0x01,0x1E,0x14,0x01,0x00,0x1E,
	0x00,0x2F,0x11,0x7F,0x73,0x00,0x06,0x20,
	0x04,0x01,0x1C,0x01,0x16,0x01,0x1E,0x14,
	0x01,0x00,0x1E,0x00,0x2F,0x11,0x7F,0x73,
	0x00,0x09,0x09,0x20,0x06,0x01,0x04,0x01,
	0x07,0x01,0x10,0x01,0x1E,0x14,0x01,0x00,
	0x1E,0x00,0x2F,0x03,0x7F,0x73,0x00,0x01,
	0x1E,0x14,0x01,0x00,0x00,0x01,0x2F,0x7B,
	0x73,0x06,0x7D,0x00,0x01,0x22,0x14,0x01,
	0x00,0x00,0x0B,0x2F,0x7B,0x73,0x06,0x7D,
	0x00,0x01,0x22,0x15,0x01,0x00,0x00,0x0B,
	0x00,0x01,0x22,0x15,0x01,0x00,0x00,0x25,
	0x08,0x00,0x15,0x01,0x00,0x00,0x0B,0x00,
	0x01,0x22,0x15,0x01,0x00,0x00,0x0B,0x00,
	0x17,0x01,0x00,0x00,0x11,0x18,0x7B,0x73,
	0x06,0x7D,0x00,0x01,0x22,0x17,0x01,0x00,
	0x00,0x0A,0x00,0x01,0x22,0x1A,0x01,0x00,
	0x00,0x11,0x2A,0x7B,0x73,0x06,0x7D,0x00,
	0x01,0x22,0x01,0x02,0x00,0x1E,0x00,0x32,
	0x05,0x2E,0x7B,0x73,0x00,0x01,0x1E,0x05,
	0x02,0x00,0x00,0x30,0x04,0x2E,0x7D,0x73,
	0x00,0x01,0x22,0x05,0x21,0x04,0x00,0x04,
	0x00,0x05,0x02,0x00,0x00,0x18,0x12,0x2E,
	0x00,0x01,0x22,0x09,0x02,0x00,0x00,0x0B,
	0x01,0x2E,0x00,0x09,0x02,0x00,0x00,0x86,
	0x11,0x07,0x2E,0x00,0x0F,0x02,0x00,0x1E,
	0x00,0x29,0x31,0x06,0x2E,0x7B,0x73,0x00,
	0x01,0x1E,0x0F,0x02,0x00,0x1E,0x00,0x0C,
	0x2E,0x7B,0x73,0x00,0x01,0x1E,0x12,0x02,
	0x00,0x00,0x1A,0x2E,0x00,0x01,0x22,0x12,
	0x02,0x00,0x00,0x2C,0x1A,0x2E,0x00,0x12,
	0x02,0x00,0x00,0x1A,0x2E,0x00,0x01,0x22,
	0x12,0x02,0x00,0x00,0x2C,0x1A,0x2E,0x00,
	0x15,0x02,0x00,0x00,0x02,0x2E,0x00,0x01,
	0x03,0x00,0x1E,0x00,0x2D,0x05,0x31,0x7F,
	0x73,0x00,0x01,0x1E,0x01,0x03,0x00,0x1E,
	0x00,0x1A,0x06,0x31,0x73,0x00,0x01,0x1E,
	0x01,0x03,0x00,0x1E,0x00,0x2F,0x05,0x31,
	0x7B,0x73,0x00,0x01,0x1E,0x03,0x03,0x00,
	0x00,0x86,0x11,0x31,0x00,0x03,0x03,0x00,
	0x00,0x31,0x00,0x08,0x03,0x00,0x00,0x0B,
	0x36,0x00,0x01,0x22,0x08,0x03,0x00,0x00,
	0x2F,0x31,0x00,0x09,0x03,0x00,0x00,0x11,
	0x36,0x73,0x00,0x09,0x03,0x00,0x00,0x04,
	0x36,0x00,0x01,0x22,0x09,0x03,0x00,0x00,
	0x0F,0x29,0x00,0x01,0x22,0x0B,0x03,0x00,
	0x00,0x01,0x31,0x29,0x2F,0x7E,0x00,0x01,
	0x22,0x0B,0x03,0x00,0x00,0x01,0x31,0x29,
	0x2F,0x00,0x01,0x22,0x0F,0x03,0x00,0x00,
	0x1A,0x8B,0x11,0x31,0x7D,0x00,0x01,0x22,
	0x12,0x03,0x00,0x00,0x0E,0x1A,0x31,0x00,
	0x0A,0x21,0x04,0x00,0x04,0x00,0x21,0x02,
	0x00,0x02,0x00,0x15,0x03,0x00,0x00,0x10,
	0x31,0x7F,0x00,0x01,0x1E,0x19,0x03,0x00,
	0x00,0x31,0x02,0x36,0x7E,0x00,0x01,0x22,
	0x01,0x04,0x00,0x1E,0x00,0x03,0x30,0x7B,
	0x73,0x00,0x01,0x1E,0x09,0x04,0x00,0x00,
	0x85,0x11,0x07,0x30,0x00,0x01,0x22,0x09,
	0x04,0x00,0x00,0x11,0x7B,0x73,0x07,0x30,
	0x7B,0x73,0x00,0x01,0x22,0x05,0x21,0x01,
	0x00,0x01,0x00,0x09,0x04,0x00,0x00,0x01,
	0x30,0x00,0x01,0x22,0x09,0x04,0x00,0x00,
	0x11,0x7B,0x73,0x07,0x30,0x7B,0x73,0x00,
	0x01,0x22,0x05,0x21,0x01,0x00,0x01,0x00,
	0x09,0x04,0x00,0x00,0x29,0x82,0x12,0x30,
	0x00,0x01,0x22,0x0F,0x04,0x00,0x1E,0x00,
	0x1F,0x11,0x30,0x7B,0x73,0x00,0x01,0x1E,
	0x12,0x04,0x00,0x00,0x37,0x00,0x12,0x04,
	0x00,0x00,0x37,0x00,0x15,0x04,0x00,0x00,
	0x86,0x0B,0x0E,0x30,0x00,0x01,0x22,0x01,
	0x05,0x00,0x00,0x1B,0x11,0x01,0x7E,0x00,
	0x06,0x12,0x21,0x02,0x00,0x02,0x00,0x01,
	0x1E,0x01,0x05,0x00,0x00,0x0F,0x00,0x01,
	0x22,0x09,0x20,0x07,0x01,0x0E,0x01,0x0C,
	0x02,0x14,0x08,0x01,0x05,0x00,0x00,0x74,
	0x1A,0x01,0x00,0x01,0x22,0x01,0x05,0x00,
	0x00,0x0B,0x00,0x01,0x05,0x00,0x00,0x0B,
	0x7D,0x00,0x01,0x1E,0x01,0x05,0x00,0x00,
	0x10,0x00,0x03,0x05,0x00,0x00,0x2F,0x31,
	0x04,0x7D,0x00,0x01,0x1E,0x04,0x05,0x00,
	0x00,0x0B,0x30,0x7B,0x73,0x03,0x7D,0x00,
	0x01,0x22,0x04,0x05,0x00,0x00,0x12,0x37,
	0x04,0x00,0x01,0x22,0x05,0x05,0x00,0x00,
	0x20,0x01,0x7D,0x00,0x01,0x1E,0x05,0x05,
	0x00,0x00,0x1A,0x01,0x7D,0x00,0x01,0x1E,
	0x06,0x05,0x00,0x00,0x07,0x25,0x7B,0x73,
	0x12,0x00,0x01,0x1E,0x09,0x05,0x00,0x00,
	0x03,0x00,0x05,0x21,0x00,0x80,0x00,0x80,
	0x01,0x22,0x0D,0x05,0x00,0x00,0x1F,0x01,
	0x00,0x01,0x1E,0x0E,0x05,0x00,0x00,0x30,
	0x20,0x12,0x7B,0x00,0x06,0x20,0x04,0x01,
	0x07,0x01,0x04,0x01,0x1E,0x0E,0x05,0x00,
	0x00,0x30,0x20,0x04,0x7D,0x00,0x05,0x21,
	0x04,0x00,0x04,0x00,0x01,0x1E,0x0E,0x05,
	0x00,0x00,0x20,0x01,0x00,0x0A,0x1F,0x01,
	0x63,0x05,0x21,0x04,0x00,0x04,0x00,0x22,
	0x01,0x1E,0x0E,0x05,0x00,0x00,0x20,0x01,
	0x7F,0x00,0x01,0x1E,0x0E,0x05,0x00,0x00,
	0x21,0x02,0x7B,0x00,0x01,0x0C,0x0E,0x05,
	0x00,0x00,0x2F,0x20,0x04,0x00,0x0A,0x1F,
	0x01,0x63,0x05,0x21,0x04,0x00,0x04,0x00,
	0x22,0x01,0x1E,0x0E,0x05,0x00,0x05,0x1E,
	0x00,0x2F,0x24,0x7B,0x73,0x00,0x0F,0x20,
	0x08,0x01,0x03,0x01,0x0C,0x01,0x04,0x01,
	0x07,0x21,0x02,0x00,0x02,0x00,0x01,0x1E,
	0x0E,0x05,0x00,0x00,0x2F,0x20,0x84,0x11,
	0x7B,0x00,0x01,0x1E,0x10,0x05,0x00,0x00,
	0x82,0x12,0x2D,0x84,0x12,0x00,0x01,0x22,
	0x12,0x05,0x00,0x00,0x01,0x1A,0x04,0x00,
	0x0A,0x1F,0x01,0x63,0x05,0x21,0x04,0x00,
	0x04,0x00,0x22,0x01,0x1E,0x12,0x05,0x00,
	0x05,0x1E,0x00,0x01,0x7B,0x73,0x0F,0x7E,
	0x73,0x00,0x13,0x20,0x0C,0x01,0x16,0x01,
	0x0E,0x01,0x03,0x01,0x10,0x01,0x0B,0x01,
	0x04,0x21,0x02,0x00,0x02,0x00,0x01,0x1E,
	0x12,0x05,0x00,0x00,0x01,0x7B,0x73,0x0F,
	0x7E,0x00,0x05,0x21,0x04,0x00,0x04,0x00,
	0x01,0x1E,0x13,0x05,0x00,0x00,0x01,0x73,
	0x2A,0x03,0x73,0x00,0x01,0x22,0x13,0x05,
	0x00,0x00,0x2A,0x01,0x7D,0x00,0x05,0x21,
	0x04,0x00,0x04,0x00,0x01,0x1E,0x13,0x05,
	0x00,0x00,0x29,0x04,0x00,0x0A,0x1F,0x01,
	0x63,0x05,0x21,0x04,0x00,0x04,0x00,0x22,
	0x01,0x1E,0x13,0x05,0x00,0x00,0x29,0x84,
	0x12,0x7B,0x00,0x01,0x1E,0x13,0x05,0x00,
	0x00,0x2F,0x29,0x11,0x7B,0x73,0x00,0x01,
	0x0B,0x01,0x22,0x14,0x05,0x00,0x00,0x2F,
	0x01,0x7D,0x00,0x0A,0x21,0x04,0x00,0x04,
	0x00,0x21,0x00,0x80,0x00,0x80,0x01,0x1E,
	0x15,0x05,0x00,0x00,0x1F,0x11,0x7B,0x73,
	0x01,0x7D,0x00,0x01,0x13,0x01,0x1E,0x15,
	0x05,0x00,0x00,0x1F,0x11,0x7B,0x73,0x01,
	0x7E,0x00,0x01,0x1E,0x15,0x05,0x00,0x00,
	0x0F,0x00,0x15,0x05,0x00,0x00,0x1A,0x11,
	0x7D,0x00,0x01,0x1E,0x15,0x05,0x00,0x00,
	0x0B,0x73,0x00,0x15,0x05,0x00,0x00,0x0B,
	0x73,0x00,0x19,0x05,0x00,0x1E,0x00,0x07,
	0x00,0x0C,0x06,0x00,0x1E,0x00,0x07,0x1B,
	0x25,0x73,0x00,0x01,0x1E,0x15,0x06,0x00,
	0x1E,0x00,0x22,0x25,0x7F,0x73,0x00,0x01,
	0x1E,0x05,0x07,0x00,0x00,0x86,0x11,0x01,
	0x37,0x00,0x01,0x22,0x05,0x1B,0x00,0x00,
	0x1A,0x03,0x18,0x32,0x00,0x01,0x22,0x08,
	0x07,0x00,0x00,0x2E,0x00,0x08,0x07,0x00,
	0x00,0x2F,0x00,0x09,0x07,0x00,0x00,0x86,
	0x11,0x37,0x73,0x00,0x09,0x07,0x00,0x00,
	0x0E,0x37,0x73,0x00,0x0C,0x07,0x00,0x00,
	0x19,0x1B,0x32,0x00,0x05,0x21,0x02,0x00,
	0x02,0x00,0x0E,0x07,0x00,0x00,0x19,0x20,
	0x00,0x01,0x22,0x15,0x08,0x00,0x00,0x1F,
	0x10,0x1C,0x00,0x05,0x21,0x02,0x00,0x02,
	0x00,0x01,0x09,0x00,0x05,0x1E,0x00,0x31,
	0x05,0x7B,0x73,0x01,0x7E,0x73,0x00,0x0B,
	0x20,0x04,0x01,0x04,0x01,0x0E,0x21,0x02,
	0x00,0x02,0x00,0x01,0x1E,0x01,0x09,0x00,
	0x00,0x31,0x05,0x7B,0x73,0x01,0x7E,0x00,
	0x01,0x1E,0x01,0x09,0x00,0x00,0x31,0x05,
	0x7B,0x73,0x01,0x7E,0x00,0x01,0x22,0x01,
	0x09,0x00,0x00,0x1B,0x07,0x00,0x0A,0x1F,
	0x01,0x63,0x05,0x21,0x04,0x00,0x04,0x00,
	0x1E,0x01,0x1E,0x01,0x09,0x00,0x05,0x1E,
	0x00,0x1B,0x11,0x7B,0x73,0x01,0x7E,0x73,
	0x00,0x13,0x20,0x0C,0x01,0x0C,0x01,0x02,
	0x01,0x04,0x01,0x12,0x01,0x10,0x01,0x0E,
	0x21,0x02,0x00,0x02,0x00,0x01,0x1E,0x01,
	0x09,0x00,0x00,0x1B,0x11,0x01,0x7E,0x00,
	0x01,0x1E,0x01,0x09,0x00,0x05,0x1E,0x00,
	0x20,0x11,0x7B,0x73,0x01,0x7E,0x73,0x00,
	0x19,0x20,0x12,0x01,0x10,0x01,0x12,0x01,
	0x04,0x01,0x16,0x01,0x02,0x01,0x07,0x05,
	0x21,0x00,0x01,0x00,0x01,0x21,0x02,0x00,
	0x02,0x00,0x01,0x1E,0x01,0x09,0x00,0x00,
	0x20,0x11,0x7B,0x73,0x01,0x7E,0x00,0x01,
	0x1E,0x01,0x09,0x00,0x00,0x0F,0x19,0x7E,
	0x00,0x05,0x21,0x00,0x80,0x00,0x80,0x01,
	0x1E,0x03,0x09,0x00,0x00,0x11,0x31,0x7B,
	0x73,0x12,0x7E,0x00,0x05,0x21,0x00,0x80,
	0x00,0x80,0x01,0x22,0x03,0x09,0x00,0x00,
	0x29,0x07,0x00,0x0A,0x1F,0x00,0x64,0x05,
	0x21,0x04,0x00,0x04,0x00,0x22,0x01,0x1E,
	0x03,0x09,0x00,0x00,0x29,0x07,0x7B,0x00,
	0x0B,0x20,0x04,0x01,0x16,0x01,0x06,0x21,
	0x02,0x00,0x02,0x00,0x01,0x1E,0x03,0x09,
	0x00,0x05,0x1E,0x00,0x29,0x12,0x7B,0x73,
	0x00,0x0D,0x20,0x06,0x01,0x0D,0x01,0x04,
	0x01,0x14,0x21,0x02,0x00,0x02,0x00,0x01,
	0x1E,0x03,0x09,0x00,0x00,0x29,0x12,0x7B,
	0x00,0x05,0x21,0x04,0x00,0x04,0x00,0x01,
	0x1E,0x03,0x09,0x00,0x00,0x0B,0x73,0x31,
	0x01,0x73,0x00,0x01,0x22,0x04,0x09,0x00,
	0x00,0x30,0x07,0x7B,0x00,0x05,0x21,0x04,
	0x00,0x04,0x00,0x01,0x1E,0x05,0x09,0x00,
	0x00,0x1B,0x01,0x00,0x01,0x22,0x06,0x09,
	0x00,0x05,0x1E,0x00,0x07,0x25,0x7B,0x73,
	0x12,0x7B,0x73,0x00,0x0D,0x20,0x06,0x01,
	0x12,0x01,0x0E,0x01,0x14,0x21,0x02,0x00,
	0x02,0x00,0x01,0x1E,0x06,0x09,0x00,0x00,
	0x07,0x25,0x7B,0x73,0x12,0x7E,0x00,0x01,
	0x1E,0x1B,0x09,0x00,0x00,0x32,0x01,0x7D,
	0x00,0x01,0x1E,0x0F,0x09,0x00,0x00,0x20,
	0x11,0x19,0x7B,0x00,0x06,0x20,0x04,0x01,
	0x0C,0x01,0x0E,0x01,0x1E,0x0F,0x09,0x00,
	0x05,0x1E,0x00,0x20,0x12,0x7B,0x00,0x01,
	0x07,0x01,0x1E,0x0F,0x09,0x00,0x00,0x20,
	0x12,0x7B,0x00,0x01,0x08,0x01,0x1E,0x0F,
	0x09,0x00,0x00,0x20,0x11,0x7B,0x73,0x01,
	0x7E,0x00,0x05,0x21,0x00,0x80,0x00,0x80,
	0x0F,0x09,0x00,0x00,0x0F,0x07,0x00,0x0A,
	0x1F,0x01,0x63,0x05,0x21,0x04,0x00,0x04,
	0x00,0x22,0x01,0x1E,0x0F,0x09,0x00,0x05,
	0x1E,0x00,0x0F,0x19,0x7E,0x73,0x00,0x0B,
	0x20,0x04,0x01,0x16,0x01,0x0E,0x21,0x02,
	0x00,0x02,0x00,0x01,0x1E,0x0F,0x09,0x00,
	0x00,0x0F,0x01,0x7E,0x00,0x01,0x1E,0x0F,
	0x09,0x00,0x00,0x0B,0x73,0x01,0x00,0x01,
	0x22,0x1C,0x09,0x00,0x00,0x31,0x01,0x7D,
	0x00,0x01,0x1E,0x0C,0x09,0x00,0x00,0x22,
	0x7B,0x00,0x0F,0x20,0x08,0x01,0x14,0x01,
	0x02,0x01,0x03,0x01,0x13,0x21,0x00,0x80,
	0x00,0x80,0x01,0x1E,0x0C,0x09,0x00,0x00,
	0x1B,0x07,0x7B,0x00,0x01,0x1E,0x0C,0x09,
	0x00,0x00,0x01,0x1B,0x02,0x00,0x0A,0x1F,
	0x01,0x63,0x05,0x21,0x04,0x00,0x04,0x00,
	0x22,0x01,0x1E,0x0C,0x09,0x00,0x00,0x01,
	0x1B,0x12,0x7B,0x73,0x00,0x05,0x21,0x04,
	0x00,0x04,0x00,0x01,0x1E,0x0E,0x09,0x00,
	0x00,0x01,0x73,0x20,0x01,0x73,0x00,0x01,
	0x22,0x0E,0x09,0x00,0x00,0x20,0x07,0x00,
	0x0A,0x1F,0x01,0x63,0x05,0x21,0x04,0x00,
	0x04,0x00,0x1E,0x01,0x1E,0x0E,0x09,0x00,
	0x00,0x20,0x01,0x7B,0x00,0x0A,0x20,0x08,
	0x01,0x1A,0x01,0x14,0x01,0x12,0x01,0x13,
	0x01,0x1E,0x0E,0x09,0x00,0x00,0x20,0x82,
	0x12,0x7B,0x00,0x0A,0x20,0x08,0x01,0x0D,
	0x01,0x07,0x01,0x03,0x01,0x0E,0x01,0x1E,
	0x0E,0x09,0x00,0x00,0x20,0x07,0x7B,0x00,
	0x05,0x21,0x04,0x00,0x04,0x00,0x01,0x1E,
	0x0E,0x09,0x00,0x00,0x01,0x7B,0x73,0x20,
	0x01,0x7D,0x00,0x01,0x1E,0x0E,0x09,0x00,
	0x00,0x0B,0x7B,0x73,0x20,0x01,0x7D,0x00,
	0x01,0x22,0x13,0x09,0x00,0x00,0x29,0x12,
	0x7E,0x00,0x06,0x0D,0x21,0x02,0x00,0x02,
	0x00,0x01,0x1E,0x13,0x09,0x00,0x00,0x29,
	0x07,0x7B,0x00,0x06,0x20,0x04,0x01,0x04,
	0x01,0x03,0x01,0x1E,0x13,0x09,0x00,0x00,
	0x2A,0x07,0x7D,0x00,0x0A,0x1F,0x01,0x63,
	0x05,0x21,0x04,0x00,0x04,0x00,0x22,0x01,
	0x1E,0x13,0x09,0x00,0x00,0x2A,0x07,0x7D,
	0x00,0x0B,0x21,0x04,0x00,0x04,0x00,0x21,
	0x00,0x80,0x00,0x80,0x22,0x01,0x1E,0x13,
	0x09,0x00,0x00,0x2A,0x07,0x7B,0x00,0x05,
	0x21,0x04,0x00,0x04,0x00,0x01,0x1E,0x13,
	0x09,0x00,0x00,0x2B,0x02,0x00,0x0A,0x1F,
	0x00,0x64,0x05,0x21,0x04,0x00,0x04,0x00,
	0x22,0x01,0x1E,0x13,0x09,0x00,0x05,0x1E,
	0x00,0x2B,0x12,0x7E,0x73,0x00,0x12,0x20,
	0x06,0x01,0x16,0x01,0x04,0x01,0x10,0x21,
	0x02,0x00,0x02,0x00,0x21,0x04,0x00,0x04,
	0x00,0x01,0x1E,0x13,0x09,0x00,0x1E,0x00,
	0x2B,0x12,0x7E,0x73,0x00,0x01,0x1E,0x13,
	0x09,0x00,0x1E,0x00,0x1F,0x11,0x2A,0x82,
	0x12,0x7B,0x73,0x00,0x01,0x1E,0x13,0x09,
	0x00,0x00,0x86,0x11,0x29,0x07,0x00,0x01,
	0x22,0x13,0x09,0x00,0x1E,0x00,0x2F,0x29,
	0x82,0x12,0x7B,0x73,0x00,0x01,0x1E,0x14,
	0x09,0x00,0x00,0x2F,0x07,0x00,0x0A,0x1F,
	0x01,0x63,0x05,0x21,0x04,0x00,0x04,0x00,
	0x1E,0x01,0x1E,0x14,0x09,0x00,0x00,0x2F,
	0x12,0x7F,0x00,0x0C,0x20,0x04,0x01,0x13,
	0x01,0x0E,0x20,0x04,0x01,0x0F,0x01,0x09,
	0x01,0x1E,0x14,0x09,0x00,0x00,0x2F,0x07,
	0x7F,0x00,0x05,0x21,0x04,0x00,0x04,0x00,
	0x01,0x1E,0x14,0x09,0x00,0x00,0x01,0x2F,
	0x02,0x00,0x0A,0x1F,0x01,0x63,0x05,0x21,
	0x04,0x00,0x04,0x00,0x22,0x01,0x1E,0x14,
	0x09,0x00,0x00,0x01,0x2F,0x7B,0x73,0x12,
	0x7E,0x00,0x01,0x1E,0x15,0x09,0x00,0x00,
	0x31,0x0D,0x7B,0x73,0x01,0x7E,0x00,0x01,
	0x22,0x15,0x09,0x00,0x05,0x1E,0x00,0x1F,
	0x11,0x7B,0x73,0x01,0x7E,0x73,0x00,0x18,
	0x20,0x0C,0x01,0x0D,0x01,0x0E,0x01,0x0C,
	0x01,0x04,0x01,0x10,0x01,0x13,0x21,0x02,
	0x00,0x02,0x00,0x21,0x04,0x00,0x04,0x00,
	0x01,0x1E,0x15,0x09,0x00,0x00,0x1F,0x11,
	0x7B,0x73,0x01,0x7E,0x00,0x01,0x1E,0x15,
	0x09,0x00,0x05,0x1E,0x00,0x29,0x12,0x7B,
	0x73,0x01,0x7E,0x73,0x00,0x01,0x1E,0x16,
	0x09,0x00,0x00,0x26,0x02,0x00,0x09,0x20,
	0x06,0x01,0x07,0x01,0x0C,0x01,0x12,0x22,
	0x01,0x1E,0x16,0x09,0x00,0x00,0x26,0x07,
	0x00,0x0A,0x1F,0x01,0x63,0x05,0x21,0x04,
	0x00,0x04,0x00,0x22,0x01,0x1E,0x16,0x09,
	0x00,0x05,0x1E,0x00,0x26,0x82,0x12,0x7E,
	0x73,0x00,0x06,0x14,0x21,0x02,0x00,0x02,
	0x00,0x16,0x09,0x00,0x1E,0x00,0x26,0x82,
	0x12,0x7E,0x73,0x00,0x05,0x21,0x04,0x00,
	0x04,0x00,0x01,0x1E,0x1A,0x09,0x00,0x1E,
	0x00,0x2A,0x07,0x7B,0x73,0x00,0x0A,0x21,
	0x04,0x00,0x04,0x00,0x21,0x00,0x80,0x00,
	0x80,0x01,0x1E,0x12,0x0B,0x00,0x00,0x1A,
	0x31,0x00,0x01,0x22,0x12,0x0B,0x00,0x00,
	0x1A,0x31,0x00,0x01,0x22,0x05,0x0B,0x00,
	0x00,0x01,0x31,0x00,0x05,0x0C,0x00,0x00,
	0x2F,0x84,0x12,0x1B,0x7B,0x00,0x01,0x1E,
	0x0F,0x0C,0x00,0x00,0x32,0x0A,0x1B,0x7F,
	0x00,0x05,0x21,0x00,0x80,0x00,0x80,0x01,
	0x22,0x01,0x0D,0x00,0x00,0x31,0x12,0x1F,
	0x00,0x01,0x22,0x01,0x0D,0x00,0x1E,0x00,
	0x20,0x85,0x11,0x1F,0x7B,0x73,0x00,0x01,
	0x1E,0x05,0x0D,0x00,0x1E,0x00,0x20,0x04,
	0x1F,0x7B,0x73,0x00,0x01,0x1E,0x09,0x0D,
	0x00,0x00,0x29,0x82,0x12,0x1F,0x00,0x01,
	0x22,0x05,0x0E,0x00,0x00,0x86,0x0B,0x01,
	0x20,0x00,0x01,0x22,0x05,0x0E,0x00,0x00,
	0x0C,0x20,0x00,0x01,0x22,0x05,0x0E,0x00,
	0x00,0x0E,0x20,0x00,0x07,0x0E,0x00,0x00,
	0x37,0x20,0x00,0x01,0x1E,0x0F,0x0E,0x00,
	0x00,0x20,0x06,0x20,0x00,0x01,0x22,0x15,
	0x0E,0x00,0x1E,0x00,0x2F,0x09,0x20,0x7B,
	0x6D,0x00,0x01,0x1E,0x03,0x0F,0x00,0x00,
	0x31,0x0A,0x7B,0x00,0x01,0x1E,0x04,0x0F,
	0x00,0x1E,0x00,0x30,0x0B,0x7B,0x73,0x00,
	0x0A,0x21,0x04,0x00,0x04,0x00,0x21,0x00,
	0x80,0x00,0x80,0x01,0x1E,0x05,0x0F,0x00,
	0x00,0x11,0x7B,0x73,0x01,0x7D,0x73,0x00,
	0x05,0x0F,0x00,0x00,0x0B,0x00,0x06,0x0F,
	0x00,0x00,0x25,0x0A,0x00,0x01,0x22,0x06,
	0x0F,0x00,0x1E,0x00,0x25,0x0A,0x7B,0x73,
	0x00,0x01,0x1E,0x07,0x0F,0x00,0x00,0x11,
	0x32,0x7B,0x73,0x0B,0x7D,0x00,0x01,0x22,
	0x1B,0x0F,0x00,0x00,0x32,0x0A,0x7F,0x00,
	0x05,0x21,0x00,0x80,0x00,0x80,0x01,0x1E,
	0x08,0x0F,0x00,0x00,0x1B,0x0B,0x00,0x09,
	0x0F,0x00,0x00,0x31,0x12,0x7B,0x73,0x0B,
	0x7D,0x00,0x01,0x1E,0x09,0x0F,0x00,0x00,
	0x30,0x0C,0x00,0x01,0x1E,0x09,0x0F,0x00,
	0x00,0x06,0x18,0x00,0x01,0x22,0x09,0x0F,
	0x00,0x00,0x1A,0x06,0x18,0x7F,0x00,0x01,
	0x1E,0x09,0x0F,0x00,0x00,0x06,0x18,0x00,
	0x01,0x22,0x09,0x0F,0x00,0x00,0x06,0x18,
	0x00,0x01,0x22,0x09,0x0F,0x00,0x00,0x06,
	0x18,0x00,0x01,0x22,0x0D,0x0F,0x00,0x00,
	0x11,0x7B,0x73,0x1F,0x0B,0x7D,0x00,0x01,
	0x1E,0x0D,0x0F,0x00,0x00,0x01,0x7B,0x73,
	0x1F,0x11,0x7E,0x00,0x05,0x21,0x04,0x00,
	0x04,0x00,0x01,0x1E,0x0E,0x0F,0x00,0x00,
	0x01,0x73,0x20,0x0B,0x00,0x01,0x22,0x0E,
	0x0F,0x00,0x00,0x01,0x73,0x20,0x0B,0x00,
	0x01,0x22,0x0E,0x0F,0x00,0x00,0x20,0x09,
	0x18,0x7B,0x00,0x01,0x1E,0x01,0x1E,0x0E,
	0x0F,0x00,0x00,0x01,0x20,0x7B,0x73,0x0B,
	0x7D,0x00,0x01,0x22,0x0E,0x0F,0x00,0x00,
	0x01,0x7B,0x73,0x20,0x0B,0x00,0x0A,0x1F,
	0x01,0x63,0x05,0x21,0x04,0x00,0x04,0x00,
	0x22,0x01,0x1E,0x0E,0x0F,0x00,0x00,0x01,
	0x7B,0x73,0x20,0x11,0x7B,0x00,0x01,0x1E,
	0x0F,0x0F,0x00,0x00,0x20,0x0E,0x7D,0x00,
	0x01,0x1E,0x12,0x0F,0x00,0x00,0x01,0x1A,
	0x0B,0x00,0x0A,0x1F,0x01,0x63,0x05,0x21,
	0x04,0x00,0x04,0x00,0x22,0x01,0x1E,0x12,
	0x0F,0x00,0x00,0x01,0x1A,0x0B,0x7B,0x00,
	0x06,0x14,0x21,0x04,0x00,0x04,0x00,0x01,
	0x1E,0x12,0x0F,0x00,0x00,0x01,0x0F,0x7B,
	0x00,0x13,0x0F,0x00,0x00,0x11,0x29,0x7B,
	0x73,0x0B,0x7D,0x00,0x01,0x22,0x13,0x0F,
	0x00,0x00,0x29,0x0B,0x7B,0x00,0x0F,0x20,
	0x0D,0x02,0x0E,0x07,0x01,0x09,0x01,0x03,
	0x01,0x14,0x01,0x0D,0x01,0x04,0x01,0x1E,
	0x13,0x0F,0x00,0x00,0x01,0x7B,0x73,0x29,
	0x0B,0x7D,0x00,0x01,0x22,0x13,0x0F,0x00,
	0x00,0x01,0x7B,0x73,0x29,0x0B,0x7D,0x00,
	0x01,0x22,0x13,0x0F,0x00,0x00,0x29,0x0A,
	0x7B,0x00,0x0A,0x1F,0x01,0x63,0x05,0x21,
	0x04,0x00,0x04,0x00,0x22,0x01,0x1E,0x14,
	0x0F,0x00,0x00,0x2F,0x0B,0x7D,0x00,0x0A,
	0x1F,0x00,0x64,0x05,0x21,0x04,0x00,0x04,
	0x00,0x1E,0x01,0x1E,0x14,0x0F,0x00,0x00,
	0x0B,0x2F,0x7B,0x73,0x0B,0x7D,0x00,0x01,
	0x22,0x15,0x0F,0x00,0x00,0x01,0x18,0x00,
	0x15,0x0F,0x00,0x00,0x1A,0x0E,0x00,0x01,
	0x22,0x15,0x0F,0x00,0x05,0x1E,0x00,0x0F,
	0x7E,0x73,0x00,0x14,0x20,0x08,0x01,0x16,
	0x01,0x02,0x01,0x04,0x01,0x10,0x21,0x02,
	0x00,0x02,0x00,0x21,0x04,0x00,0x04,0x00,
	0x01,0x1E,0x15,0x0F,0x00,0x00,0x0F,0x7E,
	0x73,0x00,0x05,0x21,0x00,0x80,0x00,0x80,
	0x01,0x1E,0x15,0x0F,0x00,0x1E,0x00,0x29,
	0x11,0x7B,0x73,0x00,0x01,0x1E,0x15,0x0F,
	0x00,0x00,0x2F,0x08,0x00,0x01,0x22,0x15,
	0x0F,0x00,0x00,0x0E,0x7D,0x00,0x01,0x22,
	0x19,0x0F,0x00,0x00,0x0B,0x19,0x7B,0x73,
	0x0B,0x7D,0x00,0x01,0x22,0x05,0x10,0x00,
	0x00,0x0F,0x2D,0x00,0x01,0x22,0x0C,0x10,
	0x00,0x00,0x22,0x2D,0x7F,0x00,0x01,0x1E,
	0x0F,0x10,0x00,0x1E,0x00,0x30,0x06,0x2D,
	0x7B,0x73,0x00,0x01,0x1E,0x0F,0x10,0x00,
	0x00,0x2F,0x06,0x2D,0x7B,0x73,0x00,0x01,
	0x1E,0x05,0x1C,0x00,0x00,0x0F,0x31,0x00,
	0x01,0x1E,0x05,0x12,0x00,0x00,0x30,0x04,
	0x1A,0x00,0x01,0x22,0x05,0x21,0x04,0x40,
	0x04,0x00,0x12,0x12,0x00,0x00,0x1A,0x00,
	0x01,0x13,0x00,0x1E,0x00,0x0A,0x29,0x00,
	0x03,0x13,0x00,0x00,0x2B,0x00,0x03,0x13,
	0x00,0x00,0x2B,0x00,0x03,0x13,0x00,0x00,
	0x2B,0x00,0x01,0x1E,0x03,0x13,0x00,0x00,
	0x2B,0x00,0x01,0x22,0x05,0x21,0x04,0x00,
	0x04,0x00,0x03,0x13,0x00,0x00,0x31,0x29,
	0x00,0x05,0x13,0x00,0x00,0x01,0x29,0x00,
	0x01,0x22,0x05,0x21,0x04,0x40,0x04,0x00,
	0x09,0x13,0x00,0x00,0x11,0x2C,0x7E,0x00,
	0x01,0x1E,0x0B,0x13,0x00,0x00,0x01,0x31,
	0x29,0x00,0x01,0x22,0x0B,0x13,0x00,0x00,
	0x01,0x31,0x29,0x00,0x01,0x22,0x0B,0x13,
	0x00,0x00,0x01,0x31,0x29,0x7E,0x00,0x01,
	0x1E,0x0B,0x13,0x00,0x00,0x01,0x31,0x29,
	0x00,0x01,0x22,0x0B,0x13,0x00,0x00,0x07,
	0x31,0x29,0x00,0x01,0x22,0x0C,0x13,0x00,
	0x00,0x22,0x00,0x01,0x1E,0x09,0x13,0x00,
	0x00,0x11,0x2C,0x7E,0x00,0x01,0x1E,0x0E,
	0x13,0x00,0x00,0x20,0x00,0x01,0x1E,0x0F,
	0x13,0x00,0x00,0x20,0x89,0x11,0x29,0x7E,
	0x00,0x01,0x1E,0x01,0x1E,0x0F,0x13,0x00,
	0x00,0x24,0x2A,0x7E,0x00,0x0A,0x21,0x02,
	0x00,0x02,0x00,0x21,0x02,0x00,0x02,0x00,
	0x01,0x1E,0x0F,0x13,0x00,0x00,0x24,0x29,
	0x7F,0x00,0x01,0x1E,0x15,0x13,0x00,0x00,
	0x20,0x09,0x29,0x00,0x01,0x22,0x03,0x14,
	0x00,0x00,0x36,0x00,0x08,0x14,0x00,0x00,
	0x01,0x27,0x00,0x01,0x1E,0x09,0x14,0x00,
	0x00,0x31,0x12,0x2F,0x7E,0x00,0x01,0x1E,
	0x0F,0x14,0x00,0x00,0x20,0x11,0x2F,0x7F,
	0x73,0x00,0x01,0x1E,0x12,0x14,0x00,0x00,
	0x01,0x1A,0x2F,0x7F,0x00,0x05,0x21,0x00,
	0x80,0x00,0x80,0x01,0x1E,0x01,0x15,0x00,
	0x00,0x1B,0x11,0x7B,0x73,0x0E,0x7E,0x00,
	0x01,0x1E,0x0D,0x15,0x00,0x00,0x03,0x1F,
	0x0E,0x00,0x01,0x22,0x0D,0x15,0x00,0x00,
	0x1F,0x10,0x7B,0x00,0x08,0x20,0x06,0x01,
	0x06,0x01,0x08,0x01,0x0C,0x01,0x1E,0x0D,
	0x15,0x00,0x00,0x1F,0x0E,0x7B,0x00,0x01,
	0x1E,0x0E,0x15,0x00,0x00,0x12,0x20,0x10,
	0x00,0x01,0x22,0x05,0x21,0x00,0x01,0x00,
	0x00,0x0F,0x15,0x00,0x00,0x0C,0x00,0x14,
	0x15,0x00,0x00,0x2F,0x10,0x00,0x06,0x21,
	0x04,0x10,0x04,0x00,0x22,0x01,0x1E,0x14,
	0x15,0x00,0x00,0x2F,0x10,0x7D,0x00,0x10,
	0x20,0x08,0x01,0x02,0x01,0x03,0x01,0x10,
	0x01,0x0D,0x21,0x00,0x80,0x00,0x80,0x22,
	0x01,0x1E,0x14,0x15,0x00,0x00,0x2F,0x10,
	0x7B,0x00,0x0A,0x20,0x08,0x01,0x02,0x01,
	0x03,0x01,0x10,0x01,0x0D,0x01,0x1E,0x14,
	0x15,0x00,0x00,0x2F,0x0E,0x7D,0x00,0x06,
	0x21,0x00,0x80,0x00,0x80,0x22,0x01,0x1E,
	0x14,0x15,0x00,0x00,0x2F,0x0E,0x7B,0x00,
	0x01,0x1E,0x01,0x16,0x00,0x00,0x74,0x20,
	0x05,0x26,0x00,0x01,0x22,0x01,0x17,0x00,
	0x00,0x1A,0x0B,0x18,0x00,0x01,0x22,0x05,
	0x21,0x04,0x00,0x04,0x00,0x01,0x17,0x00,
	0x1E,0x00,0x03,0x18,0x73,0x00,0x01,0x1E,
	0x0C,0x05,0x17,0x00,0x00,0x1B,0x04,0x18,
	0x00,0x01,0x22,0x0F,0x17,0x00,0x00,0x20,
	0x09,0x18,0x00,0x0F,0x17,0x00,0x00,0x0F,
	0x18,0x00,0x0F,0x1A,0x00,0x00,0x86,0x11,
	0x0B,0x2A,0x00,0x01,0x22,0x05,0x21,0x00,
	0x80,0x00,0x80,0x1A,0x1A,0x00,0x00,0x0B,
	0x2A,0x00,0x01,0x22,0x1A,0x1A,0x00,0x00,
	0x0B,0x2A,0x00,0x01,0x22,0x05,0x09,0x00,
	0x19,0x1E,0x00,0x30,0x73,0x00,0x01,0x1E,
	0x05,0x09,0x00,0x00,0x1A,0x01,0x00,0x06,
	0x21,0x04,0x00,0x04,0x00,0x22,0x01,0x1E,
	0x05,0x09,0x00,0x19,0x1E,0x00,0x1A,0x11,
	0x7B,0x73,0x00,0x01,0x1E,0x13,0x05,0x00,
	0x00,0x2F,0x29,0x04,0x00,0x0A,0x1F,0x00,
	0x64,0x05,0x21,0x04,0x00,0x04,0x00,0x22,
	0x01,0x1E,0x13,0x05,0x00,0x1E,0x00,0x2F,
	0x29,0x12,0x7B,0x73,0x00,0x0A,0x21,0x04,
	0x02,0x04,0x02,0x21,0x04,0x00,0x04,0x00,
	0x01,0x22,0x13,0x05,0x00,0x05,0x1E,0x00,
	0x2F,0x29,0x12,0x7B,0x73,0x00,0x0C,0x20,
	0x0A,0x01,0x03,0x01,0x13,0x01,0x15,0x01,
	0x16,0x01,0x1A,0x01,0x22,0x13,0x05,0x00,
	0x05,0x1E,0x00,0x2F,0x29,0x12,0x7B,0x73,
	0x00,0x15,0x0C,0x20,0x12,0x01,0x02,0x01,
	0x03,0x01,0x04,0x01,0x06,0x01,0x07,0x01,
	0x0B,0x01,0x10,0x01,0x14,0x01,0x1A,0x01,
	0x22,0x13,0x05,0x00,0x05,0x1E,0x00,0x2F,
	0x29,0x12,0x7B,0x73,0x00,0x1E,0x20,0x12,
	0x01,0x02,0x01,0x04,0x01,0x0B,0x01,0x0C,
	0x01,0x0D,0x01,0x0E,0x01,0x10,0x01,0x12,
	0x01,0x14,0x21,0x02,0x00,0x02,0x00,0x21,
	0x04,0x00,0x04,0x00,0x01,0x22,0x13,0x05,
	0x00,0x1E,0x00,0x2F,0x29,0x12,0x7B,0x73,
	0x00,0x01,0x22,0x0E,0x09,0x00,0x00,0x21,
	0x02,0x00,0x0A,0x1F,0x00,0x64,0x05,0x21,
	0x04,0x00,0x04,0x00,0x22,0x01,0x1E,0x0E,
	0x09,0x00,0x1E,0x00,0x21,0x12,0x7B,0x73,
	0x00,0x0A,0x21,0x04,0x02,0x04,0x02,0x21,
	0x04,0x00,0x04,0x00,0x01,0x1E,0x0E,0x09,
	0x00,0x05,0x1E,0x00,0x21,0x12,0x7B,0x73,
	0x00,0x03,0x07,0x0E,0x05,0x01,0x1E,0x0E,
	0x09,0x00,0x05,0x1E,0x00,0x21,0x12,0x7B,
	0x73,0x00,0x05,0x07,0x0E,0x0F,0x10,0x13,
	0x01,0x1E,0x0E,0x09,0x00,0x05,0x1E,0x00,
	0x21,0x12,0x7B,0x73,0x00,0x03,0x07,0x0E,
	0x15,0x01,0x1E,0x0E,0x09,0x00,0x05,0x1E,
	0x00,0x21,0x12,0x7B,0x73,0x00,0x0E,0x14,
	0x13,0x01,0x20,0x08,0x01,0x02,0x01,0x10,
	0x01,0x14,0x01,0x17,0x22,0x01,0x22,0x0E,
	0x09,0x00,0x05,0x1E,0x00,0x21,0x12,0x7B,
	0x73,0x00,0x11,0x07,0x0E,0x01,0x20,0x0C,
	0x02,0x08,0x03,0x02,0x0C,0x06,0x01,0x04,
	0x01,0x0D,0x01,0x12,0x01,0x1E,0x0E,0x09,
	0x00,0x05,0x1E,0x00,0x21,0x12,0x7B,0x73,
	0x00,0x1D,0x07,0x0E,0x09,0x20,0x18,0x03,
	0x10,0x0D,0x09,0x02,0x17,0x14,0x02,0x12,
	0x03,0x02,0x12,0x05,0x02,0x12,0x06,0x01,
	0x08,0x01,0x07,0x01,0x13,0x01,0x14,0x01,
	0x1E,0x0E,0x09,0x00,0x1E,0x00,0x21,0x12,
	0x7B,0x73,0x00,0x02,0x07,0x0E,0x01,0x1E,
	0x0E,0x09,0x00,0x05,0x1E,0x00,0x21,0x12,
	0x7B,0x73,0x00,0x0E,0x20,0x0C,0x01,0x03,
	0x01,0x07,0x01,0x13,0x01,0x15,0x01,0x16,
	0x01,0x1A,0x01,0x1E,0x0E,0x09,0x00,0x05,
	0x1E,0x00,0x21,0x12,0x7B,0x73,0x00,0x15,
	0x0C,0x20,0x12,0x01,0x02,0x01,0x03,0x01,
	0x04,0x01,0x06,0x01,0x07,0x01,0x0B,0x01,
	0x10,0x01,0x14,0x01,0x1A,0x01,0x1E,0x0E,
	0x09,0x00,0x05,0x1E,0x00,0x21,0x12,0x7B,
	0x73,0x00,0x1E,0x20,0x12,0x01,0x02,0x01,
	0x04,0x01,0x0B,0x01,0x0C,0x01,0x0D,0x01,
	0x0E,0x01,0x10,0x01,0x12,0x01,0x14,0x21,
	0x02,0x00,0x02,0x00,0x21,0x04,0x00,0x04,
	0x00,0x01,0x1E,0x0E,0x09,0x00,0x1E,0x00,
	0x21,0x12,0x7B,0x73,0x00,0x01,0x1E,0x05,
	0x09,0x00,0x19,0x1E,0x00,0x2A,0x00,0x01,
	0x22,0x01,0x00,0x00,0x06,0x7D,0x00,0x01,
	0x00,0x00,0x03,0x06,0x00,0x01,0x00,0x00,
	0x04,0x00,0x01,0x00,0x00,0x04,0x06,0x00,
	0x01,0x00,0x00,0x07,0x00,0x01,0x22,0x01,
	0x00,0x00,0x07,0x00,0x01,0x22,0x01,0x00,
	0x00,0x03,0x00,0x06,0x20,0x04,0x01,0x12,
	0x01,0x0C,0x01,0x00,0x00,0x11,0x00,0x01,
	0x22,0x03,0x13,0x14,0x08,0x01,0x00,0x00,
	0x81,0x11,0x00,0x01,0x00,0x00,0x06,0x00,
	0x01,0x00,0x00,0x86,0x11,0x00,0x01,0x22,
	0x01,0x00,0x00,0x01,0x06,0x00,0x01,0x00,
	0x00,0x01,0x06,0x00,0x01,0x00,0x00,0x07,
	0x00,0x01,0x00,0x00,0x07,0x73,0x00,0x05,
	0x21,0x02,0x00,0x02,0x00,0x01,0x00,0x00,
	0x07,0x00,0x01,0x00,0x00,0x04,0x00,0x01,
	0x00,0x00,0x83,0x11,0x00,0x01,0x00,0x00,
	0x07,0x00,0x01,0x00,0x00,0x1B,0x05,0x00,
	0x0A,0x1F,0x00,0x64,0x05,0x21,0x04,0x00,
	0x04,0x00,0x22,0x01,0x1E,0x01,0x00,0x05,
	0x1E,0x00,0x1B,0x85,0x11,0x7B,0x73,0x00,
	0x10,0x21,0x04,0x00,0x04,0x00,0x21,0x02,
	0x00,0x02,0x00,0x21,0x04,0x00,0x04,0x00,
	0x22,0x01,0x1E,0x01,0x00,0x00,0x1B,0x85,
	0x11,0x7B,0x00,0x05,0x21,0x04,0x00,0x04,
	0x00,0x01,0x1E,0x01,0x00,0x00,0x0B,0x06,
	0x00,0x01,0x00,0x00,0x08,0x00,0x01,0x1E,
	0x01,0x00,0x00,0x1A,0x86,0x11,0x7B,0x73,
	0x00,0x0A,0x21,0x04,0x00,0x04,0x00,0x21,
	0x00,0x80,0x00,0x80,0x01,0x1E,0x01,0x00,
	0x00,0x0E,0x06,0x00,0x01,0x00,0x00,0x08,
	0x00,0x01,0x00,0x00,0x08,0x00,0x01,0x00,
	0x00,0x0B,0x00,0x01,0x00,0x00,0x08,0x00,
	0x01,0x00,0x00,0x0B,0x00,0x08,0x20,0x06,
	0x01,0x06,0x01,0x16,0x01,0x12,0x01,0x00,
	0x00,0x08,0x00,0x01,0x22,0x01,0x00,0x00,
	0x0A,0x00,0x01,0x00,0x00,0x18,0x06,0x00,
	0x01,0x00,0x00,0x26,0x06,0x00,0x01,0x00,
	0x00,0x0A,0x00,0x0A,0x1F,0x01,0x63,0x05,
	0x21,0x04,0x00,0x04,0x00,0x1E,0x01,0x00,
	0x00,0x0A,0x00,0x0A,0x1F,0x00,0x01,0x05,
	0x21,0x04,0x00,0x04,0x00,0x1E,0x01,0x00,
	0x00,0x19,0x06,0x00,0x01,0x00,0x00,0x07,
	0x00,0x01,0x00,0x00,0x03,0x00,0x02,0x00,
	0x00,0x07,0x2E,0x00,0x01,0x22,0x15,0x20,
	0x0E,0x01,0x04,0x01,0x06,0x01,0x0C,0x01,
	0x0E,0x01,0x10,0x01,0x12,0x01,0x13,0x21,
	0x02,0x00,0x02,0x00,0x02,0x00,0x00,0x07,
	0x2E,0x00,0x01,0x22,0x15,0x20,0x0E,0x01,
	0x04,0x01,0x06,0x01,0x0C,0x01,0x0E,0x01,
	0x10,0x01,0x12,0x01,0x13,0x21,0x02,0x00,
	0x02,0x00,0x02,0x00,0x00,0x19,0x2E,0x00,
	0x02,0x00,0x00,0x2F,0x00,0x01,0x1E,0x02,
	0x00,0x00,0x2F,0x00,0x01,0x1E,0x03,0x00,
	0x00,0x36,0x00,0x06,0x20,0x04,0x01,0x05,
	0x01,0x09,0x03,0x00,0x00,0x31,0x00,0x03,
	0x00,0x00,0x36,0x00,0x03,0x00,0x00,0x31,
	0x00,0x03,0x00,0x00,0x36,0x00,0x01,0x22,
	0x03,0x00,0x00,0x1C,0x00,0x03,0x00,0x00,
	0x2B,0x00,0x03,0x00,0x00,0x36,0x00,0x03,
	0x00,0x00,0x31,0x00,0x0F,0x20,0x04,0x01,
	0x05,0x01,0x0F,0x1F,0x01,0x63,0x05,0x21,
	0x04,0x00,0x04,0x00,0x01,0x1E,0x03,0x00,
	0x00,0x31,0x00,0x01,0x22,0x06,0x0F,0x21,
	0x20,0x00,0x20,0x00,0x03,0x00,0x00,0x31,
	0x00,0x08,0x20,0x06,0x01,0x0C,0x01,0x0E,
	0x01,0x12,0x03,0x00,0x00,0x31,0x00,0x01,
	0x22,0x02,0x05,0x0D,0x03,0x00,0x00,0x31,
	0x00,0x03,0x12,0x0F,0x22,0x03,0x00,0x00,
	0x36,0x00,0x03,0x00,0x00,0x36,0x00,0x05,
	0x21,0x02,0x00,0x02,0x00,0x03,0x00,0x00,
	0x31,0x29,0x00,0x03,0x00,0x00,0x31,0x00,
	0x03,0x00,0x00,0x07,0x29,0x7D,0x00,0x01,
	0x22,0x08,0x20,0x06,0x01,0x01,0x01,0x03,
	0x01,0x10,0x03,0x00,0x00,0x2A,0x00,0x01,
	0x1E,0x03,0x00,0x00,0x36,0x00,0x03,0x00,
	0x00,0x36,0x00,0x04,0x00,0x00,0x01,0x30,
	0x00,0x01,0x22,0x05,0x21,0x04,0x10,0x04,
	0x00,0x04,0x00,0x00,0x37,0x00,0x04,0x00,
	0x00,0x37,0x00,0x04,0x00,0x00,0x2F,0x00,
	0x01,0x22,0x04,0x00,0x00,0x2F,0x00,0x01,
	0x22,0x04,0x00,0x00,0x37,0x00,0x04,0x00,
	0x00,0x37,0x00,0x05,0x00,0x00,0x01,0x00,
	0x0A,0x1F,0x01,0x63,0x05,0x21,0x04,0x00,
	0x04,0x00,0x1E,0x01,0x1E,0x05,0x00,0x00,
	0x11,0x01,0x00,0x05,0x21,0x00,0x80,0x00,
	0x80,0x01,0x1E,0x05,0x00,0x00,0x04,0x00,
	0x04,0x13,0x15,0x12,0x05,0x05,0x00,0x00,
	0x04,0x00,0x02,0x04,0x1E,0x05,0x00,0x00,
	0x03,0x00,0x08,0x20,0x06,0x02,0x12,0x02,
	0x02,0x14,0x13,0x02,0x0B,0x1E,0x05,0x00,
	0x00,0x03,0x00,0x0E,0x20,0x0B,0x02,0x17,
	0x13,0x01,0x02,0x01,0x10,0x01,0x14,0x01,
	0x17,0x1E,0x02,0x12,0x1E,0x05,0x00,0x00,
	0x01,0x00,0x0A,0x20,0x08,0x01,0x1C,0x02,
	0x08,0x13,0x02,0x12,0x17,0x05,0x00,0x00,
	0x04,0x00,0x05,0x21,0x04,0x10,0x04,0x00,
	0x08,0x20,0x06,0x03,0x0E,0x13,0x05,0x01,
	0x04,0x05,0x00,0x00,0x04,0x00,0x07,0x1F,
	0x00,0x01,0x01,0x0C,0x14,0x08,0x05,0x00,
	0x00,0x04,0x00,0x02,0x08,0x22,0x01,0x16,
	0x05,0x00,0x00,0x04,0x00,0x07,0x20,0x04,
	0x01,0x0A,0x01,0x1A,0x22,0x05,0x21,0x01,
	0x00,0x01,0x00,0x05,0x00,0x00,0x11,0x00,
	0x06,0x12,0x21,0x04,0x00,0x04,0x00,0x05,
	0x00,0x00,0x81,0x11,0x00,0x05,0x00,0x00,
	0x01,0x7D,0x00,0x0E,0x20,0x0C,0x01,0x15,
	0x01,0x19,0x01,0x03,0x01,0x0E,0x01,0x12,
	0x01,0x13,0x01,0x1E,0x05,0x00,0x00,0x01,
	0x00,0x05,0x00,0x00,0x01,0x03,0x00,0x05,
	0x00,0x00,0x07,0x00,0x05,0x00,0x00,0x07,
	0x00,0x05,0x00,0x00,0x01,0x03,0x00,0x05,
	0x00,0x00,0x07,0x00,0x01,0x08,0x05,0x00,
	0x00,0x83,0x11,0x00,0x06,0x20,0x04,0x01,
	0x16,0x01,0x12,0x06,0x20,0x04,0x01,0x0E,
	0x01,0x0C,0x05,0x00,0x00,0x83,0x11,0x00,
	0x07,0x07,0x20,0x04,0x01,0x08,0x01,0x0E,
	0x05,0x00,0x00,0x81,0x11,0x00,0x05,0x00,
	0x00,0x03,0x00,0x05,0x00,0x00,0x31,0x04,
	0x00,0x01,0x22,0x05,0x00,0x00,0x1B,0x04,
	0x00,0x01,0x22,0x05,0x00,0x00,0x20,0x84,
	0x12,0x00,0x01,0x22,0x05,0x00,0x00,0x20,
	0x04,0x00,0x0A,0x1F,0x01,0x63,0x05,0x21,
	0x04,0x00,0x04,0x00,0x22,0x01,0x1E,0x05,
	0x00,0x05,0x1E,0x00,0x20,0x12,0x7B,0x73,
	0x00,0x09,0x20,0x02,0x01,0x0B,0x21,0x02,
	0x00,0x02,0x00,0x01,0x1E,0x05,0x00,0x05,
	0x1E,0x00,0x24,0x7B,0x73,0x00,0x15,0x20,
	0x0E,0x01,0x16,0x01,0x04,0x01,0x10,0x01,
	0x12,0x01,0x0D,0x01,0x14,0x01,0x13,0x21,
	0x02,0x00,0x02,0x00,0x01,0x1E,0x05,0x00,
	0x1E,0x00,0x24,0x73,0x00,0x05,0x21,0x04,
	0x00,0x04,0x00,0x01,0x1E,0x05,0x00,0x00,
	0x0B,0x73,0x01,0x00,0x01,0x22,0x05,0x00,
	0x00,0x0B,0x03,0x00,0x05,0x00,0x00,0x0B,
	0x01,0x7B,0x00,0x01,0x1E,0x05,0x00,0x00,
	0x11,0x01,0x00,0x0F,0x21,0x04,0x02,0x04,
	0x02,0x21,0x04,0x00,0x04,0x00,0x21,0x02,
	0x00,0x02,0x00,0x02,0x0E,0x22,0x05,0x00,
	0x00,0x04,0x00,0x07,0x20,0x04,0x01,0x0A,
	0x01,0x0C,0x22,0x05,0x00,0x00,0x06,0x01,
	0x00,0x0A,0x1F,0x01,0x01,0x05,0x21,0x04,
	0x00,0x04,0x00,0x22,0x01,0x0E,0x05,0x00,
	0x00,0x01,0x00,0x02,0x10,0x22,0x05,0x00,
	0x00,0x86,0x11,0x01,0x00,0x05,0x00,0x00,
	0x0E,0x03,0x00,0x05,0x00,0x00,0x0C,0x00,
	0x05,0x00,0x00,0x0E,0x00,0x05,0x00,0x00,
	0x0E,0x00,0x05,0x00,0x00,0x0E,0x19,0x00,
	0x0A,0x20,0x08,0x01,0x08,0x01,0x10,0x01,
	0x06,0x01,0x22,0x05,0x00,0x00,0x0E,0x00,
	0x05,0x00,0x00,0x18,0x03,0x00,0x05,0x00,
	0x00,0x0B,0x00,0x02,0x13,0x22,0x01,0x1E,
	0x05,0x00,0x00,0x0E,0x19,0x00,0x0E,0x20,
	0x0C,0x01,0x22,0x01,0x06,0x01,0x08,0x01,
	0x0B,0x01,0x0D,0x01,0x10,0x05,0x00,0x00,
	0x0E,0x00,0x05,0x00,0x05,0x1E,0x00,0x29,
	0x31,0x04,0x7B,0x00,0x11,0x20,0x0A,0x01,
	0x10,0x01,0x02,0x01,0x14,0x01,0x04,0x01,
	0x12,0x21,0x02,0x00,0x02,0x00,0x01,0x1E,
	0x05,0x00,0x00,0x29,0x31,0x04,0x7B,0x00,
	0x01,0x1E,0x05,0x00,0x00,0x03,0x00,0x0A,
	0x1F,0x01,0x63,0x05,0x21,0x04,0x00,0x04,
	0x00,0x22,0x01,0x1E,0x05,0x00,0x00,0x03,
	0x7D,0x00,0x08,0x20,0x06,0x01,0x16,0x03,
	0x02,0x0F,0x1E,0x01,0x1E,0x05,0x00,0x00,
	0x01,0x7B,0x00,0x01,0x1E,0x05,0x00,0x00,
	0x03,0x00,0x0A,0x1F,0x01,0x63,0x05,0x21,
	0x04,0x00,0x04,0x00,0x22,0x01,0x22,0x05,
	0x00,0x00,0x83,0x01,0x00,0x05,0x00,0x00,
	0x2A,0x04,0x7E,0x00,0x01,0x22,0x05,0x00,
	0x00,0x2A,0x04,0x7E,0x00,0x01,0x22,0x06,
	0x00,0x00,0x19,0x25,0x00,0x06,0x00,0x00,
	0x01,0x25,0x7B,0x00,0x01,0x1E,0x1B,0x00,
	0x00,0x32,0x7D,0x00,0x01,0x1E,0x07,0x00,
	0x00,0x37,0x00,0x06,0x20,0x04,0x01,0x09,
	0x01,0x05,0x07,0x00,0x00,0x37,0x32,0x00,
	0x02,0x15,0x13,0x07,0x00,0x00,0x37,0x00,
	0x03,0x01,0x18,0x05,0x07,0x00,0x00,0x32,
	0x32,0x00,0x07,0x00,0x00,0x32,0x00,0x05,
	0x21,0x02,0x00,0x02,0x00,0x07,0x00,0x00,
	0x32,0x00,0x01,0x1E,0x07,0x00,0x00,0x00,
	0x05,0x21,0x0A,0x00,0x0A,0x00,0x01,0x1E,
	0x07,0x00,0x00,0x37,0x00,0x05,0x21,0x02,
	0x00,0x02,0x00,0x07,0x00,0x00,0x1F,0x00,
	0x01,0x22,0x07,0x00,0x00,0x19,0x20,0x00,
	0x01,0x22,0x07,0x00,0x00,0x20,0x32,0x00,
	0x07,0x00,0x00,0x20,0x00,0x01,0x22,0x07,
	0x00,0x00,0x20,0x00,0x06,0x1F,0x00,0x01,
	0x01,0x05,0x1E,0x07,0x00,0x00,0x01,0x37,
	0x00,0x06,0x20,0x04,0x01,0x0E,0x01,0x12,
	0x01,0x1E,0x08,0x00,0x00,0x1B,0x00,0x01,
	0x22,0x08,0x00,0x00,0x20,0x00,0x01,0x22,
	0x08,0x00,0x00,0x20,0x00,0x01,0x22,0x09,
	0x00,0x00,0x11,0x01,0x00,0x01,0x1E,0x09,
	0x00,0x05,0x1E,0x00,0x11,0x01,0x7E,0x73,
	0x00,0x19,0x20,0x12,0x01,0x02,0x01,0x03,
	0x01,0x0D,0x01,0x0E,0x01,0x12,0x01,0x0C,
	0x01,0x10,0x01,0x04,0x01,0x13,0x21,0x02,
	0x00,0x02,0x00,0x01,0x1E,0x09,0x00,0x00,
	0x86,0x11,0x19,0x00,0x05,0x21,0x02,0x00,
	0x02,0x00,0x09,0x00,0x00,0x11,0x01,0x00,
	0x05,0x21,0x04,0x00,0x04,0x00,0x01,0x22,
	0x09,0x00,0x00,0x85,0x11,0x01,0x00,0x01,
	0x0E,0x09,0x00,0x00,0x86,0x11,0x01,0x00,
	0x09,0x00,0x05,0x1E,0x00,0x11,0x01,0x7E,
	0x73,0x00,0x19,0x20,0x12,0x01,0x02,0x01,
	0x03,0x01,0x0D,0x01,0x0E,0x01,0x12,0x01,
	0x0C,0x01,0x10,0x01,0x04,0x01,0x13,0x21,
	0x02,0x00,0x02,0x00,0x01,0x1E,0x09,0x00,
	0x00,0x11,0x01,0x7E,0x00,0x01,0x1E,0x09,
	0x00,0x00,0x11,0x07,0x00,0x0A,0x1F,0x01,
	0x63,0x05,0x21,0x04,0x00,0x04,0x00,0x22,
	0x06,0x21,0x04,0x00,0x04,0x00,0x1E,0x09,
	0x00,0x1E,0x00,0x31,0x82,0x12,0x7E,0x73,
	0x00,0x01,0x1E,0x09,0x00,0x00,0x30,0x02,
	0x00,0x0A,0x1F,0x01,0x63,0x05,0x21,0x04,
	0x00,0x04,0x00,0x22,0x01,0x1E,0x09,0x00,
	0x05,0x1E,0x00,0x30,0x12,0x7E,0x73,0x00,
	0x0E,0x20,0x07,0x01,0x0D,0x01,0x12,0x02,
	0x08,0x10,0x21,0x02,0x00,0x02,0x00,0x01,
	0x1E,0x09,0x00,0x1E,0x00,0x30,0x82,0x12,
	0x7E,0x73,0x00,0x05,0x21,0x04,0x00,0x04,
	0x00,0x01,0x1E,0x09,0x00,0x00,0x03,0x01,
	0x00,0x09,0x00,0x00,0x01,0x00,0x09,0x00,
	0x00,0x01,0x00,0x09,0x00,0x00,0x07,0x00,
	0x06,0x21,0x04,0x00,0x04,0x00,0x1E,0x01,
	0x1E,0x09,0x00,0x05,0x1E,0x00,0x01,0x7B,
	0x73,0x00,0x0F,0x20,0x08,0x01,0x07,0x01,
	0x0E,0x01,0x16,0x01,0x12,0x21,0x02,0x00,
	0x02,0x00,0x01,0x1E,0x09,0x00,0x1E,0x00,
	0x01,0x7B,0x73,0x00,0x01,0x1E,0x09,0x00,
	0x00,0x12,0x07,0x00,0x03,0x03,0x13,0x22,
	0x09,0x00,0x00,0x12,0x87,0x01,0x00,0x02,
	0x14,0x1E,0x09,0x00,0x00,0x04,0x00,0x02,
	0x12,0x06,0x01,0x0E,0x09,0x00,0x00,0x81,
	0x11,0x00,0x01,0x0E,0x09,0x00,0x00,0x07,
	0x00,0x02,0x08,0x22,0x09,0x00,0x00,0x01,
	0x00,0x05,0x21,0x04,0x00,0x04,0x00,0x05,
	0x21,0x04,0x00,0x04,0x00,0x09,0x00,0x00,
	0x01,0x01,0x00,0x09,0x00,0x00,0x02,0x00,
	0x09,0x00,0x00,0x20,0x05,0x00,0x05,0x21,
	0x04,0x00,0x04,0x00,0x01,0x22,0x09,0x00,
	0x00,0x0B,0x01,0x00,0x09,0x00,0x00,0x0B,
	0x73,0x01,0x00,0x05,0x21,0x04,0x00,0x04,
	0x00,0x01,0x22,0x09,0x00,0x00,0x0B,0x01,
	0x00,0x09,0x00,0x00,0x11,0x07,0x00,0x0A,
	0x1F,0x01,0x63,0x05,0x21,0x04,0x00,0x04,
	0x00,0x22,0x06,0x21,0x04,0x00,0x04,0x00,
	0x1E,0x09,0x00,0x00,0x0B,0x01,0x00,0x01,
	0x1E,0x09,0x00,0x00,0x29,0x12,0x00,0x0A,
	0x21,0x04,0x00,0x04,0x00,0x21,0x00,0x80,
	0x00,0x80,0x01,0x22,0x09,0x00,0x05,0x1E,
	0x00,0x29,0x12,0x00,0x06,0x13,0x21,0x02,
	0x00,0x02,0x00,0x01,0x22,0x09,0x00,0x00,
	0x07,0x00,0x01,0x22,0x01,0x0C,0x09,0x00,
	0x00,0x0E,0x01,0x00,0x0A,0x00,0x00,0x18,
	0x00,0x01,0x22,0x05,0x21,0x02,0x00,0x02,
	0x00,0x0B,0x00,0x00,0x31,0x00,0x01,0x22,
	0x0B,0x00,0x00,0x31,0x00,0x01,0x22,0x0B,
	0x00,0x00,0x20,0x00,0x01,0x1E,0x0C,0x00,
	0x00,0x30,0x00,0x01,0x15,0x01,0x1E,0x0C,
	0x00,0x00,0x31,0x00,0x06,0x20,0x04,0x01,
	0x01,0x01,0x0F,0x01,0x1E,0x0C,0x00,0x00,
	0x1F,0x00,0x06,0x20,0x04,0x01,0x01,0x01,
	0x0F,0x01,0x1E,0x0C,0x00,0x00,0x1F,0x00,
	0x06,0x20,0x04,0x01,0x01,0x01,0x0F,0x01,
	0x1E,0x0C,0x00,0x00,0x07,0x1B,0x00,0x0A,
	0x1F,0x01,0x63,0x05,0x21,0x04,0x00,0x04,
	0x00,0x22,0x01,0x1E,0x0C,0x00,0x1E,0x00,
	0x01,0x1B,0x7B,0x73,0x00,0x05,0x21,0x01,
	0x10,0x01,0x00,0x01,0x1E,0x0D,0x00,0x00,
	0x1F,0x00,0x01,0x22,0x0D,0x00,0x00,0x31,
	0x05,0x1F,0x00,0x01,0x22,0x06,0x20,0x04,
	0x01,0x05,0x01,0x09,0x0D,0x00,0x00,0x31,
	0x12,0x1F,0x00,0x01,0x22,0x0D,0x00,0x00,
	0x20,0x00,0x01,0x22,0x0D,0x00,0x00,0x1F,
	0x00,0x01,0x22,0x0E,0x00,0x00,0x21,0x00,
	0x07,0x20,0x05,0x01,0x1E,0x02,0x14,0x08,
	0x0E,0x00,0x00,0x32,0x21,0x00,0x0E,0x00,
	0x00,0x31,0x21,0x00,0x0E,0x00,0x00,0x29,
	0x20,0x00,0x01,0x22,0x0F,0x00,0x00,0x11,
	0x0B,0x00,0x01,0x22,0x0F,0x00,0x00,0x0B,
	0x00,0x0F,0x00,0x00,0x0B,0x00,0x0F,0x00,
	0x00,0x81,0x12,0x0B,0x00,0x02,0x03,0x22,
	0x0F,0x00,0x00,0x84,0x11,0x0B,0x00,0x02,
	0x10,0x22,0x05,0x21,0x01,0x00,0x01,0x00,
	0x0F,0x00,0x00,0x0E,0x00,0x02,0x08,0x13,
	0x0F,0x00,0x00,0x01,0x00,0x01,0x06,0x05,
	0x21,0x01,0x00,0x01,0x00,0x0F,0x00,0x00,
	0x0B,0x00,0x0F,0x00,0x00,0x1C,0x0B,0x00,
	0x05,0x21,0x02,0x00,0x02,0x00,0x0F,0x00,
	0x00,0x0B,0x00,0x0F,0x00,0x00,0x0B,0x00,
	0x0F,0x00,0x00,0x01,0x0B,0x00,0x0F,0x00,
	0x00,0x0C,0x00,0x0F,0x00,0x00,0x1B,0x0B,
	0x7D,0x00,0x02,0x12,0x14,0x01,0x1E,0x0F,
	0x00,0x00,0x1B,0x11,0x7F,0x00,0x08,0x20,
	0x06,0x01,0x14,0x01,0x02,0x01,0x04,0x01,
	0x22,0x0F,0x00,0x00,0x1B,0x0A,0x7F,0x00,
	0x05,0x21,0x04,0x00,0x04,0x00,0x01,0x22,
	0x0F,0x00,0x00,0x20,0x0A,0x00,0x01,0x22,
	0x0F,0x00,0x00,0x0B,0x0B,0x00,0x0F,0x00,
	0x00,0x0B,0x00,0x07,0x20,0x05,0x02,0x0C,
	0x06,0x01,0x04,0x01,0x12,0x0F,0x00,0x00,
	0x09,0x00,0x08,0x20,0x06,0x02,0x0C,0x02,
	0x02,0x0C,0x06,0x01,0x04,0x0F,0x00,0x00,
	0x0D,0x00,0x06,0x20,0x04,0x01,0x06,0x01,
	0x13,0x02,0x14,0x1E,0x0F,0x00,0x00,0x0D,
	0x00,0x05,0x20,0x02,0x01,0x0B,0x1E,0x0F,
	0x00,0x00,0x0D,0x00,0x0B,0x20,0x09,0x02,
	0x14,0x13,0x01,0x17,0x01,0x07,0x01,0x08,
	0x02,0x04,0x1E,0x0F,0x00,0x00,0x0D,0x00,
	0x06,0x20,0x04,0x01,0x08,0x01,0x17,0x07,
	0x20,0x04,0x01,0x06,0x01,0x0C,0x1E,0x0F,
	0x00,0x00,0x0E,0x00,0x0F,0x00,0x05,0x1E,
	0x00,0x0F,0x7B,0x73,0x00,0x14,0x20,0x08,
	0x01,0x10,0x01,0x1A,0x01,0x04,0x01,0x12,
	0x21,0x02,0x00,0x02,0x00,0x21,0x04,0x00,
	0x04,0x00,0x01,0x1E,0x0F,0x00,0x05,0x1E,
	0x00,0x0F,0x7B,0x73,0x00,0x14,0x20,0x08,
	0x01,0x0A,0x01,0x02,0x01,0x16,0x01,0x14,
	0x21,0x02,0x00,0x02,0x00,0x21,0x04,0x00,
	0x04,0x00,0x01,0x1E,0x0F,0x00,0x05,0x1E,
	0x00,0x0F,0x7B,0x73,0x00,0x14,0x20,0x08,
	0x01,0x0A,0x01,0x02,0x01,0x16,0x01,0x14,
	0x21,0x02,0x00,0x02,0x00,0x21,0x04,0x00,
	0x04,0x00,0x01,0x1E,0x0F,0x00,0x05,0x1E,
	0x00,0x0F,0x7B,0x73,0x00,0x14,0x20,0x08,
	0x01,0x10,0x01,0x1A,0x01,0x04,0x01,0x12,
	0x21,0x02,0x00,0x02,0x00,0x21,0x04,0x00,
	0x04,0x00,0x01,0x1E,0x0F,0x00,0x1E,0x00,
	0x1A,0x8B,0x11,0x7B,0x73,0x00,0x0A,0x21,
	0x04,0x00,0x04,0x00,0x21,0x00,0x80,0x00,
	0x80,0x01,0x1E,0x0F,0x00,0x00,0x0B,0x00,
	0x01,0x22,0x0F,0x00,0x00,0x0E,0x0B,0x00,
	0x0F,0x00,0x00,0x0E,0x00,0x0F,0x00,0x00,
	0x0E,0x00,0x0F,0x00,0x00,0x0E,0x00,0x0F,
	0x00,0x00,0x0E,0x7B,0x00,0x01,0x22,0x0F,
	0x00,0x00,0x0D,0x00,0x02,0x0C,0x04,0x0F,
	0x00,0x00,0x0E,0x00,0x01,0x14,0x02,0x12,
	0x1E,0x0F,0x00,0x00,0x0E,0x00,0x01,0x1E,
	0x0F,0x00,0x00,0x0E,0x00,0x06,0x20,0x04,
	0x01,0x19,0x01,0x03,0x03,0x14,0x08,0x1E,
	0x0F,0x00,0x00,0x0B,0x00,0x10,0x20,0x0E,
	0x01,0x03,0x01,0x06,0x01,0x07,0x01,0x0D,
	0x01,0x10,0x01,0x19,0x01,0x13,0x01,0x12,
	0x0F,0x00,0x00,0x11,0x00,0x10,0x12,0x21,
	0x04,0x08,0x04,0x00,0x20,0x08,0x05,0x21,
	0x02,0x00,0x02,0x00,0x01,0x1E,0x0F,0x00,
	0x00,0x89,0x11,0x00,0x08,0x20,0x04,0x01,
	0x02,0x01,0x10,0x0C,0x05,0x0F,0x00,0x00,
	0x0E,0x00,0x01,0x10,0x0F,0x00,0x00,0x09,
	0x00,0x01,0x19,0x01,0x0E,0x0F,0x00,0x00,
	0x09,0x00,0x01,0x14,0x05,0x21,0x04,0x40,
	0x04,0x00,0x0F,0x00,0x00,0x08,0x00,0x02,
	0x03,0x08,0x0F,0x00,0x00,0x0B,0x00,0x0C,
	0x20,0x0A,0x01,0x19,0x01,0x06,0x01,0x03,
	0x01,0x10,0x01,0x0D,0x0F,0x00,0x00,0x0A,
	0x00,0x03,0x07,0x08,0x14,0x0F,0x00,0x00,
	0x08,0x00,0x0F,0x00,0x00,0x18,0x0B,0x00,
	0x0F,0x00,0x00,0x0B,0x00,0x0A,0x12,0x20,
	0x07,0x02,0x08,0x14,0x01,0x07,0x01,0x22,
	0x0F,0x00,0x00,0x0B,0x00,0x09,0x0C,0x20,
	0x06,0x01,0x02,0x01,0x13,0x01,0x22,0x0F,
	0x00,0x00,0x0B,0x00,0x0F,0x1F,0x00,0x01,
	0x0A,0x20,0x08,0x01,0x14,0x01,0x08,0x01,
	0x0E,0x01,0x0C,0x13,0x0F,0x00,0x00,0x0B,
	0x00,0x0B,0x20,0x09,0x01,0x0D,0x01,0x14,
	0x01,0x02,0x02,0x0E,0x0B,0x0F,0x00,0x00,
	0x0B,0x00,0x0E,0x1F,0x01,0x01,0x05,0x21,
	0x04,0x00,0x04,0x00,0x21,0x02,0x00,0x02,
	0x00,0x01,0x1E,0x0F,0x00,0x00,0x08,0x00,
	0x0F,0x00,0x00,0x29,0x31,0x86,0x11,0x00,
	0x01,0x22,0x0F,0x00,0x00,0x0C,0x00,0x10,
	0x00,0x00,0x1C,0x2D,0x00,0x02,0x15,0x22,
	0x10,0x00,0x00,0x25,0x00,0x1C,0x00,0x00,
	0x31,0x7D,0x00,0x01,0x1E,0x12,0x00,0x00,
	0x1A,0x00,0x01,0x22,0x12,0x00,0x12,0x1E,
	0x00,0x1C,0x00,0x13,0x00,0x00,0x2B,0x00,
	0x13,0x00,0x00,0x2B,0x00,0x14,0x00,0x00,
	0x28,0x00,0x08,0x05,0x12,0x1F,0x00,0x01,
	0x01,0x0E,0x1E,0x14,0x00,0x00,0x28,0x00,
	0x05,0x0F,0x15,0x07,0x08,0x1E,0x14,0x00,
	0x00,0x28,0x00,0x0A,0x1F,0x01,0x63,0x05,
	0x21,0x02,0x00,0x02,0x00,0x1E,0x14,0x00,
	0x00,0x28,0x00,0x03,0x0F,0x0F,0x0D,0x01,
	0x1E,0x14,0x00,0x00,0x27,0x00,0x01,0x22,
	0x14,0x00,0x00,0x28,0x00,0x01,0x22,0x0F,
	0x21,0x02,0x00,0x02,0x00,0x1F,0x00,0x01,
	0x05,0x21,0x04,0x00,0x04,0x00,0x22,0x14,
	0x00,0x00,0x27,0x00,0x14,0x00,0x00,0x07,
	0x2F,0x00,0x01,0x22,0x05,0x21,0x04,0x01,
	0x04,0x00,0x14,0x00,0x1E,0x00,0x01,0x2F,
	0x7E,0x73,0x00,0x09,0x05,0x20,0x06,0x01,
	0x06,0x01,0x0E,0x01,0x0C,0x01,0x1E,0x14,
	0x00,0x00,0x29,0x2F,0x00,0x01,0x22,0x15,
	0x00,0x00,0x03,0x0E,0x00,0x15,0x00,0x00,
	0x10,0x00,0x07,0x20,0x04,0x01,0x0D,0x01,
	0x02,0x22,0x15,0x00,0x00,0x0D,0x00,0x15,
	0x00,0x00,0x04,0x18,0x00,0x15,0x00,0x00,
	0x10,0x7B,0x00,0x11,0x20,0x0A,0x01,0x16,
	0x01,0x0C,0x01,0x0E,0x01,0x07,0x01,0x08,
	0x21,0x02,0x00,0x02,0x00,0x01,0x1E,0x15,
	0x00,0x00,0x0E,0x7B,0x00,0x01,0x1E,0x15,
	0x00,0x00,0x0E,0x00,0x15,0x00,0x00,0x0E,
	0x00,0x15,0x00,0x00,0x01,0x0E,0x00,0x15,
	0x00,0x00,0x82,0x12,0x0E,0x00,0x08,0x20,
	0x06,0x01,0x0E,0x01,0x04,0x01,0x1E,0x15,
	0x00,0x00,0x02,0x00,0x01,0x02,0x15,0x00,
	0x00,0x8E,0x12,0x00,0x15,0x00,0x00,0x20,
	0x11,0x00,0x01,0x22,0x15,0x00,0x00,0x0B,
	0x0E,0x00,0x15,0x00,0x00,0x0B,0x18,0x00,
	0x15,0x00,0x00,0x0B,0x00,0x02,0x0C,0x06,
	0x15,0x00,0x00,0x0B,0x0E,0x00,0x01,0x22,
	0x15,0x00,0x00,0x0B,0x0E,0x00,0x01,0x04,
	0x15,0x00,0x1E,0x00,0x2D,0x09,0x7B,0x00,
	0x0F,0x20,0x08,0x01,0x05,0x05,0x21,0x04,
	0x00,0x04,0x00,0x21,0x00,0x80,0x00,0x80,
	0x01,0x1E,0x15,0x00,0x05,0x1E,0x00,0x29,
	0x12,0x00,0x01,0x0E,0x01,0x1E,0x15,0x00,
	0x00,0x29,0x8E,0x12,0x00,0x0A,0x21,0x04,
	0x00,0x04,0x00,0x21,0x00,0x80,0x00,0x80,
	0x01,0x1E,0x15,0x00,0x00,0x10,0x00,0x01,
	0x03,0x15,0x00,0x00,0x11,0x10,0x00,0x01,
	0x0E,0x15,0x00,0x00,0x19,0x0E,0x00,0x15,
	0x00,0x00,0x07,0x00,0x17,0x00,0x00,0x1C,
	0x00,0x01,0x22,0x01,0x0F,0x17,0x00,0x00,
	0x18,0x00,0x17,0x00,0x00,0x1A,0x26,0x00,
	0x01,0x22,0x17,0x00,0x00,0x1A,0x00,0x01,
	0x1E,0x1A,0x00,0x00,0x29,0x2F,0x00,0x00,
	0x30,0x00,0x02,0x05,0x05,0x01,0x1E,0x00,
	0x1A,0x00,0x02,0x05,0x05,0x01,0x1E,0x05,
	0x00,0x00,0x1A,0x11,0x00,0x02,0x08,0x14,
	0x01,0x1E,0x05,0x00,0x00,0x30,0x04,0x00,
	0x0A,0x1F,0x00,0x64,0x05,0x21,0x04,0x00,
	0x04,0x00,0x1E,0x01,0x1E,0x05,0x00,0x1E,
	0x00,0x30,0x73,0x00,0x0A,0x21,0x04,0x02,
	0x04,0x02,0x21,0x04,0x00,0x04,0x00,0x01,
	0x22,0x05,0x00,0x05,0x1E,0x00,0x30,0x00,
	0x03,0x07,0x0E,0x05,0x01,0x22,0x05,0x00,
	0x05,0x1E,0x00,0x30,0x00,0x05,0x07,0x0E,
	0x0F,0x10,0x13,0x01,0x22,0x05,0x00,0x05,
	0x1E,0x00,0x30,0x00,0x03,0x07,0x0E,0x15,
	0x01,0x22,0x05,0x00,0x05,0x1E,0x00,0x30,
	0x00,0x0E,0x14,0x13,0x01,0x20,0x08,0x01,
	0x02,0x01,0x10,0x01,0x14,0x01,0x17,0x22,
	0x01,0x22,0x05,0x00,0x05,0x1E,0x00,0x30,
	0x00,0x11,0x07,0x0E,0x01,0x20,0x0C,0x02,
	0x08,0x03,0x02,0x0C,0x06,0x01,0x04,0x01,
	0x0D,0x01,0x12,0x01,0x22,0x05,0x00,0x05,
	0x1E,0x00,0x30,0x00,0x1D,0x07,0x0E,0x09,
	0x20,0x18,0x03,0x10,0x0D,0x09,0x02,0x17,
	0x14,0x02,0x12,0x03,0x02,0x12,0x05,0x02,
	0x12,0x06,0x01,0x08,0x01,0x07,0x01,0x13,
	0x01,0x14,0x01,0x22,0x05,0x00,0x1E,0x00,
	0x30,0x00,0x02,0x07,0x0E,0x01,0x22,0x05,
	0x00,0x05,0x1E,0x00,0x30,0x00,0x0E,0x20,
	0x0C,0x01,0x03,0x01,0x07,0x01,0x13,0x01,
	0x15,0x01,0x16,0x01,0x1A,0x01,0x22,0x05,
	0x00,0x05,0x1E,0x00,0x30,0x00,0x15,0x0C,
	0x20,0x12,0x01,0x02,0x01,0x03,0x01,0x04,
	0x01,0x06,0x01,0x07,0x01,0x0B,0x01,0x10,
	0x01,0x14,0x01,0x1A,0x01,0x22,0x05,0x00,
	0x05,0x1E,0x00,0x30,0x00,0x1E,0x20,0x12,
	0x01,0x02,0x01,0x04,0x01,0x0B,0x01,0x0C,
	0x01,0x0D,0x01,0x0E,0x01,0x10,0x01,0x12,
	0x01,0x14,0x21,0x02,0x00,0x02,0x00,0x21,
	0x04,0x00,0x04,0x00,0x01,0x22,0x05,0x00,
	0x1E,0x00,0x30,0x00,0x01,0x22,0x05,0x00,
	0x00,0x1A,0x11,0x00,0x0A,0x1F,0x00,0x64,
	0x05,0x21,0x04,0x00,0x04,0x00,0x22,0x01,
	0x1E,0x05,0x00,0x1E,0x00,0x1A,0x11,0x7B,
	0x73,0x00,0x0A,0x21,0x04,0x02,0x04,0x02,
	0x21,0x04,0x00,0x04,0x00,0x01,0x1E,0x05,
	0x00,0x05,0x1E,0x00,0x1A,0x11,0x7B,0x73,
	0x00,0x03,0x07,0x0E,0x05,0x01,0x1E,0x05,
	0x00,0x05,0x1E,0x00,0x1A,0x11,0x7B,0x73,
	0x00,0x05,0x07,0x0E,0x0F,0x10,0x13,0x01,
	0x1E,0x05,0x00,0x05,0x1E,0x00,0x1A,0x11,
	0x7B,0x73,0x00,0x11,0x07,0x0E,0x01,0x20,
	0x0C,0x02,0x08,0x03,0x02,0x0C,0x06,0x01,
	0x04,0x01,0x0D,0x01,0x12,0x01,0x1E,0x05,
	0x00,0x05,0x1E,0x00,0x1A,0x11,0x7B,0x73,
	0x00,0x1D,0x07,0x0E,0x09,0x20,0x18,0x03,
	0x10,0x0D,0x09,0x02,0x17,0x14,0x02,0x12,
	0x03,0x02,0x12,0x05,0x02,0x12,0x06,0x01,
	0x08,0x01,0x07,0x01,0x13,0x01,0x14,0x01,
	0x1E,0x05,0x00,0x1E,0x00,0x1A,0x11,0x7B,
	0x73,0x00,0x02,0x07,0x0E,0x01,0x1E,0x05,
	0x00,0x05,0x1E,0x00,0x1A,0x11,0x7B,0x73,
	0x00,0x0E,0x20,0x0C,0x01,0x03,0x01,0x07,
	0x01,0x13,0x01,0x15,0x01,0x16,0x01,0x1A,
	0x01,0x1E,0x05,0x00,0x05,0x1E,0x00,0x1A,
	0x11,0x7B,0x73,0x00,0x15,0x0C,0x20,0x12,
	0x01,0x02,0x01,0x03,0x01,0x04,0x01,0x06,
	0x01,0x07,0x01,0x0B,0x01,0x10,0x01,0x14,
	0x01,0x1A,0x01,0x1E,0x05,0x00,0x05,0x1E,
	0x00,0x1A,0x11,0x7B,0x73,0x00,0x20,0x20,
	0x14,0x01,0x02,0x01,0x04,0x01,0x06,0x01,
	0x0B,0x01,0x0C,0x01,0x0D,0x01,0x0E,0x01,
	0x10,0x01,0x12,0x01,0x14,0x21,0x02,0x00,
	0x02,0x00,0x21,0x04,0x00,0x04,0x00,0x01,
	0x1E,0x05,0x00,0x1E,0x00,0x1A,0x11,0x7B,
	0x73,0x00,0x01,0x1E,0x1D,0x00,0x1E,0x00,
	0x2A,0x00,0x01,0x22,0x13,0x00,0x1E,0x00,
	0x2A,0x00,0x01,0x22,0x05,0x00,0x00,0x29,
	0x04,0x00,0x01,0x22,0x05,0x00,0x05,0x1E,
	0x00,0x2A,0x12,0x7B,0x00,0x0B,0x20,0x04,
	0x01,0x13,0x01,0x1A,0x21,0x02,0x00,0x02,
	0x00,0x01,0x22,0x05,0x00,0x1E,0x00,0x2A,
	0x00,0x02,0x08,0x13,0x01,0x22,0x05,0x00,
	0x1E,0x00,0x2A,0x00,0x0F,0x0F,0x1F,0x01,
	0x63,0x05,0x21,0x04,0x00,0x04,0x00,0x21,
	0x02,0x00,0x02,0x00,0x01,0x22,0x13,0x00,
	0x00,0x29,0x00,0x01,0x22,0x00,0x29,0x00,
	0x0F,0x21,0x02,0x00,0x02,0x00,0x1F,0x00,
	0x64,0x05,0x21,0x04,0x00,0x04,0x00,0x22,
	0x01,0x1E,0x1E,0x00,0x2A,0x00,0x01,0x22,
	0x00,0x74,0x00,0x1D,0x00,0x1E,0x00,0x30,
	0x00,0x01,0x22,0x0C,0x1D,0x00,0x1E,0x00,
	0x22,0x00,0x05,0x21,0x04,0x00,0x04,0x00,
	0x01,0x22,0x0C,0x1D,0x00,0x1E,0x00,0x1B,
	0x00,0x1D,0x00,0x1E,0x00,0x1F,0x00,0x01,
	0x22,0x12,0x1D,0x00,0x1E,0x00,0x1A,0x00,
	0x01,0x22,0x16,0x1D,0x00,0x1E,0x00,0x26,
	0x11,0x00,0x05,0x21,0x04,0x00,0x04,0x00,
	0x01,0x22,0x16,0x1D,0x00,0x1E,0x00,0x26,
	0x00,0x0E,0x00,0x1E,0x00,0x20,0x00,0x0F,
	0x21,0x02,0x00,0x02,0x00,0x1F,0x01,0x01,
	0x05,0x21,0x04,0x00,0x04,0x00,0x22,0x0E,
	0x00,0x1E,0x00,0x24,0x00,0x00,0x11,0x00,
	0x01,0x22,0x00,0x06,0x00,0x00,0x11,0x00,
	0x01,0x22,0x00,0x06,0x00,0x00,0x85,0x11,
	0x00,0x01,0x0E,0x00,0x86,0x11,0x00,0x00,
	0x11,0x00,0x01,0x22,0x00,0x06,0x00,0x00,
	0x06,0x00,0x12,0x1F,0x00,0x01,0x05,0x21,
	0x02,0x00,0x02,0x00,0x1F,0x01,0x63,0x05,
	0x21,0x04,0x00,0x04,0x00,0x03,0x0C,0x0D,
	0x1E,0x00,0x0A,0x00,0x07,0x1C,0x1F,0x00,
	0x01,0x01,0x13,0x1E,0x0F,0x20,0x0D,0x02,
	0x13,0x08,0x01,0x04,0x01,0x0C,0x01,0x0E,
	0x01,0x12,0x01,0x14,0x00,0x05,0x00,0x09,
	0x1F,0x00,0x64,0x05,0x21,0x04,0x00,0x04,
	0x00,0x08,0x0C,0x20,0x04,0x01,0x06,0x01,
	0x10,0x1E,0x00,0x8A,0x11,0x00,0x07,0x0C,
	0x21,0x04,0x00,0x04,0x00,0x1E,0x00,0x0A,
	0x00,0x01,0x1C,0x0B,0x12,0x20,0x08,0x05,
	0x21,0x04,0x00,0x04,0x00,0x01,0x22,0x00,
	0x05,0x00,0x03,0x1C,0x05,0x1E,0x00,0x03,
	0x00,0x05,0x21,0x04,0x10,0x04,0x00,0x08,
	0x13,0x14,0x20,0x04,0x01,0x05,0x01,0x19,
	0x00,0x05,0x00,0x0A,0x20,0x08,0x02,0x10,
	0x13,0x02,0x04,0x07,0x01,0x18,0x00,0x03,
	0x00,0x02,0x17,0x22,0x0F,0x20,0x08,0x01,
	0x06,0x01,0x0E,0x01,0x04,0x01,0x16,0x21,
	0x02,0x00,0x02,0x00,0x00,0x0A,0x00,0x0B,
	0x17,0x20,0x08,0x05,0x21,0x02,0x00,0x00,
	0x00,0x01,0x22,0x05,0x21,0x84,0x00,0x04,
	0x00,0x00,0x06,0x00,0x11,0x12,0x20,0x0E,
	0x09,0x1F,0x01,0x63,0x05,0x21,0x04,0x40,
	0x04,0x00,0x01,0x22,0x01,0x1E,0x00,0x86,
	0x11,0x00,0x05,0x21,0x04,0x00,0x04,0x00,
	0x01,0x1E,0x00,0x03,0x00,0x08,0x21,0x04,
	0x00,0x04,0x00,0x0C,0x05,0x1E,0x00,0x03,
	0x00,0x01,0x22,0x08,0x20,0x06,0x02,0x13,
	0x19,0x02,0x14,0x08,0x00,0x05,0x00,0x02,
	0x0C,0x16,0x00,0x03,0x00,0x03,0x0E,0x07,
	0x05,0x00,0x85,0x12,0x00,0x10,0x21,0x00,
	0x01,0x00,0x01,0x21,0x04,0x00,0x04,0x00,
	0x21,0x02,0x00,0x02,0x00,0x1E,0x00,0x85,
	0x11,0x00,0x0A,0x21,0x04,0x00,0x04,0x00,
	0x21,0x04,0x02,0x04,0x02,0x00,0x86,0x11,
	0x00,0x07,0x21,0x04,0x00,0x04,0x00,0x01,
	0x1E,0x00,0x83,0x11,0x00,0x0F,0x1F,0x00,
	0x02,0x05,0x21,0x04,0x00,0x04,0x00,0x21,
	0x02,0x00,0x02,0x00,0x1E,0x00,0x83,0x11,
	0x00,0x01,0x16,0x06,0x12,0x21,0x02,0x00,
	0x02,0x00,0x00,0x85,0x11,0x00,0x0A,0x1F,
	0x01,0x63,0x05,0x21,0x04,0x40,0x04,0x00,
	0x1E,0x00,0x85,0x11,0x00,0x00,0x2E,0x00,
	0x00,0x36,0x00,0x06,0x20,0x04,0x01,0x05,
	0x01,0x09,0x00,0x31,0x00,0x00,0x36,0x00,
	0x06,0x20,0x04,0x01,0x05,0x01,0x09,0x00,
	0x31,0x00,0x00,0x29,0x00,0x06,0x20,0x04,
	0x01,0x05,0x01,0x09,0x00,0x31,0x00,0x00,
	0x36,0x00,0x0D,0x05,0x21,0x04,0x00,0x04,
	0x00,0x21,0x04,0x00,0x04,0x00,0x0F,0x22,
	0x00,0x29,0x00,0x01,0x22,0x02,0x01,0x05,
	0x00,0x29,0x00,0x08,0x20,0x06,0x01,0x09,
	0x01,0x05,0x01,0x19,0x00,0x31,0x00,0x00,
	0x30,0x00,0x00,0x03,0x00,0x00,0x84,0x11,
	0x00,0x01,0x12,0x00,0x01,0x00,0x01,0x22,
	0x00,0x04,0x00,0x00,0x03,0x00,0x00,0x01,
	0x00,0x0A,0x1F,0x01,0x63,0x05,0x21,0x04,
	0x00,0x04,0x00,0x22,0x01,0x1E,0x00,0x00,
	0x05,0x21,0x01,0x00,0x01,0x00,0x01,0x1E,
	0x00,0x84,0x11,0x00,0x02,0x18,0x05,0x00,
	0x81,0x11,0x00,0x02,0x1A,0x22,0x08,0x20,
	0x06,0x01,0x12,0x01,0x0E,0x01,0x02,0x00,
	0x81,0x11,0x00,0x12,0x12,0x21,0x02,0x00,
	0x02,0x00,0x20,0x0A,0x05,0x21,0x02,0x00,
	0x02,0x00,0x01,0x22,0x01,0x1E,0x00,0x01,
	0x00,0x06,0x1C,0x21,0x0A,0x00,0x02,0x00,
	0x00,0x84,0x11,0x00,0x11,0x20,0x0F,0x0B,
	0x12,0x21,0x02,0x00,0x02,0x00,0x21,0x04,
	0x00,0x04,0x00,0x02,0x12,0x12,0x00,0x84,
	0x12,0x00,0x0A,0x21,0x04,0x00,0x04,0x00,
	0x21,0x04,0x02,0x04,0x02,0x00,0x11,0x00,
	0x06,0x12,0x21,0x04,0x00,0x04,0x00,0x00,
	0x81,0x12,0x00,0x0B,0x21,0x04,0x00,0x04,
	0x00,0x21,0x02,0x00,0x02,0x00,0x1E,0x00,
	0x84,0x12,0x00,0x00,0x25,0x00,0x00,0x32,
	0x00,0x00,0x32,0x00,0x00,0x37,0x00,0x06,
	0x20,0x04,0x01,0x05,0x01,0x09,0x00,0x32,
	0x00,0x00,0x32,0x00,0x00,0x2C,0x00,0x06,
	0x20,0x04,0x01,0x05,0x01,0x09,0x00,0x32,
	0x00,0x00,0x37,0x00,0x06,0x20,0x04,0x01,
	0x05,0x01,0x09,0x00,0x32,0x00,0x00,0x32,
	0x00,0x01,0x22,0x0E,0x05,0x20,0x0B,0x02,
	0x0C,0x04,0x01,0x01,0x01,0x05,0x01,0x14,
	0x01,0x19,0x00,0x32,0x00,0x01,0x22,0x13,
	0x09,0x20,0x10,0x01,0x04,0x01,0x06,0x01,
	0x07,0x01,0x0C,0x01,0x0D,0x01,0x12,0x01,
	0x16,0x01,0x1A,0x00,0x32,0x00,0x01,0x22,
	0x02,0x19,0x0E,0x00,0x32,0x00,0x14,0x1F,
	0x00,0x01,0x01,0x07,0x21,0x02,0x00,0x02,
	0x00,0x1F,0x01,0x63,0x05,0x21,0x04,0x00,
	0x04,0x00,0x22,0x02,0x19,0x1E,0x00,0x37,
	0x00,0x08,0x20,0x06,0x01,0x09,0x01,0x19,
	0x01,0x05,0x00,0x32,0x00,0x00,0x0E,0x32,
	0x00,0x00,0x18,0x32,0x00,0x06,0x20,0x04,
	0x01,0x01,0x01,0x09,0x00,0x32,0x00,0x01,
	0x05,0x00,0x32,0x00,0x01,0x22,0x00,0x10,
	0x32,0x00,0x17,0x20,0x15,0x03,0x09,0x14,
	0x19,0x03,0x0F,0x15,0x13,0x04,0x0D,0x05,
	0x0E,0x14,0x03,0x1E,0x05,0x04,0x01,0x12,
	0x01,0x0C,0x00,0x18,0x32,0x00,0x01,0x1E,
	0x00,0x32,0x00,0x00,0x1C,0x00,0x00,0x1C,
	0x00,0x00,0x1C,0x00,0x00,0x1C,0x00,0x00,
	0x1C,0x00,0x00,0x00,0x01,0x22,0x00,0x00,
	0x03,0x18,0x05,0x22,0x00,0x1C,0x00,0x00,
	0x01,0x00,0x00,0x19,0x00,0x05,0x21,0x02,
	0x00,0x02,0x00,0x05,0x21,0x02,0x00,0x02,
	0x00,0x00,0x01,0x00,0x00,0x01,0x00,0x00,
	0x07,0x00,0x12,0x12,0x21,0x02,0x00,0x02,
	0x00,0x20,0x0A,0x05,0x21,0x02,0x00,0x02,
	0x00,0x01,0x22,0x01,0x1E,0x00,0x82,0x12,
	0x00,0x01,0x22,0x11,0x20,0x0F,0x0B,0x12,
	0x21,0x02,0x00,0x02,0x00,0x21,0x04,0x00,
	0x04,0x00,0x02,0x12,0x12,0x00,0x01,0x00,
	0x0A,0x21,0x04,0x00,0x04,0x00,0x21,0x02,
	0x00,0x02,0x00,0x02,0x12,0x22,0x00,0x11,
	0x00,0x09,0x1F,0x00,0x64,0x05,0x21,0x04,
	0x00,0x04,0x00,0x0A,0x12,0x1F,0x00,0x64,
	0x05,0x21,0x04,0x00,0x04,0x00,0x00,0x07,
	0x00,0x03,0x0C,0x03,0x1E,0x01,0x0D,0x00,
	0x87,0x12,0x00,0x08,0x20,0x04,0x01,0x0E,
	0x01,0x0C,0x04,0x1E,0x00,0x07,0x00,0x07,
	0x07,0x21,0x00,0x01,0x00,0x01,0x1E,0x00,
	0x07,0x00,0x02,0x07,0x08,0x00,0x01,0x00,
	0x0C,0x20,0x09,0x02,0x0B,0x13,0x01,0x13,
	0x01,0x0D,0x01,0x14,0x1E,0x01,0x1E,0x00,
	0x07,0x00,0x0A,0x1F,0x00,0x64,0x05,0x21,
	0x04,0x00,0x04,0x00,0x22,0x01,0x1E,0x00,
	0x01,0x00,0x01,0x1E,0x00,0x07,0x00,0x10,
	0x21,0x04,0x00,0x04,0x00,0x21,0x20,0x00,
	0x20,0x00,0x21,0x02,0x00,0x02,0x00,0x1E,
	0x00,0x07,0x00,0x0A,0x1F,0x01,0x63,0x05,
	0x21,0x04,0x00,0x04,0x00,0x22,0x09,0x20,
	0x05,0x02,0x14,0x08,0x01,0x0E,0x05,0x1E,
	0x00,0x82,0x12,0x00,0x0A,0x1F,0x01,0x63,
	0x05,0x21,0x04,0x00,0x04,0x00,0x1E,0x00,
	0x82,0x12,0x00,0x0A,0x21,0x04,0x00,0x04,
	0x00,0x21,0x04,0x02,0x04,0x02,0x00,0x82,
	0x12,0x00,0x07,0x21,0x04,0x00,0x04,0x00,
	0x09,0x1E,0x00,0x87,0x12,0x00,0x0B,0x21,
	0x04,0x00,0x04,0x00,0x21,0x02,0x00,0x02,
	0x00,0x1E,0x00,0x82,0x12,0x00,0x00,0x19,
	0x00,0x0A,0x21,0x02,0x00,0x02,0x00,0x21,
	0x02,0x00,0x02,0x00,0x00,0x37,0x00,0x00,
	0x19,0x00,0x00,0x2C,0x00,0x00,0x19,0x00,
	0x00,0x37,0x00,0x00,0x31,0x00,0x00,0x1B,
	0x00,0x00,0x22,0x00,0x05,0x21,0x04,0x10,
	0x04,0x00,0x02,0x05,0x1E,0x00,0x1B,0x00,
	0x00,0x1F,0x11,0x00,0x07,0x20,0x05,0x02,
	0x08,0x14,0x01,0x13,0x01,0x1E,0x00,0x1F,
	0x00,0x00,0x20,0x00,0x0F,0x00,0x00,0x0B,
	0x00,0x01,0x22,0x00,0x0A,0x00,0x06,0x0E,
	0x21,0x04,0x00,0x04,0x00,0x00,0x0B,0x00,
	0x00,0x0B,0x00,0x01,0x22,0x00,0x0B,0x00,
	0x00,0x0B,0x00,0x00,0x09,0x18,0x00,0x01,
	0x1E,0x08,0x0E,0x1F,0x00,0x01,0x01,0x03,
	0x05,0x1E,0x00,0x0B,0x00,0x07,0x20,0x04,
	0x01,0x04,0x01,0x17,0x22,0x04,0x0E,0x1D,
	0x14,0x22,0x00,0x0D,0x00,0x01,0x17,0x07,
	0x0C,0x20,0x04,0x01,0x06,0x01,0x16,0x00,
	0x06,0x00,0x07,0x20,0x05,0x02,0x0C,0x16,
	0x01,0x18,0x00,0x0B,0x00,0x0A,0x20,0x08,
	0x01,0x0E,0x01,0x10,0x01,0x12,0x01,0x14,
	0x03,0x0C,0x0C,0x1E,0x00,0x0B,0x00,0x06,
	0x0C,0x21,0x04,0x10,0x04,0x00,0x00,0x8B,
	0x11,0x00,0x12,0x12,0x21,0x02,0x00,0x02,
	0x00,0x20,0x0A,0x05,0x21,0x02,0x00,0x02,
	0x00,0x01,0x22,0x01,0x1E,0x00,0x0B,0x00,
	0x01,0x22,0x01,0x12,0x00,0x8A,0x11,0x00,
	0x11,0x20,0x0F,0x0B,0x12,0x21,0x02,0x00,
	0x02,0x00,0x21,0x04,0x00,0x04,0x00,0x02,
	0x12,0x12,0x00,0x8A,0x11,0x00,0x0D,0x12,
	0x20,0x0A,0x05,0x21,0x04,0x00,0x04,0x00,
	0x01,0x22,0x01,0x1E,0x00,0x0B,0x00,0x0B,
	0x20,0x09,0x02,0x08,0x07,0x01,0x0D,0x01,
	0x08,0x01,0x10,0x03,0x13,0x14,0x1E,0x00,
	0x0A,0x00,0x03,0x0E,0x07,0x1E,0x00,0x09,
	0x00,0x0C,0x20,0x0A,0x01,0x0C,0x01,0x02,
	0x01,0x04,0x01,0x08,0x01,0x07,0x02,0x16,
	0x05,0x00,0x09,0x00,0x07,0x20,0x04,0x01,
	0x03,0x01,0x13,0x1E,0x03,0x0D,0x05,0x1E,
	0x00,0x09,0x00,0x07,0x20,0x04,0x01,0x04,
	0x01,0x0E,0x1E,0x03,0x0E,0x05,0x1E,0x00,
	0x0E,0x00,0x07,0x20,0x05,0x01,0x0D,0x02,
	0x12,0x10,0x03,0x16,0x05,0x1E,0x00,0x0E,
	0x00,0x08,0x20,0x06,0x02,0x0C,0x22,0x02,
	0x08,0x17,0x08,0x20,0x05,0x01,0x0D,0x02,
	0x13,0x05,0x1E,0x00,0x0E,0x00,0x06,0x20,
	0x04,0x01,0x14,0x01,0x17,0x03,0x0D,0x02,
	0x1E,0x00,0x0E,0x00,0x0A,0x20,0x07,0x02,
	0x17,0x14,0x01,0x04,0x01,0x14,0x1E,0x01,
	0x1E,0x00,0x0B,0x00,0x07,0x20,0x05,0x02,
	0x12,0x14,0x01,0x02,0x03,0x14,0x08,0x1E,
	0x00,0x06,0x00,0x02,0x04,0x07,0x00,0x06,
	0x00,0x05,0x13,0x14,0x0C,0x05,0x1E,0x00,
	0x0B,0x00,0x03,0x1B,0x05,0x1E,0x00,0x0B,
	0x00,0x08,0x21,0x04,0x00,0x04,0x00,0x0C,
	0x05,0x1E,0x00,0x0B,0x00,0x0A,0x1F,0x01,
	0x63,0x05,0x21,0x04,0x00,0x04,0x00,0x22,
	0x01,0x1E,0x00,0x0B,0x00,0x01,0x1E,0x00,
	0x86,0x11,0x00,0x10,0x21,0x00,0x01,0x00,
	0x01,0x21,0x04,0x00,0x04,0x00,0x21,0x02,
	0x00,0x02,0x00,0x1E,0x00,0x86,0x11,0x00,
	0x0A,0x21,0x04,0x00,0x04,0x00,0x21,0x04,
	0x02,0x04,0x02,0x00,0x8B,0x11,0x00,0x10,
	0x21,0x04,0x00,0x04,0x00,0x21,0x02,0x00,
	0x02,0x00,0x21,0x04,0x00,0x04,0x00,0x1E,
	0x00,0x8B,0x11,0x00,0x0F,0x1F,0x00,0x02,
	0x05,0x21,0x04,0x00,0x04,0x00,0x21,0x02,
	0x00,0x02,0x00,0x1E,0x00,0x86,0x11,0x00,
	0x0A,0x1F,0x01,0x63,0x05,0x21,0x04,0x00,
	0x04,0x00,0x1E,0x00,0x86,0x11,0x00,0x00,
	0x00,0x01,0x22,0x08,0x20,0x06,0x01,0x13,
	0x01,0x0E,0x01,0x14,0x00,0x2D,0x00,0x00,
	0x31,0x00,0x00,0x31,0x00,0x00,0x31,0x00,
	0x0B,0x21,0x01,0x00,0x01,0x00,0x21,0x02,
	0x00,0x02,0x00,0x22,0x00,0x31,0x00,0x11,
	0x20,0x0F,0x04,0x05,0x14,0x14,0x05,0x03,
	0x05,0x15,0x12,0x02,0x05,0x14,0x02,0x0F,
	0x12,0x00,0x18,0x31,0x00,0x00,0x1A,0x00,
	0x00,0x29,0x00,0x00,0x29,0x00,0x00,0x29,
	0x00,0x00,0x29,0x00,0x00,0x29,0x00,0x00,
	0x2A,0x00,0x03,0x15,0x02,0x22,0x06,0x20,
	0x04,0x01,0x19,0x01,0x09,0x00,0x2A,0x00,
	0x05,0x21,0x00,0x80,0x00,0x80,0x03,0x05,
	0x12,0x16,0x00,0x2A,0x00,0x03,0x05,0x12,
	0x10,0x02,0x05,0x12,0x00,0x2A,0x00,0x01,
	0x17,0x07,0x20,0x04,0x01,0x19,0x01,0x05,
	0x1E,0x00,0x2A,0x00,0x05,0x21,0x00,0x80,
	0x00,0x80,0x01,0x0D,0x00,0x2A,0x00,0x0E,
	0x21,0x02,0x00,0x02,0x00,0x20,0x07,0x02,
	0x08,0x22,0x01,0x06,0x01,0x10,0x02,0x05,
	0x1E,0x00,0x2A,0x00,0x10,0x01,0x05,0x20,
	0x0C,0x01,0x06,0x01,0x0D,0x01,0x10,0x01,
	0x14,0x01,0x0E,0x01,0x22,0x00,0x2A,0x00,
	0x02,0x05,0x05,0x02,0x05,0x1E,0x00,0x2A,
	0x00,0x07,0x09,0x20,0x04,0x01,0x0F,0x01,
	0x15,0x00,0x2A,0x00,0x0D,0x15,0x01,0x1F,
	0x00,0x01,0x01,0x0C,0x20,0x04,0x01,0x03,
	0x01,0x10,0x00,0x2A,0x00,0x0A,0x01,0x20,
	0x07,0x03,0x12,0x08,0x10,0x02,0x08,0x10,
	0x02,0x05,0x1E,0x00,0x2A,0x00,0x06,0x05,
	0x21,0x00,0x01,0x00,0x01,0x02,0x05,0x1E,
	0x00,0x2A,0x00,0x0D,0x0F,0x20,0x0A,0x01,
	0x10,0x01,0x0E,0x01,0x08,0x01,0x0C,0x01,
	0x12,0x02,0x05,0x1E,0x00,0x2A,0x00,0x09,
	0x15,0x20,0x06,0x01,0x03,0x01,0x0D,0x01,
	0x06,0x05,0x21,0x02,0x00,0x02,0x00,0x00,
	0x29,0x00,0x00,0x2F,0x00,0x00,0x0E,0x00,
	0x00,0x0E,0x00,0x00,0x0E,0x00,0x00,0x03,
	0x00,0x02,0x02,0x22,0x09,0x12,0x20,0x06,
	0x01,0x09,0x01,0x19,0x01,0x05,0x00,0x10,
	0x00,0x08,0x12,0x20,0x04,0x01,0x05,0x01,
	0x19,0x1E,0x00,0x11,0x00,0x01,0x22,0x06,
	0x12,0x21,0x04,0x00,0x04,0x00,0x00,0x10,
	0x00,0x01,0x22,0x11,0x20,0x0A,0x01,0x07,
	0x01,0x02,0x01,0x12,0x01,0x13,0x01,0x14,
	0x21,0x02,0x00,0x02,0x00,0x00,0x02,0x00,
	0x02,0x02,0x1E,0x06,0x13,0x21,0x02,0x00,
	0x02,0x00,0x00,0x11,0x00,0x0D,0x12,0x20,
	0x0A,0x05,0x21,0x04,0x00,0x04,0x00,0x01,
	0x22,0x01,0x1E,0x00,0x90,0x11,0x00,0x11,
	0x20,0x0F,0x0B,0x12,0x21,0x02,0x00,0x02,
	0x00,0x21,0x04,0x00,0x04,0x00,0x02,0x12,
	0x12,0x00,0x0D,0x00,0x09,0x20,0x06,0x01,
	0x10,0x01,0x06,0x01,0x02,0x22,0x08,0x20,
	0x06,0x02,0x0C,0x0C,0x02,0x13,0x08,0x00,
	0x89,0x11,0x00,0x03,0x13,0x03,0x0C,0x00,
	0x0E,0x00,0x05,0x21,0x04,0x00,0x04,0x00,
	0x03,0x14,0x08,0x22,0x00,0x89,0x11,0x00,
	0x05,0x21,0x04,0x00,0x04,0x00,0x13,0x20,
	0x06,0x01,0x0D,0x01,0x0E,0x01,0x0C,0x21,
	0x04,0x00,0x04,0x00,0x21,0x02,0x00,0x02,
	0x00,0x1E,0x00,0x89,0x11,0x00,0x07,0x20,
	0x05,0x01,0x18,0x02,0x04,0x07,0x00,0x0E,
	0x00,0x07,0x21,0x04,0x00,0x04,0x00,0x0C,
	0x05,0x00,0x89,0x11,0x00,0x0A,0x21,0x04,
	0x00,0x04,0x00,0x21,0x04,0x00,0x04,0x00,
	0x00,0x8E,0x11,0x00,0x10,0x21,0x04,0x00,
	0x04,0x00,0x21,0x02,0x00,0x02,0x00,0x21,
	0x04,0x00,0x04,0x00,0x22,0x00,0x89,0x11,
	0x00,0x0A,0x21,0x04,0x00,0x04,0x00,0x21,
	0x04,0x02,0x04,0x02,0x00,0x10,0x00,0x0C,
	0x20,0x0A,0x01,0x03,0x01,0x06,0x01,0x0D,
	0x01,0x02,0x01,0x10,0x0E,0x21,0x04,0x00,
	0x04,0x00,0x1F,0x01,0x01,0x05,0x21,0x02,
	0x00,0x02,0x00,0x00,0x10,0x00,0x05,0x21,
	0x04,0x40,0x04,0x00,0x0B,0x0C,0x21,0x02,
	0x00,0x02,0x00,0x21,0x00,0x80,0x00,0x80,
	0x00,0x0E,0x00,0x0F,0x1F,0x00,0x02,0x05,
	0x21,0x04,0x00,0x04,0x00,0x21,0x02,0x00,
	0x02,0x00,0x1E,0x00,0x89,0x11,0x00,0x0A,
	0x1F,0x01,0x63,0x05,0x21,0x04,0x00,0x04,
	0x00,0x1E,0x00,0x0E,0x00,0x01,0x1E,0x00,
	0x89,0x11,0x00,0x00,0x26,0x00,0x00,0x25,
	0x00,0x05,0x21,0x14,0x00,0x04,0x00,0x00,
	0x26,0x00,0x00,0x18,0x00,0x00,0x2A,0x00,
	0x01,0x22,0x00,0x29,0x31,0x00,0x00,0x19,
	0x00,0x00,0x01,0x00,0x01,0x22,0x00,0x19,
	0x00,0x01,0x22,0x00,0x02,0x00,0x00,0x01,
	0x00,0x01,0x22,0x00,0x19,0x00,0x00,0x19,
	0x00,0x01,0x1E,0x00,0x07,0x00,0x0A,0x1F,
	0x01,0x63,0x05,0x21,0x04,0x00,0x04,0x00,
	0x22,0x01,0x1E,0x00,0x07,0x00,0x0F,0x20,
	0x0C,0x02,0x13,0x10,0x02,0x08,0x14,0x01,
	0x08,0x01,0x18,0x01,0x1A,0x22,0x1E,0x00,
	0x01,0x7B,0x00,0x0F,0x21,0x04,0x00,0x04,
	0x00,0x21,0x04,0x00,0x04,0x00,0x21,0x00,
	0x80,0x00,0x80,0x01,0x1E,0x00,0x01,0x00,
	0x01,0x1E,0x00,0x07,0x00,0x09,0x1F,0x01,
	0x63,0x05,0x21,0x04,0x00,0x04,0x00,0x02,
	0x05,0x1E,0x00,0x07,0x00,0x0F,0x1F,0x01,
	0x63,0x05,0x21,0x04,0x00,0x04,0x00,0x21,
	0x02,0x00,0x02,0x00,0x1E,0x00,0x02,0x00,
	0x0A,0x21,0x04,0x00,0x04,0x00,0x21,0x04,
	0x02,0x04,0x02,0x00,0x82,0x12,0x00,0x0A,
	0x1F,0x01,0x63,0x05,0x21,0x04,0x00,0x04,
	0x00,0x1E,0x00,0x82,0x12,0x00,0x00,0x2A,
	0x00,0x00,0x00,0x00
};
