/*
 ***********************************************************************
 *                                                                      
 *                           Copyright (c)                              
 *    Copyright © 2000 Force Computer, Inc., a Solectron company. All rights reserved.
 *    © Digital Equipment Corporation 1996, 1997. All rights reserved.        
 *                                                                      
 *    Restricted Rights: Use, duplication, or disclosure by the U.S.    
 *    Government is subject to restrictions as set forth in subparagraph
 *    (c) (1) (ii) of DFARS 252.227-7013, or in FAR 52.227-19, or in FAR
 *    52.227-14 Alt. III, as applicable.                                
 *                                                                      
 *    This software is proprietary to and embodies the confidential
 *    technology of Force Computers Incorporated and other parties.
 *    Possession, use, or copying of this software and media is authorized
 *    only pursuant to a valid written license from Force or an
 *    authorized sublicensor.                                           
 *                                                                       
 *********************************************************************** 
 *    File Name:    lsa_rta.c
 *    Author:       Matthew Schnee                                         
 *    Creation Date:02/06/96                                                   
 *                                                                             
 *    Functionality:                                                           
 *    LTS tables.
 *                                                                             
 ***********************************************************************
 *    Revision History:
 *                                                                             
 *  Rev Who     Date        	Description                    
 *  --- -----   ----------- 	---------------------------------------
 *  001 MGS     08-Feb-1996 	Moved lst_acna.c to lsa_rta.c    
 *  002 MGS     13-Mar-1996 	Added include <windows.h> for WIN32     
 *  003 MGS     23-Apr-1996 	Added port.h include
 *  004 GL      06-niv-1997 	rule update
 *  005	MGS		05/31/2000  	Regenreated for integrated phoneme set
 *  006 CAB		10/18/2000		Changed copyright info
 *  007	MGS		04/11/2002		ARM7 port
 * 
 */
#ifdef WIN32 
#include <windows.h>
#endif
#include "port.h"

/*
 * LTS tables.
 * Read from file: dtpc_acna_susan.lts
 * Written to file: out.tab
*  Created on : Tue Sep 16 14:48:10 2003
 
 */
#ifdef OS_PALM
const U16 acna_lswtab[] = {
#else
const U16 far acna_lswtab[] = {
#endif //OS_PALM
	0x0000,0x0000,0x003E,0x0063,0x022D,
	0x0003,0x023C,0x001E,0x02D2,0x0038,
	0x03EA,0x0114,0x094E,0x000C,0x098A,
	0x0030,0x0A7A,0x0063,0x0C69,0x005B,
	0x0E30,0x000B,0x0E67,0x001C,0x0EF3,
	0x003A,0x1015,0x0017,0x1088,0x0061,
	0x126D,0x0090,0x153D,0x000A,0x156F,
	0x0002,0x1579,0x0076,0x17C7,0x005D,
	0x1998,0x0052,0x1B32,0x004A,0x1CA4,
	0x0001,0x1CA9,0x0015,0x1D12,0x000F,
	0x1D5D,0x0084,0x1FF1,0x001C,0x207D,
	0x0007,0x20A0,0x0003,0x20AF,0x0007,
	0x20D2,0x0001,0x0000,0x086B,0x0871,
	0x0000,0x087D,0x0000,0x0A48,0x0A4D,
	0x0000,0x0A59,0x0000,0x0AAB,0x0AB0,
	0x0000,0x0000,0x0000,0x0C4F,0x0C54,
	0x0000,0x0000,0x0000,0x0D46,0x0D4B,
	0x0D53,0x0000,0x0004,0x0D55,0x0D5A,
	0x0D62,0x0000,0x0000,0x0E24,0x0E29,
	0x0000,0x0000,0x0000,0x10F7,0x10FC,
	0x0000,0x0000,0x0000,0x1655,0x165A,
	0x0000,0x0000,0x0000,0x1C0E,0x1C12,
	0x0000,0x0000,0x0004,0x1C16,0x1C1A,
	0x0000,0x0000,0x0000,0x1CED,0x1CF1,
	0x0000,0x0000,0x0000,0x1D33,0x1D37,
	0x0000,0x1D3F,0x0000,0x1D5E,0x1D62,
	0x0000,0x1D6A,0x0000,0x1D93,0x1D97,
	0x0000,0x1DA2,0x0000,0x1E6E,0x1E72,
	0x0000,0x1E7A,0x0000,0x1E88,0x1E8C,
	0x0000,0x1E94,0x0000,0x1EA1,0x1EA5,
	0x0000,0x1EAD,0x0000,0x238F,0x2393,
	0x0000,0x239B,0x0000,0x2563,0x2567,
	0x0000,0x0000,0x0000,0x26E0,0x26E4,
	0x0000,0x0000,0x0000,0x287C,0x2880,
	0x0000,0x2885,0x0000,0x2BE1,0x2BE5,
	0x0000,0x2BED,0x0005,0x2CB2,0x2CB5,
	0x0000,0x2CBC,0x0005,0x2CD2,0x2CD5,
	0x0000,0x2CDC,0x0000,0x2CDE,0x2CE1,
	0x0000,0x2CE9,0x0000,0x2D28,0x2D2B,
	0x0000,0x0000,0x0000,0x2D33,0x2D36,
	0x0000,0x2D3E,0x0000,0x2D73,0x2D76,
	0x0000,0x2D7E,0x0000,0x2EA2,0x2EA5,
	0x0000,0x2EAD,0x0000,0x2EB7,0x2EBA,
	0x0000,0x2EC2,0x0004,0x2F67,0x2F6A,
	0x0000,0x0000,0x0004,0x2F85,0x2F88,
	0x0000,0x0000,0x0000,0x2FF6,0x2FF9,
	0x2FFF,0x0000,0x0004,0x32B4,0x32B7,
	0x0000,0x0000,0x0000,0x33A8,0x33AB,
	0x33B3,0x33B9,0x0000,0x384F,0x3852,
	0x0000,0x0000,0x0000,0x3875,0x3878,
	0x0000,0x3880,0x0000,0x38DE,0x38E1,
	0x0000,0x38E9,0x0000,0x398B,0x398E,
	0x0000,0x3996,0x0000,0x3AEB,0x3AEE,
	0x3AF2,0x3AF4,0x0000,0x3AFA,0x3AFD,
	0x0000,0x3B02,0x8000,0x3B3F,0x3B42,
	0x0000,0x3B47,0x0000,0x3EEA,0x3EEC,
	0x0000,0x0000,0x0000,0x4174,0x4176,
	0x4179,0x4184,0x0000,0x4186,0x4188,
	0x418C,0x4192,0x0000,0x4194,0x4196,
	0x0000,0x4199,0x0000,0x419E,0x41A0,
	0x0000,0x41A3,0x0000,0x41A6,0x41A8,
	0x41AB,0x41B4,0x0000,0x41B7,0x41B9,
	0x41BC,0x41CB,0x0000,0x41CE,0x41D0,
	0x41D3,0x0000,0x0000,0x41DE,0x41E0,
	0x41E3,0x41E9,0x0000,0x41F2,0x41F4,
	0x0000,0x41F7,0x0000,0x41FF,0x4201,
	0x4204,0x4207,0x0000,0x4209,0x420B,
	0x420E,0x4216,0x0000,0x421C,0x421E,
	0x0000,0x4221,0x0000,0x4228,0x422A,
	0x0000,0x0000,0x0000,0x44E8,0x44EA,
	0x0000,0x44EE,0x0000,0x44F0,0x44F2,
	0x44FA,0x4514,0x0004,0x4516,0x4518,
	0x451D,0x0000,0x0004,0x4523,0x4525,
	0x4529,0x452F,0x0006,0x4531,0x4533,
	0x0000,0x4538,0x0006,0x453A,0x453C,
	0x0000,0x0000,0x8000,0x4541,0x4543,
	0x454B,0x4565,0x0000,0x4567,0x4569,
	0x0000,0x456E,0x0000,0x4570,0x4572,
	0x4576,0x4581,0x0000,0x47A5,0x47A7,
	0x0000,0x47AB,0x0000,0x47AD,0x47AF,
	0x0000,0x0000,0x0005,0x0000,0x4F6E,
	0x0000,0x4F71,0x0005,0x0000,0x4F73,
	0x0000,0x0000,0x0004,0x0000,0x4F76,
	0x0000,0x4F79,0x0004,0x0000,0x4F7B,
	0x0000,0x0000,0x0006,0x0000,0x4F7E,
	0x0000,0x4F82,0x0006,0x0000,0x4F84,
	0x0000,0x0000,0x0007,0x0000,0x4F88,
	0x0000,0x4F8B,0x0007,0x0000,0x4F8D,
	0x0000,0x0000,0x0000,0x0000,0x4F90,
	0x4F93,0x4FA6,0x0000,0x0000,0x4FAA,
	0x4FAD,0x4FB5,0x0000,0x0000,0x4FC5,
	0x4FC8,0x4FD2,0x0000,0x0000,0x4FDB,
	0x0000,0x4FDF,0x0000,0x0000,0x4FE7,
	0x4FEA,0x4FEC,0x0000,0x0000,0x4FF8,
	0x0000,0x4FFB,0x0000,0x0000,0x4FFF,
	0x5002,0x5008,0x0000,0x0000,0x5011,
	0x0000,0x5014,0x0000,0x0000,0x501F,
	0x5022,0x5025,0x0000,0x0000,0x5035,
	0x5038,0x5044,0x0000,0x0000,0x504A,
	0x0000,0x504D,0x0000,0x0000,0x505F,
	0x5063,0x5069,0x0000,0x0000,0x506B,
	0x0000,0x506E,0x0000,0x0000,0x5077,
	0x507A,0x507C,0x0000,0x0000,0x5085,
	0x0000,0x5088,0x0000,0x0000,0x508B,
	0x0000,0x508E,0x0000,0x0000,0x5092,
	0x0000,0x5096,0x0000,0x0000,0x50A7,
	0x0000,0x50AB,0x0000,0x0000,0x50B6,
	0x0000,0x50BA,0x0000,0x0000,0x50C2,
	0x0000,0x50C6,0x0000,0x0000,0x50D6,
	0x50DA,0x50DC,0x0000,0x0000,0x50E3,
	0x0000,0x50E7,0x0000,0x0000,0x50F2,
	0x0000,0x0000,0x0000,0x32A8,0x32AB,
	0x0000,0x0000,0x0000,0x4756,0x4758,
	0x0000,0x475B,0x0000,0x0000,0x50F6,
	0x0000,0x0000,0x0000,0x0242,0x0249,
	0x0000,0x0256,0x0000,0x0801,0x0807,
	0x0000,0x0814,0x0000,0x08F9,0x08FF,
	0x0000,0x090A,0x0000,0x0B82,0x0B87,
	0x0000,0x0B93,0x0000,0x0E86,0x0E8B,
	0x0000,0x0E96,0x0000,0x1116,0x111B,
	0x0000,0x1127,0x0000,0x11B0,0x11B5,
	0x0000,0x11C1,0x0000,0x1332,0x1337,
	0x0000,0x1341,0x0000,0x25F7,0x25FB,
	0x0000,0x2604,0x0000,0x2650,0x2654,
	0x0000,0x265D,0x0000,0x2C81,0x2C84,
	0x0000,0x2C8C,0x0000,0x32EA,0x32ED,
	0x32F8,0x3304,0x0000,0x3306,0x3309,
	0x0000,0x3311,0x0000,0x37C3,0x37C6,
	0x37CB,0x0000,0x0000,0x3899,0x389C,
	0x0000,0x38A4,0x0000,0x3B97,0x3B9A,
	0x0000,0x3BA0,0x0004,0x408F,0x4091,
	0x0000,0x4094,0x0000,0x4588,0x458A,
	0x0000,0x4592,0x0000,0x475D,0x475F,
	0x4764,0x4766,0x0000,0x476D,0x476F,
	0x4774,0x0000,0x0004,0x0000,0x50F9,
	0x0000,0x50FC,0x0004,0x0000,0x5103,
	0x0000,0x0000,0x0006,0x0000,0x5106,
	0x0000,0x5109,0x0006,0x0000,0x5110,
	0x0000,0x0000,0x0007,0x0000,0x5113,
	0x0000,0x5116,0x0007,0x0000,0x511D,
	0x0000,0x0000,0x0000,0x0000,0x5120,
	0x0000,0x5123,0x0000,0x0000,0x5131,
	0x5134,0x5136,0x0000,0x0000,0x5139,
	0x0000,0x513C,0x0000,0x0000,0x5145,
	0x0000,0x0000,0x0000,0x0BEE,0x0BF3,
	0x0000,0x0000,0x0000,0x0BFA,0x0BFF,
	0x0000,0x0000,0x0000,0x0C12,0x0C17,
	0x0000,0x0000,0x0000,0x0C66,0x0C6B,
	0x0000,0x0000,0x0000,0x0C72,0x0C77,
	0x0000,0x0C7E,0x0000,0x0E6B,0x0E70,
	0x0000,0x0E77,0x0002,0x0E79,0x0E7E,
	0x0000,0x0E84,0x0000,0x0EF1,0x0EF6,
	0x0000,0x0000,0x0000,0x1F0E,0x1F12,
	0x0000,0x0000,0x0002,0x1F19,0x1F1D,
	0x0000,0x0000,0x0000,0x1F6A,0x1F6E,
	0x0000,0x0000,0x0000,0x1F88,0x1F8C,
	0x0000,0x0000,0x0000,0x1FD1,0x1FD5,
	0x0000,0x1FDE,0x0000,0x200A,0x200E,
	0x0000,0x0000,0x0000,0x20D8,0x20DC,
	0x0000,0x20E4,0x0000,0x24AB,0x24AF,
	0x0000,0x0000,0x8000,0x24B9,0x24BD,
	0x0000,0x0000,0x0000,0x2770,0x2774,
	0x2779,0x0000,0x0000,0x27AB,0x27AF,
	0x27B7,0x0000,0x0000,0x2AE5,0x2AE9,
	0x0000,0x0000,0x0002,0x2AF0,0x2AF4,
	0x0000,0x0000,0x0000,0x2B04,0x2B08,
	0x2B0F,0x2B17,0x0000,0x2B19,0x2B1D,
	0x2B24,0x2B2A,0x0000,0x2B64,0x2B68,
	0x0000,0x0000,0x0000,0x2BA2,0x2BA6,
	0x0000,0x0000,0x0000,0x2BEF,0x2BF3,
	0x0000,0x2BFC,0x0001,0x2D40,0x2D43,
	0x0000,0x2D49,0x0000,0x2D4B,0x2D4E,
	0x2D56,0x2D5C,0x0001,0x2E85,0x2E88,
	0x0000,0x2E8B,0x0000,0x2ED1,0x2ED4,
	0x2EDB,0x2EDD,0x0000,0x30FC,0x30FF,
	0x3105,0x310C,0x0000,0x310E,0x3111,
	0x3117,0x311D,0x0000,0x38A6,0x38A9,
	0x0000,0x38AD,0x0000,0x3A82,0x3A85,
	0x0000,0x3A8D,0x0000,0x3AA4,0x3AA7,
	0x3AAC,0x3AAE,0x0000,0x3CC6,0x3CC9,
	0x0000,0x3CCF,0x0000,0x4594,0x4596,
	0x459A,0x45A5,0x0000,0x45A7,0x45A9,
	0x45B1,0x45C0,0x0000,0x45C2,0x45C4,
	0x45CC,0x45D2,0x0000,0x46FF,0x4701,
	0x4704,0x4706,0x0000,0x0000,0x4C48,
	0x4C4B,0x4C4E,0x0000,0x4C63,0x4C65,
	0x4C69,0x4C74,0x0000,0x4C76,0x4C78,
	0x4C7D,0x4C88,0x0000,0x4C8A,0x4C8C,
	0x4C91,0x4C95,0x0000,0x4C97,0x4C99,
	0x4C9E,0x4CA4,0x0000,0x4CA6,0x4CA8,
	0x4CAD,0x4CB1,0x0000,0x4CB3,0x4CB5,
	0x4CBA,0x4CC9,0x0000,0x4CCB,0x4CCD,
	0x4CD2,0x4CE4,0x0000,0x4CE6,0x4CE8,
	0x4CED,0x4D0B,0x0000,0x4D0D,0x4D0F,
	0x4D13,0x4D16,0x0000,0x4D18,0x4D1A,
	0x4D1F,0x4D2E,0x0000,0x4D30,0x4D32,
	0x4D37,0x4D4D,0x0000,0x4D4F,0x4D51,
	0x4D56,0x4D75,0x0000,0x4D77,0x4D79,
	0x0000,0x4D7D,0x0000,0x4F0C,0x4F0E,
	0x0000,0x4F12,0x0000,0x0000,0x5148,
	0x0000,0x0000,0x0000,0x0072,0x007A,
	0x0000,0x0088,0x0000,0x01C9,0x01D0,
	0x0000,0x01DB,0x0000,0x01DD,0x01E4,
	0x0000,0x01ED,0x0000,0x0364,0x036B,
	0x0000,0x0000,0x0000,0x03C4,0x03CB,
	0x0000,0x0000,0x0000,0x04E1,0x04E7,
	0x0000,0x04EE,0x0000,0x060B,0x0611,
	0x0000,0x0000,0x0002,0x0619,0x061F,
	0x0000,0x0000,0x0000,0x07B7,0x07BD,
	0x0000,0x07C9,0x0000,0x0816,0x081C,
	0x0000,0x0000,0x0000,0x0845,0x084B,
	0x0000,0x0856,0x0000,0x0892,0x0898,
	0x0000,0x0000,0x0000,0x0942,0x0948,
	0x0000,0x0951,0x0000,0x0A5B,0x0A60,
	0x0000,0x0000,0x0000,0x0B45,0x0B4A,
	0x0B50,0x0B5B,0x0000,0x0B5D,0x0B62,
	0x0000,0x0B6C,0x0000,0x0C1D,0x0C22,
	0x0000,0x0000,0x0000,0x0C9C,0x0CA1,
	0x0000,0x0000,0x0000,0x0D04,0x0D09,
	0x0D13,0x0D1A,0x0000,0x0D1C,0x0D21,
	0x0000,0x0D2C,0x0000,0x0D64,0x0D69,
	0x0D70,0x0000,0x0004,0x0D72,0x0D77,
	0x0D7E,0x0000,0x0000,0x0D8B,0x0D90,
	0x0000,0x0000,0x0001,0x0D93,0x0D98,
	0x0000,0x0000,0x0000,0x0E3F,0x0E44,
	0x0000,0x0000,0x0000,0x0EA6,0x0EAB,
	0x0000,0x0000,0x0000,0x0EE3,0x0EE8,
	0x0000,0x0EEF,0x0000,0x0F77,0x0F7C,
	0x0000,0x0000,0x0000,0x0F83,0x0F88,
	0x0000,0x0000,0x0000,0x0FC6,0x0FCB,
	0x0000,0x0FD6,0x0000,0x1022,0x1027,
	0x0000,0x1031,0x0000,0x1044,0x1049,
	0x0000,0x1051,0x0001,0x1053,0x1058,
	0x0000,0x105F,0x0000,0x1061,0x1066,
	0x1071,0x107C,0x0000,0x107E,0x1083,
	0x0000,0x108B,0x0000,0x109B,0x10A0,
	0x0000,0x10A8,0x0001,0x10AA,0x10AF,
	0x0000,0x10B4,0x0000,0x113B,0x1140,
	0x0000,0x1149,0x0000,0x11A0,0x11A5,
	0x0000,0x11AE,0x0000,0x121C,0x1221,
	0x0000,0x122E,0x0000,0x1399,0x139E,
	0x0000,0x13A7,0x0000,0x13A9,0x13AE,
	0x0000,0x13B4,0x0000,0x13B6,0x13BB,
	0x0000,0x13C1,0x0000,0x13EF,0x13F4,
	0x0000,0x0000,0x0000,0x13FA,0x13FF,
	0x0000,0x1408,0x0000,0x1441,0x1446,
	0x0000,0x144E,0x0000,0x1467,0x146C,
	0x0000,0x0000,0x0000,0x1474,0x1479,
	0x0000,0x1482,0x0000,0x14A4,0x14A9,
	0x0000,0x14B0,0x0000,0x14DB,0x14E0,
	0x0000,0x0000,0x0000,0x150B,0x1510,
	0x0000,0x0000,0x0000,0x153C,0x1541,
	0x0000,0x1549,0x0000,0x154B,0x1550,
	0x0000,0x0000,0x0000,0x157B,0x1580,
	0x1586,0x0000,0x0000,0x1588,0x158D,
	0x1592,0x0000,0x0000,0x159E,0x15A3,
	0x0000,0x0000,0x0000,0x1613,0x1618,
	0x0000,0x1621,0x0000,0x1623,0x1628,
	0x0000,0x1631,0x0000,0x16EB,0x16F0,
	0x0000,0x16F9,0x0000,0x16FB,0x1700,
	0x1707,0x0000,0x0002,0x1709,0x170E,
	0x1715,0x0000,0x0000,0x172E,0x1733,
	0x0000,0x173B,0x0000,0x1763,0x1768,
	0x0000,0x0000,0x0000,0x176E,0x1773,
	0x0000,0x0000,0x0000,0x1779,0x177E,
	0x0000,0x0000,0x0000,0x17DD,0x17E1,
	0x17EB,0x17F6,0x0000,0x17F8,0x17FC,
	0x1801,0x180C,0x0000,0x180E,0x1812,
	0x181D,0x1831,0x0000,0x1833,0x1837,
	0x1842,0x1851,0x0000,0x1853,0x1857,
	0x1862,0x186E,0x0000,0x1870,0x1874,
	0x187F,0x188C,0x0000,0x188E,0x1892,
	0x0000,0x189C,0x0000,0x1909,0x190D,
	0x1914,0x191A,0x0000,0x191C,0x1920,
	0x0000,0x192A,0x0000,0x1958,0x195C,
	0x0000,0x1962,0x0000,0x1964,0x1968,
	0x0000,0x196E,0x0000,0x1970,0x1974,
	0x0000,0x1979,0x8000,0x197B,0x197F,
	0x0000,0x1984,0x0000,0x19C6,0x19CA,
	0x19CF,0x19DA,0x0000,0x19DC,0x19E0,
	0x19E9,0x19FC,0x0000,0x19FE,0x1A02,
	0x0000,0x1A08,0x0000,0x1A1A,0x1A1E,
	0x1A25,0x0000,0x0000,0x1B4A,0x1B4E,
	0x0000,0x0000,0x0000,0x1B94,0x1B98,
	0x0000,0x0000,0x0000,0x1BC0,0x1BC4,
	0x0000,0x0000,0x0000,0x1BF2,0x1BF6,
	0x0000,0x1BFD,0x0000,0x1C92,0x1C96,
	0x0000,0x1C9E,0x0000,0x1CF8,0x1CFC,
	0x1D01,0x1D0A,0x0000,0x1D6C,0x1D70,
	0x0000,0x1D75,0x0000,0x1DA4,0x1DA8,
	0x1DAD,0x1DB8,0x0000,0x1DBA,0x1DBE,
	0x1DC7,0x1DE0,0x0000,0x1DE2,0x1DE6,
	0x0000,0x1DED,0x0000,0x1E63,0x1E67,
	0x0000,0x1E6C,0x0000,0x1E7C,0x1E80,
	0x0000,0x1E86,0x0000,0x1E96,0x1E9A,
	0x0000,0x1E9F,0x0000,0x1EAF,0x1EB3,
	0x0000,0x1EB8,0x0000,0x1F23,0x1F27,
	0x0000,0x0000,0x0000,0x1F61,0x1F65,
	0x0000,0x0000,0x0000,0x2053,0x2057,
	0x205F,0x2061,0x0000,0x206A,0x206E,
	0x2073,0x0000,0x0000,0x20AD,0x20B1,
	0x20B9,0x20BF,0x0000,0x20C1,0x20C5,
	0x0000,0x0000,0x0000,0x2116,0x211A,
	0x0000,0x2120,0x0000,0x2174,0x2178,
	0x2183,0x2195,0x0000,0x2197,0x219B,
	0x21A6,0x21BE,0x0000,0x21C0,0x21C4,
	0x0000,0x21CC,0x0000,0x21CE,0x21D2,
	0x21D9,0x21E4,0x0000,0x21E6,0x21EA,
	0x21F5,0x2204,0x0000,0x2206,0x220A,
	0x2215,0x2221,0x0000,0x2223,0x2227,
	0x2232,0x223A,0x0000,0x223C,0x2240,
	0x224A,0x2250,0x0000,0x22D9,0x22DD,
	0x22E8,0x22F8,0x0000,0x22FA,0x22FE,
	0x0000,0x2306,0x0001,0x231E,0x2322,
	0x0000,0x2328,0x0000,0x250B,0x250F,
	0x0000,0x2517,0x0000,0x251D,0x2521,
	0x0000,0x0000,0x0000,0x2529,0x252D,
	0x2533,0x2539,0x0000,0x25A9,0x25AD,
	0x0000,0x25B5,0x0000,0x25EB,0x25EF,
	0x0000,0x0000,0x0000,0x2606,0x260A,
	0x0000,0x2610,0x0000,0x265F,0x2663,
	0x0000,0x2668,0x0001,0x266A,0x266E,
	0x0000,0x2672,0x0000,0x26F8,0x26FC,
	0x0000,0x0000,0x0000,0x2701,0x2705,
	0x0000,0x0000,0x0000,0x2727,0x272B,
	0x2731,0x2733,0x0000,0x2784,0x2788,
	0x278D,0x0000,0x0000,0x2798,0x279C,
	0x0000,0x0000,0x0000,0x27B9,0x27BD,
	0x0000,0x27C2,0x0000,0x281D,0x2821,
	0x0000,0x2827,0x0000,0x2871,0x2875,
	0x0000,0x0000,0x0000,0x28B4,0x28B8,
	0x0000,0x28BD,0x0000,0x28D7,0x28DB,
	0x0000,0x28E3,0x0005,0x290E,0x2912,
	0x0000,0x0000,0x0000,0x2918,0x291C,
	0x0000,0x0000,0x0000,0x2939,0x293D,
	0x0000,0x0000,0x0000,0x2989,0x298D,
	0x0000,0x0000,0x0000,0x2993,0x2997,
	0x0000,0x299F,0x0000,0x2A0D,0x2A11,
	0x0000,0x2A17,0x0000,0x2A19,0x2A1D,
	0x0000,0x2A22,0x0000,0x2A24,0x2A28,
	0x0000,0x0000,0x0000,0x2A2D,0x2A31,
	0x0000,0x2A37,0x0000,0x2A65,0x2A69,
	0x2A71,0x2A77,0x0000,0x2B2C,0x2B30,
	0x0000,0x2B38,0x0000,0x2B7D,0x2B81,
	0x0000,0x2B89,0x0000,0x2C61,0x2C64,
	0x2C68,0x2C73,0x0000,0x2C75,0x2C78,
	0x0000,0x2C7F,0x0005,0x2D80,0x2D83,
	0x0000,0x2D88,0x0000,0x2D8A,0x2D8D,
	0x2D91,0x2D9C,0x0000,0x2D9E,0x2DA1,
	0x2DA8,0x2DB3,0x0000,0x2DB5,0x2DB8,
	0x2DBF,0x2DCC,0x0000,0x2DCE,0x2DD1,
	0x2DD8,0x2DE6,0x0000,0x2DE8,0x2DEB,
	0x2DF2,0x2DFB,0x0000,0x2DFD,0x2E00,
	0x2E07,0x2E15,0x0000,0x2E17,0x2E1A,
	0x2E21,0x2E34,0x0000,0x2E36,0x2E39,
	0x2E40,0x2E47,0x0000,0x2E49,0x2E4C,
	0x2E53,0x2E5D,0x0000,0x2E5F,0x2E62,
	0x0000,0x2E69,0x0000,0x2EAF,0x2EB2,
	0x2EB5,0x0000,0x0006,0x2F8D,0x2F90,
	0x2F94,0x0000,0x0000,0x2FD5,0x2FD8,
	0x0000,0x2FDD,0x0000,0x3001,0x3004,
	0x300D,0x300F,0x0002,0x3015,0x3018,
	0x301C,0x0000,0x8000,0x301E,0x3021,
	0x302A,0x302C,0x0000,0x30F3,0x30F6,
	0x0000,0x30FA,0x0000,0x311F,0x3122,
	0x3126,0x3131,0x0000,0x3133,0x3136,
	0x0000,0x313B,0x0004,0x31DB,0x31DE,
	0x0000,0x31E5,0x0000,0x31E7,0x31EA,
	0x31EF,0x31F5,0x0000,0x3224,0x3227,
	0x322C,0x3237,0x0000,0x3273,0x3276,
	0x0000,0x0000,0x0001,0x32D3,0x32D6,
	0x0000,0x32DA,0x0000,0x33BB,0x33BE,
	0x33C2,0x33CD,0x0000,0x33CF,0x33D2,
	0x33D7,0x33E3,0x0000,0x33E5,0x33E8,
	0x33F0,0x33FE,0x0000,0x3400,0x3403,
	0x3408,0x340E,0x0000,0x341C,0x341F,
	0x3424,0x342A,0x0000,0x3460,0x3463,
	0x0000,0x3468,0x0000,0x34E8,0x34EB,
	0x0000,0x34F0,0x0000,0x34F2,0x34F5,
	0x34F9,0x350D,0x0000,0x350F,0x3512,
	0x0000,0x3517,0x0004,0x353F,0x3542,
	0x0000,0x3549,0x0000,0x354B,0x354E,
	0x3552,0x355D,0x0000,0x355F,0x3562,
	0x3567,0x3572,0x0000,0x3574,0x3577,
	0x357D,0x3588,0x0000,0x358A,0x358D,
	0x3592,0x3598,0x0000,0x35B4,0x35B7,
	0x35BC,0x35C3,0x0000,0x35C5,0x35C8,
	0x35CD,0x35D4,0x0000,0x35D6,0x35D9,
	0x35DE,0x35E9,0x0000,0x35EB,0x35EE,
	0x35F3,0x35FF,0x0000,0x3601,0x3604,
	0x3609,0x360F,0x0000,0x3679,0x367C,
	0x3680,0x368B,0x0000,0x368D,0x3690,
	0x3695,0x36A2,0x0000,0x36A4,0x36A7,
	0x36AC,0x36B2,0x0000,0x3729,0x372C,
	0x3730,0x373A,0x0000,0x373C,0x373F,
	0x3743,0x374E,0x0000,0x3750,0x3753,
	0x375C,0x0000,0x0000,0x3763,0x3766,
	0x376E,0x3774,0x0000,0x3776,0x3779,
	0x3780,0x378B,0x0000,0x380E,0x3811,
	0x0000,0x3815,0x0000,0x3838,0x383B,
	0x3842,0x384D,0x0000,0x3882,0x3885,
	0x388A,0x3890,0x0000,0x38AF,0x38B2,
	0x0000,0x38B6,0x0005,0x38FE,0x3901,
	0x0000,0x3907,0x0004,0x3909,0x390C,
	0x0000,0x3912,0x0000,0x3914,0x3917,
	0x391D,0x391F,0x0000,0x3998,0x399B,
	0x39A0,0x39B0,0x0000,0x39E1,0x39E4,
	0x39E9,0x39F4,0x0000,0x3A78,0x3A7B,
	0x0000,0x3A80,0x0006,0x3B04,0x3B07,
	0x0000,0x3B0C,0x0000,0x3B37,0x3B3A,
	0x0000,0x3B3D,0x0000,0x3B49,0x3B4C,
	0x0000,0x3B4F,0x0005,0x3BCB,0x3BCE,
	0x0000,0x3BD3,0x0000,0x3BD5,0x3BD8,
	0x3BDD,0x3BE6,0x0000,0x3BE8,0x3BEB,
	0x0000,0x3BF0,0x0000,0x3C08,0x3C0B,
	0x3C0F,0x3C16,0x0000,0x3C18,0x3C1B,
	0x3C20,0x3C31,0x0000,0x3C33,0x3C36,
	0x3C3B,0x3C46,0x0000,0x3C48,0x3C4B,
	0x3C50,0x3C57,0x0000,0x3C59,0x3C5C,
	0x0000,0x3C61,0x0005,0x3EF0,0x3EF2,
	0x0000,0x0000,0x0002,0x3EF6,0x3EF8,
	0x0000,0x0000,0x0004,0x3EFB,0x3EFD,
	0x0000,0x0000,0x0000,0x3F01,0x3F03,
	0x0000,0x3F06,0x0000,0x3F08,0x3F0A,
	0x0000,0x3F0D,0x0000,0x3F0F,0x3F11,
	0x0000,0x3F14,0x0000,0x3F1B,0x3F1D,
	0x3F20,0x3F22,0x0000,0x3F26,0x3F28,
	0x0000,0x0000,0x0004,0x4144,0x4146,
	0x414A,0x414C,0x0000,0x422E,0x4230,
	0x4234,0x4243,0x0000,0x4245,0x4247,
	0x0000,0x0000,0x0000,0x4447,0x4449,
	0x0000,0x444D,0x0005,0x45D4,0x45D6,
	0x0000,0x0000,0x0002,0x45DA,0x45DC,
	0x0000,0x0000,0x0006,0x45DF,0x45E1,
	0x0000,0x0000,0x0000,0x45E4,0x45E6,
	0x45E9,0x45F0,0x0000,0x45F2,0x45F4,
	0x45FB,0x460B,0x0000,0x460D,0x460F,
	0x0000,0x4615,0x0000,0x4617,0x4619,
	0x461D,0x0000,0x0000,0x4621,0x4623,
	0x0000,0x4628,0x0000,0x462B,0x462D,
	0x4630,0x4633,0x0000,0x4635,0x4637,
	0x0000,0x463B,0x0000,0x463D,0x463F,
	0x4642,0x0000,0x0000,0x4645,0x4647,
	0x464A,0x4650,0x0002,0x47B2,0x47B4,
	0x0000,0x0000,0x0000,0x47B7,0x47B9,
	0x47BE,0x0000,0x0000,0x47C1,0x47C3,
	0x47C8,0x47CB,0x0000,0x47D1,0x47D3,
	0x47D6,0x0000,0x0000,0x47D9,0x47DB,
	0x47DE,0x47E0,0x0000,0x47E6,0x47E8,
	0x0000,0x0000,0x0000,0x4A96,0x4A98,
	0x0000,0x4A9C,0x0005,0x4B38,0x4B3A,
	0x0000,0x0000,0x0002,0x4B3E,0x4B40,
	0x4B43,0x0000,0x0002,0x4B4B,0x4B4D,
	0x0000,0x0000,0x0007,0x4B50,0x4B52,
	0x0000,0x0000,0x0000,0x4B56,0x4B58,
	0x4B5C,0x4B6E,0x0000,0x4B70,0x4B72,
	0x0000,0x4B76,0x0000,0x4B78,0x4B7A,
	0x0000,0x0000,0x0000,0x4F32,0x4F35,
	0x0000,0x4F39,0x0000,0x4F3B,0x4F3E,
	0x4F43,0x4F49,0x0000,0x4F4B,0x4F4E,
	0x0000,0x0000,0x0005,0x0000,0x514B,
	0x0000,0x0000,0x0004,0x0000,0x514E,
	0x0000,0x5152,0x0004,0x0000,0x5154,
	0x0000,0x5157,0x0004,0x0000,0x5159,
	0x0000,0x0000,0x0007,0x0000,0x515C,
	0x0000,0x0000,0x0000,0x0000,0x515F,
	0x5162,0x516D,0x0000,0x0000,0x516F,
	0x5171,0x5177,0x0000,0x0000,0x5179,
	0x0000,0x517D,0x0000,0x0000,0x5180,
	0x5184,0x5187,0x0000,0x0000,0x5190,
	0x0000,0x5194,0x0000,0x0000,0x51A7,
	0x0000,0x51AA,0x0000,0x0000,0x51B1,
	0x0000,0x51B5,0x0000,0x0000,0x51C7,
	0x0000,0x51CB,0x0000,0x0000,0x51D6,
	0x0000,0x51D9,0x0000,0x0000,0x51E0,
	0x0000,0x51E4,0x0000,0x0000,0x51F0,
	0x0000,0x0000,0x0000,0x1CCE,0x1CD2,
	0x0000,0x0000,0x0002,0x1CE3,0x1CE7,
	0x0000,0x0000,0x0000,0x1FB6,0x1FBA,
	0x0000,0x0000,0x0000,0x209A,0x209E,
	0x0000,0x0000,0x0002,0x20A4,0x20A8,
	0x0000,0x0000,0x0000,0x249D,0x24A1,
	0x0000,0x24A9,0x0000,0x27C4,0x27C8,
	0x27CE,0x0000,0x0000,0x27D0,0x27D4,
	0x0000,0x27DD,0x0002,0x2E8D,0x2E90,
	0x0000,0x0000,0x0002,0x3860,0x3863,
	0x0000,0x3867,0x0000,0x3869,0x386C,
	0x0000,0x3873,0x0000,0x0000,0x51F4,
	0x0000,0x0000,0x0000,0x057F,0x0585,
	0x0000,0x058B,0x0000,0x0995,0x099B,
	0x0000,0x09A7,0x0000,0x0D9B,0x0DA0,
	0x0DAC,0x0DC4,0x0000,0x0DC6,0x0DCB,
	0x0000,0x0000,0x0000,0x0EC3,0x0EC8,
	0x0000,0x0ED1,0x0000,0x17D3,0x17D8,
	0x0000,0x0000,0x0000,0x1B5A,0x1B5E,
	0x0000,0x0000,0x0002,0x1B65,0x1B69,
	0x0000,0x0000,0x0002,0x1BA8,0x1BAC,
	0x0000,0x0000,0x0002,0x1BC8,0x1BCC,
	0x0000,0x0000,0x0000,0x2EC4,0x2EC7,
	0x0000,0x2ECF,0x0000,0x313D,0x3140,
	0x0000,0x3145,0x0000,0x37B2,0x37B5,
	0x37BB,0x37C1,0x0000,0x3D94,0x3D97,
	0x3D9B,0x3DA6,0x0000,0x3DA8,0x3DAB,
	0x3DB2,0x3DBD,0x0000,0x3DBF,0x3DC2,
	0x3DCA,0x3DCE,0x0000,0x3DD0,0x3DD3,
	0x3DDB,0x3DE1,0x0000,0x3DE3,0x3DE6,
	0x3DEE,0x3DF2,0x0000,0x3DF4,0x3DF7,
	0x3DFF,0x3E0E,0x0000,0x3E10,0x3E13,
	0x3E1B,0x3E2D,0x0000,0x3E2F,0x3E32,
	0x3E3A,0x3E58,0x0000,0x3E5A,0x3E5D,
	0x3E64,0x3E67,0x0000,0x3E69,0x3E6C,
	0x3E74,0x3E83,0x0000,0x3E85,0x3E88,
	0x3E90,0x3EA6,0x0000,0x3EA8,0x3EAB,
	0x3EB3,0x3ED2,0x0000,0x3ED4,0x3ED7,
	0x0000,0x3EDE,0x0000,0x4157,0x4159,
	0x0000,0x0000,0x0004,0x444F,0x4451,
	0x0000,0x4454,0x0000,0x445B,0x445D,
	0x4461,0x0000,0x0000,0x4464,0x4466,
	0x4469,0x0000,0x0000,0x446D,0x446F,
	0x0000,0x0000,0x0000,0x4784,0x4786,
	0x0000,0x4789,0x0000,0x4791,0x4793,
	0x0000,0x0000,0x0002,0x0000,0x51F7,
	0x0000,0x0000,0x0005,0x0000,0x51FA,
	0x0000,0x0000,0x0004,0x0000,0x51FD,
	0x0000,0x5200,0x0004,0x0000,0x5207,
	0x0000,0x0000,0x0006,0x0000,0x520A,
	0x0000,0x0000,0x0001,0x0000,0x520D,
	0x0000,0x5210,0x0001,0x0000,0x5217,
	0x0000,0x0000,0x0007,0x0000,0x521A,
	0x0000,0x521D,0x0007,0x0000,0x5224,
	0x0000,0x0000,0x0000,0x0000,0x5227,
	0x522A,0x522C,0x0000,0x0000,0x523B,
	0x523E,0x5240,0x0000,0x0000,0x5254,
	0x5257,0x5259,0x0000,0x0000,0x525C,
	0x525F,0x5274,0x0000,0x0000,0x5277,
	0x0000,0x527A,0x0000,0x0000,0x5283,
	0x0000,0x0000,0x0000,0x017A,0x0181,
	0x0000,0x018B,0x0000,0x0481,0x0487,
	0x0000,0x0000,0x0000,0x05C2,0x05C8,
	0x0000,0x05CF,0x0006,0x05D1,0x05D7,
	0x0000,0x05DE,0x0006,0x05E0,0x05E6,
	0x0000,0x05ED,0x0000,0x0BB4,0x0BB9,
	0x0000,0x0000,0x0002,0x0BBF,0x0BC4,
	0x0000,0x0000,0x0000,0x0BDA,0x0BDF,
	0x0000,0x0000,0x0002,0x0BE4,0x0BE9,
	0x0000,0x0000,0x0000,0x0EFF,0x0F04,
	0x0000,0x0F0D,0x0000,0x115B,0x1160,
	0x0000,0x0000,0x0000,0x1437,0x143C,
	0x0000,0x0000,0x0000,0x14CE,0x14D3,
	0x0000,0x14D8,0x0000,0x173D,0x1742,
	0x0000,0x1748,0x0006,0x174A,0x174F,
	0x0000,0x1755,0x0006,0x1785,0x178A,
	0x0000,0x1790,0x0000,0x17B8,0x17BD,
	0x0000,0x0000,0x0000,0x1A46,0x1A4A,
	0x1A50,0x1A52,0x8000,0x1A58,0x1A5C,
	0x1A62,0x1A64,0x0000,0x1A93,0x1A97,
	0x0000,0x0000,0x0000,0x1ACC,0x1AD0,
	0x0000,0x1AD6,0x0002,0x1AD8,0x1ADC,
	0x0000,0x0000,0x0000,0x1CC1,0x1CC5,
	0x0000,0x1CCB,0x0000,0x1F2D,0x1F31,
	0x0000,0x1F39,0x0000,0x1F81,0x1F85,
	0x0000,0x0000,0x0000,0x2080,0x2084,
	0x208A,0x0000,0x0000,0x2351,0x2355,
	0x0000,0x235D,0x0002,0x262B,0x262F,
	0x0000,0x0000,0x0000,0x2681,0x2685,
	0x2688,0x0000,0x0000,0x268B,0x268F,
	0x2693,0x0000,0x0000,0x2696,0x269A,
	0x269E,0x0000,0x0000,0x26A7,0x26AB,
	0x26AF,0x0000,0x0000,0x26BC,0x26C0,
	0x26C3,0x0000,0x0000,0x26CE,0x26D2,
	0x0000,0x0000,0x0000,0x26EC,0x26F0,
	0x0000,0x26F6,0x0002,0x278F,0x2793,
	0x0000,0x0000,0x0000,0x2944,0x2948,
	0x0000,0x0000,0x0000,0x29FA,0x29FE,
	0x0000,0x0000,0x0000,0x2AC4,0x2AC8,
	0x0000,0x2ACE,0x0000,0x2B3A,0x2B3E,
	0x0000,0x0000,0x0000,0x2B8B,0x2B8F,
	0x0000,0x0000,0x0004,0x2F6F,0x2F72,
	0x0000,0x0000,0x0000,0x3611,0x3614,
	0x3618,0x3623,0x0000,0x3625,0x3628,
	0x3630,0x3643,0x0000,0x3645,0x3648,
	0x0000,0x364F,0x0002,0x385A,0x385D,
	0x0000,0x0000,0x0000,0x3AB4,0x3AB7,
	0x0000,0x0000,0x0002,0x3AC2,0x3AC5,
	0x0000,0x0000,0x0006,0x3AC8,0x3ACB,
	0x0000,0x0000,0x0000,0x3ACE,0x3AD1,
	0x0000,0x3AD4,0x0000,0x3AD6,0x3AD9,
	0x3ADC,0x3ADE,0x0000,0x3AE4,0x3AE7,
	0x0000,0x0000,0x0000,0x3B88,0x3B8B,
	0x0000,0x0000,0x0002,0x3F2C,0x3F2E,
	0x0000,0x0000,0x0000,0x3F31,0x3F33,
	0x0000,0x3F37,0x0002,0x409B,0x409D,
	0x0000,0x0000,0x0005,0x40A0,0x40A2,
	0x0000,0x0000,0x0004,0x40A5,0x40A7,
	0x0000,0x0000,0x0006,0x40AA,0x40AC,
	0x40AF,0x0000,0x0006,0x40B1,0x40B3,
	0x0000,0x0000,0x0001,0x40B6,0x40B8,
	0x0000,0x0000,0x0007,0x40BB,0x40BD,
	0x0000,0x0000,0x0000,0x40C0,0x40C2,
	0x40C5,0x40D5,0x0000,0x40D7,0x40D9,
	0x40DC,0x40DE,0x0000,0x40E5,0x40E7,
	0x0000,0x40EA,0x0000,0x40F3,0x40F5,
	0x40F8,0x40FA,0x0000,0x40FD,0x40FF,
	0x4102,0x0000,0x0000,0x4106,0x4108,
	0x0000,0x0000,0x0004,0x4473,0x4475,
	0x0000,0x4478,0x0000,0x447E,0x4480,
	0x4483,0x0000,0x0000,0x4485,0x4487,
	0x4489,0x448F,0x0000,0x46EA,0x46EC,
	0x46EF,0x0000,0x0000,0x46F1,0x46F3,
	0x0000,0x46F6,0x0005,0x47EB,0x47ED,
	0x0000,0x47F1,0x0005,0x47F7,0x47F9,
	0x0000,0x0000,0x0002,0x47FC,0x47FE,
	0x0000,0x0000,0x0000,0x4A88,0x4A8A,
	0x4A8E,0x0000,0x0000,0x4A91,0x4A93,
	0x0000,0x0000,0x0000,0x4A9E,0x4AA0,
	0x4AA3,0x0000,0x0000,0x4AA5,0x4AA7,
	0x0000,0x0000,0x0000,0x4AAC,0x4AAE,
	0x0000,0x0000,0x0000,0x4AB6,0x4AB8,
	0x0000,0x4ABB,0x0000,0x4AC4,0x4AC6,
	0x0000,0x4AC9,0x0000,0x4ACF,0x4AD1,
	0x0000,0x4AD4,0x0000,0x4ADF,0x4AE1,
	0x4AE4,0x4AE8,0x0000,0x4AEA,0x4AEC,
	0x0000,0x4AEF,0x0000,0x4AF1,0x4AF3,
	0x4AF6,0x4AF8,0x0000,0x4B08,0x4B0A,
	0x0000,0x0000,0x0002,0x4B7D,0x4B7F,
	0x0000,0x0000,0x0000,0x4C25,0x4C27,
	0x4C2A,0x4C2C,0x0000,0x4C2E,0x4C30,
	0x0000,0x0000,0x0002,0x0000,0x52C4,
	0x0000,0x0000,0x0005,0x0000,0x52C7,
	0x0000,0x0000,0x0004,0x0000,0x52CA,
	0x0000,0x0000,0x0006,0x0000,0x52CD,
	0x0000,0x0000,0x0007,0x0000,0x52D0,
	0x0000,0x0000,0x0000,0x0000,0x52D3,
	0x0000,0x52D5,0x0000,0x0000,0x52D7,
	0x52D9,0x0000,0x0000,0x0000,0x52DD,
	0x0000,0x0000,0x0000,0x0A8B,0x0A90,
	0x0000,0x0A99,0x0006,0x0A9B,0x0AA0,
	0x0000,0x0AA9,0x0000,0x0AB6,0x0ABB,
	0x0000,0x0000,0x0000,0x0B95,0x0B9A,
	0x0000,0x0BA3,0x0006,0x0BA5,0x0BAA,
	0x0000,0x0BB2,0x0000,0x0C29,0x0C2E,
	0x0000,0x0000,0x8000,0x0C5A,0x0C5F,
	0x0000,0x0000,0x0000,0x0E05,0x0E0A,
	0x0000,0x0E13,0x0006,0x0E15,0x0E1A,
	0x0000,0x0E22,0x0000,0x0F1A,0x0F1F,
	0x0F26,0x0000,0x0000,0x1273,0x1278,
	0x0000,0x0000,0x0000,0x128F,0x1294,
	0x0000,0x0000,0x0000,0x1351,0x1356,
	0x0000,0x135F,0x0006,0x1361,0x1366,
	0x0000,0x136E,0x0000,0x168E,0x1693,
	0x0000,0x0000,0x0000,0x1A27,0x1A2B,
	0x1A31,0x1A33,0x0000,0x1A39,0x1A3D,
	0x1A44,0x0000,0x0000,0x1CA0,0x1CA4,
	0x1CAA,0x1CAC,0x0000,0x1D77,0x1D7B,
	0x0000,0x1D83,0x0000,0x1EBA,0x1EBE,
	0x0000,0x1EC6,0x0000,0x2035,0x2039,
	0x203F,0x0000,0x0000,0x2420,0x2424,
	0x0000,0x242C,0x0000,0x2612,0x2616,
	0x0000,0x261E,0x0000,0x2620,0x2624,
	0x0000,0x0000,0x0000,0x2642,0x2646,
	0x0000,0x264E,0x0006,0x2674,0x2678,
	0x0000,0x267F,0x0000,0x27DF,0x27E3,
	0x27EA,0x0000,0x0000,0x2A48,0x2A4C,
	0x0000,0x2A54,0x0000,0x2CA5,0x2CA8,
	0x0000,0x2CB0,0x0000,0x2E6B,0x2E6E,
	0x0000,0x2E76,0x0000,0x2F3A,0x2F3D,
	0x0000,0x0000,0x0000,0x2F9F,0x2FA2,
	0x0000,0x2FA9,0x0000,0x3185,0x3188,
	0x318F,0x0000,0x0004,0x32C5,0x32C8,
	0x0000,0x32CD,0x0000,0x359A,0x359D,
	0x0000,0x35A5,0x0000,0x3921,0x3924,
	0x0000,0x392C,0x0000,0x39B2,0x39B5,
	0x0000,0x39BD,0x0004,0x39BF,0x39C2,
	0x0000,0x39CA,0x0001,0x3A03,0x3A06,
	0x0000,0x0000,0x0006,0x3B0E,0x3B11,
	0x0000,0x3B16,0x0000,0x3B18,0x3B1B,
	0x0000,0x3B21,0x0000,0x3BF2,0x3BF5,
	0x3BFA,0x3BFC,0x0005,0x3F39,0x3F3B,
	0x0000,0x0000,0x0007,0x3F3F,0x3F41,
	0x0000,0x0000,0x0002,0x3F45,0x3F47,
	0x0000,0x0000,0x0004,0x3F4A,0x3F4C,
	0x0000,0x3F50,0x0006,0x3F56,0x3F58,
	0x0000,0x0000,0x0001,0x3F5B,0x3F5D,
	0x0000,0x0000,0x0000,0x3F60,0x3F62,
	0x0000,0x0000,0x0000,0x403F,0x4041,
	0x4045,0x4047,0x8000,0x405D,0x405F,
	0x4063,0x4065,0x0004,0x410B,0x410D,
	0x0000,0x4110,0x0005,0x424A,0x424C,
	0x0000,0x0000,0x0002,0x4250,0x4252,
	0x0000,0x0000,0x0006,0x4255,0x4257,
	0x0000,0x0000,0x0004,0x425A,0x425C,
	0x0000,0x0000,0x0000,0x4260,0x4262,
	0x4265,0x0000,0x0000,0x4267,0x4269,
	0x426D,0x4274,0x0000,0x427B,0x427D,
	0x0000,0x4281,0x0000,0x4289,0x428B,
	0x0000,0x0000,0x0004,0x4491,0x4493,
	0x0000,0x4496,0x0005,0x4656,0x4658,
	0x0000,0x0000,0x0002,0x465C,0x465E,
	0x0000,0x0000,0x0005,0x4801,0x4803,
	0x0000,0x0000,0x0000,0x4807,0x4809,
	0x0000,0x0000,0x0005,0x4B82,0x4B84,
	0x0000,0x0000,0x0000,0x4B88,0x4B8A,
	0x0000,0x4B8F,0x0000,0x4B98,0x4B9A,
	0x4B9D,0x0000,0x0000,0x4B9F,0x4BA1,
	0x0000,0x0000,0x0005,0x0000,0x52E0,
	0x0000,0x0000,0x0004,0x0000,0x52E3,
	0x52E6,0x52EC,0x0004,0x0000,0x52F2,
	0x0000,0x0000,0x0007,0x0000,0x52F5,
	0x0000,0x0000,0x0000,0x0000,0x52F8,
	0x0000,0x52FB,0x0000,0x0000,0x530E,
	0x5312,0x5314,0x0000,0x0000,0x5326,
	0x5329,0x5334,0x0000,0x0000,0x5337,
	0x533A,0x5344,0x0000,0x0000,0x534F,
	0x5352,0x5356,0x0000,0x0000,0x5358,
	0x0000,0x535C,0x0000,0x0000,0x5365,
	0x0000,0x5368,0x0000,0x0000,0x5370,
	0x0000,0x5373,0x0000,0x0000,0x5376,
	0x5379,0x5386,0x0000,0x0000,0x5388,
	0x538B,0x5396,0x0000,0x0000,0x5398,
	0x0000,0x539B,0x0000,0x0000,0x539D,
	0x0000,0x53A0,0x0000,0x0000,0x53B1,
	0x53B4,0x53BF,0x0000,0x0000,0x53C9,
	0x0000,0x53CD,0x0000,0x0000,0x53D8,
	0x0000,0x53DC,0x0000,0x0000,0x53E7,
	0x0000,0x53EB,0x0000,0x0000,0x53F3,
	0x0000,0x53F7,0x0000,0x0000,0x5403,
	0x0000,0x0000,0x0006,0x3F66,0x3F68,
	0x0000,0x0000,0x0002,0x407B,0x407D,
	0x0000,0x0000,0x0000,0x4152,0x4154,
	0x0000,0x0000,0x0006,0x428F,0x4291,
	0x0000,0x0000,0x0000,0x4438,0x443A,
	0x0000,0x0000,0x0002,0x0000,0x5407,
	0x0000,0x540A,0x0002,0x0000,0x5415,
	0x0000,0x0000,0x0006,0x0000,0x5418,
	0x0000,0x0000,0x0001,0x0000,0x541B,
	0x0000,0x0000,0x0007,0x0000,0x541E,
	0x0000,0x0000,0x0000,0x0000,0x5421,
	0x0000,0x0000,0x0000,0x0C06,0x0C0B,
	0x0000,0x0000,0x0000,0x14E8,0x14ED,
	0x0000,0x0000,0x0000,0x1524,0x1529,
	0x0000,0x0000,0x0000,0x1530,0x1535,
	0x0000,0x0000,0x0000,0x1AE1,0x1AE5,
	0x0000,0x0000,0x0000,0x1B26,0x1B2A,
	0x0000,0x0000,0x0002,0x1B31,0x1B35,
	0x0000,0x0000,0x0000,0x1B9E,0x1BA2,
	0x0000,0x0000,0x0000,0x1C63,0x1C67,
	0x0000,0x1C6D,0x0000,0x1C6F,0x1C73,
	0x0000,0x1C79,0x0000,0x1C7B,0x1C7F,
	0x0000,0x1C84,0x0000,0x1C86,0x1C8A,
	0x0000,0x1C90,0x0000,0x1FFA,0x1FFE,
	0x2004,0x0000,0x0000,0x25C6,0x25CA,
	0x0000,0x25D2,0x0000,0x28F5,0x28F9,
	0x0000,0x28FF,0x0000,0x2921,0x2925,
	0x0000,0x0000,0x0000,0x2AFA,0x2AFE,
	0x0000,0x0000,0x0000,0x2BAD,0x2BB1,
	0x0000,0x0000,0x0000,0x2FDF,0x2FE2,
	0x0000,0x2FE8,0x0000,0x3313,0x3316,
	0x0000,0x331E,0x0000,0x36D6,0x36D9,
	0x0000,0x36E1,0x0000,0x382E,0x3831,
	0x0000,0x3836,0x0006,0x4116,0x4118,
	0x0000,0x0000,0x0000,0x411C,0x411E,
	0x0000,0x0000,0x0006,0x4294,0x4296,
	0x0000,0x429A,0x0000,0x4708,0x470A,
	0x470D,0x4714,0x0000,0x4797,0x4799,
	0x0000,0x0000,0x0000,0x0000,0x5424,
	0x0000,0x0000,0x0000,0x004A,0x0052,
	0x0000,0x005F,0x0000,0x00A1,0x00A9,
	0x0000,0x0000,0x0000,0x00B2,0x00BA,
	0x0000,0x0000,0x0000,0x0165,0x016C,
	0x0000,0x0178,0x0000,0x033B,0x0342,
	0x0000,0x034E,0x0000,0x0350,0x0357,
	0x0000,0x0362,0x0000,0x059C,0x05A2,
	0x0000,0x05AF,0x0000,0x06FB,0x0701,
	0x0000,0x070F,0x0000,0x07EF,0x07F5,
	0x0000,0x07FF,0x0000,0x08DE,0x08E4,
	0x0000,0x0000,0x0000,0x0978,0x097E,
	0x0000,0x0000,0x0000,0x0ED3,0x0ED8,
	0x0000,0x0EE1,0x0000,0x1167,0x116C,
	0x0000,0x0000,0x0000,0x1604,0x1609,
	0x0000,0x1611,0x0000,0x1B00,0x1B04,
	0x0000,0x1B0C,0x0000,0x1B3C,0x1B40,
	0x0000,0x1B48,0x0000,0x1C27,0x1C2B,
	0x1C30,0x1C32,0x0000,0x1C34,0x1C38,
	0x0000,0x1C3D,0x0000,0x1E57,0x1E5B,
	0x0000,0x0000,0x0000,0x1FBF,0x1FC3,
	0x1FCB,0x0000,0x0000,0x208C,0x2090,
	0x0000,0x2098,0x0000,0x22BC,0x22C0,
	0x0000,0x22C8,0x0000,0x23AB,0x23AF,
	0x23B7,0x23C2,0x0000,0x23C4,0x23C8,
	0x0000,0x23D0,0x0000,0x242E,0x2432,
	0x0000,0x243B,0x0000,0x2487,0x248B,
	0x0000,0x2490,0x0000,0x254A,0x254E,
	0x0000,0x2553,0x0000,0x28BF,0x28C3,
	0x0000,0x0000,0x0000,0x28C9,0x28CD,
	0x0000,0x28D5,0x0000,0x2901,0x2905,
	0x0000,0x290C,0x0000,0x294D,0x2951,
	0x2956,0x295D,0x0000,0x295F,0x2963,
	0x0000,0x2968,0x0000,0x2A01,0x2A05,
	0x0000,0x2A0B,0x0000,0x2B6F,0x2B73,
	0x0000,0x2B7B,0x0000,0x2C58,0x2C5B,
	0x0000,0x2C5F,0x0000,0x3061,0x3064,
	0x3069,0x3070,0x0001,0x30E5,0x30E8,
	0x30EB,0x30F1,0x0000,0x3286,0x3289,
	0x0000,0x3290,0x0000,0x3320,0x3323,
	0x3327,0x3332,0x0000,0x3334,0x3337,
	0x3341,0x3355,0x0000,0x3357,0x335A,
	0x0000,0x335F,0x0006,0x342C,0x342F,
	0x0000,0x3433,0x0002,0x3892,0x3895,
	0x0000,0x0000,0x0000,0x3BBF,0x3BC2,
	0x0000,0x3BC9,0x0000,0x3C89,0x3C8D,
	0x0000,0x3C92,0x0000,0x3F6B,0x3F6D,
	0x3F71,0x3F7C,0x0000,0x3F7E,0x3F80,
	0x3F89,0x3F9A,0x0000,0x3F9C,0x3F9E,
	0x3FA4,0x3FAA,0x0007,0x429C,0x429E,
	0x0000,0x42A2,0x0000,0x44D3,0x44D5,
	0x0000,0x44D8,0x0000,0x480C,0x480E,
	0x4813,0x4816,0x0000,0x4818,0x481A,
	0x481F,0x4828,0x0000,0x482A,0x482C,
	0x4831,0x4837,0x0000,0x4F14,0x4F17,
	0x4F1B,0x4F21,0x0000,0x4F23,0x4F26,
	0x0000,0x0000,0x0004,0x0000,0x5427,
	0x0000,0x0000,0x0000,0x0000,0x542A,
	0x542D,0x5433,0x0000,0x0000,0x5436,
	0x0000,0x0000,0x0000,0x04FF,0x0505,
	0x0000,0x0000,0x0000,0x0759,0x075F,
	0x0000,0x0769,0x0000,0x1594,0x1599,
	0x0000,0x0000,0x0002,0x1B0E,0x1B12,
	0x0000,0x1B19,0x0000,0x1B1B,0x1B1F,
	0x0000,0x0000,0x0000,0x1F93,0x1F97,
	0x0000,0x1F9E,0x0000,0x2016,0x201A,
	0x0000,0x0000,0x0002,0x2020,0x2024,
	0x0000,0x0000,0x0000,0x277B,0x277F,
	0x0000,0x0000,0x0000,0x2B4F,0x2B53,
	0x0000,0x0000,0x0000,0x303D,0x3040,
	0x0000,0x3048,0x0000,0x3239,0x323C,
	0x3244,0x3246,0x0000,0x3248,0x324B,
	0x0000,0x3253,0x0000,0x32DC,0x32DF,
	0x0000,0x32E4,0x0000,0x3651,0x3654,
	0x0000,0x365E,0x0000,0x36E3,0x36E6,
	0x36F1,0x370A,0x0000,0x370C,0x370F,
	0x0000,0x3717,0x0000,0x449C,0x449E,
	0x0000,0x44A1,0x0000,0x4716,0x4718,
	0x471B,0x4722,0x8000,0x4724,0x4726,
	0x4729,0x4730,0x0000,0x4F2A,0x4F2C,
	0x0000,0x4F30,0x0000,0x0000,0x5439,
	0x543D,0x5445,0x0000,0x0000,0x5447,
	0x0000,0x0000,0x0000,0x0001,0x000A,
	0x0000,0x001B,0x0000,0x0036,0x003E,
	0x0000,0x0000,0x0000,0x01EF,0x01F6,
	0x0000,0x0201,0x0000,0x0203,0x020A,
	0x0000,0x0215,0x0000,0x0312,0x0319,
	0x0000,0x0326,0x0000,0x03B2,0x03B9,
	0x0000,0x0000,0x0000,0x0520,0x0526,
	0x0000,0x0000,0x0000,0x0542,0x0548,
	0x0000,0x0000,0x0000,0x065A,0x0660,
	0x0000,0x0000,0x0002,0x0668,0x066E,
	0x0000,0x0000,0x0000,0x06BF,0x06C5,
	0x06D1,0x06E2,0x0000,0x06E4,0x06EA,
	0x0000,0x06F9,0x0000,0x076B,0x0771,
	0x0000,0x077D,0x0000,0x07DF,0x07E5,
	0x0000,0x0000,0x0000,0x09F3,0x09F9,
	0x0A02,0x0000,0x0002,0x0A04,0x0A0A,
	0x0A13,0x0000,0x0000,0x0AF0,0x0AF5,
	0x0000,0x0B01,0x0000,0x0B35,0x0B3A,
	0x0000,0x0B43,0x0000,0x0DE6,0x0DEB,
	0x0000,0x0DF4,0x0000,0x0E98,0x0E9D,
	0x0000,0x0EA4,0x0000,0x0F8F,0x0F94,
	0x0000,0x0000,0x0000,0x10E7,0x10EC,
	0x0000,0x10F5,0x0000,0x1129,0x112E,
	0x0000,0x1139,0x0000,0x129D,0x12A2,
	0x0000,0x12AD,0x0000,0x1343,0x1348,
	0x0000,0x0000,0x0000,0x1516,0x151B,
	0x0000,0x0000,0x0000,0x169C,0x16A1,
	0x16AA,0x16AC,0x0000,0x16AE,0x16B3,
	0x0000,0x16BC,0x0000,0x16BE,0x16C3,
	0x16CC,0x16D3,0x0000,0x16D5,0x16DA,
	0x16E3,0x16E9,0x0000,0x1792,0x1797,
	0x0000,0x17A3,0x0000,0x17A5,0x17AA,
	0x0000,0x17B6,0x0000,0x1A78,0x1A7C,
	0x0000,0x0000,0x0002,0x1A81,0x1A85,
	0x0000,0x0000,0x0000,0x1AED,0x1AF1,
	0x0000,0x0000,0x0002,0x1AF7,0x1AFB,
	0x0000,0x0000,0x0000,0x1C3F,0x1C43,
	0x0000,0x1C49,0x0000,0x1CD9,0x1CDD,
	0x0000,0x0000,0x0000,0x1F76,0x1F7A,
	0x0000,0x1F7F,0x0002,0x1FA0,0x1FA4,
	0x0000,0x1FAA,0x0000,0x22CA,0x22CE,
	0x0000,0x22D7,0x0000,0x2416,0x241A,
	0x0000,0x0000,0x0000,0x245A,0x245E,
	0x0000,0x0000,0x8000,0x2464,0x2468,
	0x0000,0x0000,0x0000,0x24C7,0x24CB,
	0x0000,0x0000,0x0002,0x24D1,0x24D5,
	0x0000,0x0000,0x0000,0x24FE,0x2502,
	0x0000,0x2509,0x0000,0x2555,0x2559,
	0x0000,0x2561,0x0000,0x2811,0x2815,
	0x0000,0x281B,0x0000,0x282D,0x2831,
	0x2837,0x0000,0x0000,0x2842,0x2846,
	0x0000,0x0000,0x0000,0x2865,0x2869,
	0x0000,0x286F,0x0000,0x2896,0x289A,
	0x28A0,0x28A6,0x0000,0x292B,0x292F,
	0x0000,0x2937,0x0000,0x296A,0x296E,
	0x2974,0x297B,0x0000,0x297D,0x2981,
	0x0000,0x2987,0x0000,0x29A1,0x29A5,
	0x29AB,0x0000,0x0000,0x29B2,0x29B6,
	0x0000,0x0000,0x0000,0x29F0,0x29F4,
	0x0000,0x0000,0x0000,0x2BC5,0x2BC9,
	0x0000,0x2BD1,0x0001,0x2C8E,0x2C91,
	0x0000,0x2C95,0x0000,0x30C5,0x30C8,
	0x0000,0x30CD,0x0000,0x3361,0x3364,
	0x336F,0x3389,0x0000,0x338B,0x338E,
	0x0000,0x3396,0x0000,0x346A,0x346D,
	0x3473,0x347A,0x0000,0x347C,0x347F,
	0x3486,0x3488,0x0000,0x348A,0x348D,
	0x3492,0x3494,0x0000,0x3496,0x3499,
	0x34A1,0x0000,0x0000,0x37CD,0x37D0,
	0x0000,0x37D9,0x0000,0x37DB,0x37DE,
	0x0000,0x37E6,0x0000,0x3817,0x381A,
	0x381F,0x0000,0x0000,0x3952,0x3955,
	0x0000,0x395A,0x0000,0x3B51,0x3B54,
	0x3B5B,0x3B5D,0x0000,0x3B5F,0x3B62,
	0x3B67,0x3B72,0x0000,0x3B74,0x3B77,
	0x0000,0x3B7C,0x0000,0x3B7E,0x3B81,
	0x3B86,0x0000,0x0000,0x3BA2,0x3BA5,
	0x0000,0x3BAC,0x0002,0x3C63,0x3C66,
	0x3C6C,0x0000,0x0000,0x3C94,0x3C97,
	0x0000,0x0000,0x0000,0x42A4,0x42A6,
	0x42AB,0x0000,0x0000,0x42AD,0x42AF,
	0x42B3,0x42BE,0x0000,0x42C0,0x42C2,
	0x42CA,0x42D4,0x0000,0x42D6,0x42D8,
	0x42DF,0x42F5,0x0000,0x42F7,0x42F9,
	0x42FE,0x4304,0x0001,0x44A3,0x44A5,
	0x44A9,0x0000,0x0002,0x44AB,0x44AD,
	0x0000,0x0000,0x0000,0x44B1,0x44B3,
	0x44B6,0x0000,0x0000,0x44B8,0x44BA,
	0x0000,0x44BD,0x0000,0x44DA,0x44DC,
	0x0000,0x44DF,0x0002,0x44E1,0x44E3,
	0x0000,0x44E6,0x0001,0x4661,0x4663,
	0x4667,0x466D,0x0000,0x46F8,0x46FA,
	0x46FD,0x0000,0x0000,0x4776,0x4778,
	0x477B,0x0000,0x0000,0x477D,0x477F,
	0x0000,0x4782,0x0007,0x4839,0x483B,
	0x0000,0x483F,0x0000,0x4BA5,0x4BA7,
	0x4BAB,0x0000,0x0000,0x0000,0x544A,
	0x0000,0x0000,0x0000,0x001D,0x0025,
	0x0034,0x0000,0x0000,0x0156,0x015D,
	0x0000,0x0000,0x0000,0x018D,0x0194,
	0x0000,0x0000,0x0000,0x04A0,0x04A6,
	0x04B4,0x0000,0x0006,0x04C4,0x04CA,
	0x0000,0x04D1,0x0000,0x04D3,0x04D9,
	0x0000,0x0000,0x0000,0x0553,0x0559,
	0x0000,0x0000,0x0000,0x058D,0x0593,
	0x0000,0x0000,0x0000,0x064B,0x0651,
	0x0000,0x0000,0x0000,0x0690,0x0696,
	0x06A3,0x0000,0x0000,0x077F,0x0785,
	0x0000,0x0791,0x0000,0x0822,0x0828,
	0x0000,0x0000,0x0000,0x08B3,0x08B9,
	0x0000,0x0000,0x0000,0x08BF,0x08C5,
	0x0000,0x0000,0x0000,0x090C,0x0912,
	0x0000,0x0000,0x0000,0x0953,0x0959,
	0x0000,0x0000,0x0000,0x0988,0x098E,
	0x0000,0x0000,0x0000,0x0AC2,0x0AC7,
	0x0000,0x0000,0x0004,0x0B1B,0x0B20,
	0x0000,0x0000,0x0000,0x0B27,0x0B2C,
	0x0000,0x0000,0x0000,0x0F28,0x0F2D,
	0x0000,0x0000,0x0000,0x0F34,0x0F39,
	0x0000,0x0F40,0x0000,0x0F9C,0x0FA1,
	0x0000,0x0000,0x0000,0x0FB9,0x0FBE,
	0x0000,0x0000,0x0006,0x108D,0x1092,
	0x0000,0x1099,0x0000,0x1105,0x110A,
	0x0000,0x0000,0x0000,0x1190,0x1195,
	0x0000,0x0000,0x0000,0x11D4,0x11D9,
	0x0000,0x0000,0x0000,0x1230,0x1235,
	0x0000,0x0000,0x0000,0x1266,0x126B,
	0x0000,0x0000,0x0000,0x12AF,0x12B4,
	0x0000,0x0000,0x0000,0x12ED,0x12F2,
	0x0000,0x0000,0x0000,0x1370,0x1375,
	0x0000,0x0000,0x0000,0x13C3,0x13C8,
	0x0000,0x0000,0x0000,0x13E3,0x13E8,
	0x0000,0x0000,0x0000,0x142B,0x1430,
	0x0000,0x0000,0x0000,0x1450,0x1455,
	0x0000,0x0000,0x0000,0x14C1,0x14C6,
	0x0000,0x0000,0x0000,0x192C,0x1930,
	0x1936,0x1938,0x0000,0x1986,0x198A,
	0x198F,0x0000,0x0000,0x1AC2,0x1AC6,
	0x0000,0x0000,0x0000,0x1BB2,0x1BB6,
	0x0000,0x0000,0x0000,0x1C58,0x1C5C,
	0x0000,0x0000,0x0000,0x1CB3,0x1CB7,
	0x1CBF,0x0000,0x0000,0x1D41,0x1D45,
	0x0000,0x1D4D,0x0000,0x1D85,0x1D89,
	0x0000,0x1D91,0x0000,0x1DFE,0x1E02,
	0x0000,0x0000,0x0000,0x1E08,0x1E0C,
	0x0000,0x1E15,0x0000,0x1EC8,0x1ECC,
	0x0000,0x1ED4,0x0000,0x1FAC,0x1FB0,
	0x0000,0x0000,0x0000,0x2041,0x2045,
	0x204B,0x204D,0x0000,0x20CA,0x20CE,
	0x20D6,0x0000,0x0000,0x20E6,0x20EA,
	0x20F2,0x0000,0x0000,0x20FC,0x2100,
	0x0000,0x2108,0x0000,0x210B,0x210F,
	0x0000,0x0000,0x0004,0x2122,0x2126,
	0x0000,0x212C,0x0000,0x239D,0x23A1,
	0x0000,0x23A9,0x0000,0x2492,0x2496,
	0x0000,0x0000,0x0000,0x258E,0x2592,
	0x0000,0x0000,0x0000,0x25B7,0x25BB,
	0x0000,0x25C4,0x0000,0x2BB7,0x2BBB,
	0x2BC3,0x0000,0x0000,0x2BD3,0x2BD7,
	0x2BDF,0x0000,0x0000,0x2C3F,0x2C42,
	0x2C4A,0x2C50,0x0000,0x2E78,0x2E7B,
	0x0000,0x2E83,0x0004,0x2EED,0x2EF0,
	0x0000,0x0000,0x0000,0x2EF5,0x2EF8,
	0x0000,0x0000,0x0007,0x2F75,0x2F78,
	0x0000,0x2F7C,0x0000,0x3056,0x3059,
	0x305F,0x0000,0x0000,0x30AE,0x30B1,
	0x0000,0x30B9,0x0000,0x3292,0x3295,
	0x329B,0x0000,0x0004,0x3410,0x3413,
	0x0000,0x341A,0x0000,0x35A7,0x35AA,
	0x0000,0x35B2,0x0000,0x3660,0x3663,
	0x3669,0x0000,0x0000,0x37F3,0x37F6,
	0x37FC,0x0000,0x0000,0x39F6,0x39F9,
	0x0000,0x3A01,0x0000,0x3A62,0x3A65,
	0x0000,0x3A6D,0x0000,0x3CA3,0x3CA6,
	0x3CAC,0x3CAE,0x0000,0x3CB4,0x3CB7,
	0x0000,0x3CBB,0x0004,0x3CBD,0x3CC0,
	0x0000,0x3CC4,0x0005,0x3FAC,0x3FAE,
	0x0000,0x0000,0x0000,0x3FB2,0x3FB4,
	0x0000,0x3FB7,0x0004,0x4306,0x4308,
	0x0000,0x430D,0x0005,0x430F,0x4311,
	0x0000,0x0000,0x0000,0x4315,0x4317,
	0x0000,0x431C,0x0000,0x431E,0x4320,
	0x4324,0x4334,0x0000,0x4337,0x4339,
	0x433C,0x0000,0x0000,0x4344,0x4346,
	0x434A,0x4355,0x0000,0x4357,0x4359,
	0x435C,0x0000,0x0000,0x435F,0x4361,
	0x0000,0x0000,0x0005,0x466F,0x4671,
	0x0000,0x0000,0x0004,0x4675,0x4677,
	0x467C,0x4682,0x0006,0x4684,0x4686,
	0x0000,0x0000,0x0000,0x468A,0x468C,
	0x4690,0x469B,0x0000,0x46A2,0x46A4,
	0x0000,0x46A8,0x0005,0x4841,0x4843,
	0x0000,0x0000,0x0000,0x4847,0x4849,
	0x484C,0x4854,0x0000,0x4856,0x4858,
	0x485B,0x4864,0x0000,0x4866,0x4868,
	0x486B,0x4872,0x0000,0x4875,0x4877,
	0x0000,0x487A,0x0000,0x4880,0x4882,
	0x4885,0x4891,0x0000,0x4894,0x4896,
	0x4899,0x48A0,0x0000,0x48A8,0x48AA,
	0x0000,0x0000,0x0005,0x4BAD,0x4BAF,
	0x0000,0x0000,0x0004,0x4BB3,0x4BB5,
	0x0000,0x0000,0x0000,0x4BB9,0x4BBB,
	0x4BBE,0x0000,0x0000,0x4BC1,0x4BC3,
	0x0000,0x4BC7,0x0000,0x4BC9,0x4BCB,
	0x4BCF,0x0000,0x0005,0x0000,0x5454,
	0x0000,0x5457,0x0005,0x0000,0x545E,
	0x0000,0x0000,0x0004,0x0000,0x5461,
	0x0000,0x5464,0x0004,0x0000,0x5466,
	0x0000,0x0000,0x0007,0x0000,0x5469,
	0x0000,0x0000,0x0000,0x0000,0x546C,
	0x5470,0x5472,0x0000,0x0000,0x547B,
	0x547E,0x5486,0x0000,0x0000,0x548B,
	0x548E,0x5490,0x0000,0x0000,0x5498,
	0x0000,0x549B,0x0000,0x0000,0x54A3,
	0x54A6,0x54B1,0x0000,0x0000,0x54B5,
	0x0000,0x54B8,0x0000,0x0000,0x54BF,
	0x0000,0x54C3,0x0000,0x0000,0x54D6,
	0x54D9,0x54DB,0x0000,0x0000,0x54DD,
	0x0000,0x54E1,0x0000,0x0000,0x54F3,
	0x0000,0x54F7,0x0000,0x0000,0x5505,
	0x5508,0x5514,0x0000,0x0000,0x5518,
	0x0000,0x551B,0x0000,0x0000,0x551F,
	0x5522,0x552F,0x0000,0x0000,0x5532,
	0x5535,0x553D,0x0000,0x0000,0x5541,
	0x5544,0x554C,0x0000,0x0000,0x5550,
	0x5553,0x555B,0x0000,0x0000,0x555F,
	0x5562,0x556B,0x0000,0x0000,0x5574,
	0x5577,0x557E,0x0000,0x0000,0x5582,
	0x5585,0x5590,0x0000,0x0000,0x5592,
	0x5595,0x559D,0x0000,0x0000,0x55A1,
	0x0000,0x55A4,0x0000,0x0000,0x55A7,
	0x0000,0x55AA,0x0000,0x0000,0x55B0,
	0x0000,0x55B3,0x0000,0x0000,0x55B7,
	0x0000,0x55BA,0x0000,0x0000,0x55C3,
	0x55C6,0x55D1,0x0000,0x0000,0x55D3,
	0x0000,0x55D6,0x0000,0x0000,0x55D8,
	0x0000,0x55DC,0x0000,0x0000,0x55ED,
	0x0000,0x55F1,0x0000,0x0000,0x55FC,
	0x0000,0x5600,0x0000,0x0000,0x5611,
	0x0000,0x5615,0x0000,0x0000,0x5625,
	0x0000,0x5629,0x0000,0x0000,0x5634,
	0x0000,0x0000,0x0001,0x0C35,0x0C3A,
	0x0C40,0x0000,0x0001,0x0C42,0x0C47,
	0x0000,0x0C4D,0x0002,0x247D,0x2481,
	0x0000,0x0000,0x0000,0x27EC,0x27F0,
	0x0000,0x27F9,0x0000,0x2805,0x2809,
	0x0000,0x280F,0x0000,0x28A8,0x28AC,
	0x0000,0x0000,0x0000,0x2F41,0x2F44,
	0x0000,0x2F4C,0x0000,0x4BD1,0x4BD3,
	0x4BD9,0x4BE9,0x0000,0x0000,0x5638,
	0x563A,0x563C,0x0000,0x0000,0x5645,
	0x0000,0x0000,0x0007,0x0000,0x5648,
	0x0000,0x0000,0x0000,0x0000,0x564B,
	0x0000,0x0000,0x0002,0x0061,0x0069,
	0x0000,0x0000,0x0000,0x01A3,0x01AA,
	0x0000,0x0000,0x0000,0x022C,0x0233,
	0x0000,0x0240,0x0000,0x0376,0x037D,
	0x0000,0x0000,0x0000,0x03A1,0x03A8,
	0x0000,0x0000,0x0000,0x03D6,0x03DD,
	0x0000,0x0000,0x0000,0x043B,0x0441,
	0x0000,0x0000,0x0002,0x0448,0x044E,
	0x0000,0x0000,0x0000,0x0455,0x045B,
	0x0000,0x0000,0x0002,0x0464,0x046A,
	0x0000,0x0000,0x0000,0x048E,0x0494,
	0x0000,0x049E,0x0000,0x050D,0x0513,
	0x0000,0x051E,0x0000,0x0563,0x0569,
	0x0000,0x0000,0x0002,0x0571,0x0577,
	0x0000,0x0000,0x0000,0x05EF,0x05F5,
	0x0000,0x0000,0x0002,0x05FD,0x0603,
	0x0000,0x0000,0x0000,0x0676,0x067C,
	0x0000,0x0000,0x0002,0x0683,0x0689,
	0x0000,0x0000,0x0000,0x06A5,0x06AB,
	0x0000,0x0000,0x0002,0x06B2,0x06B8,
	0x0000,0x0000,0x0000,0x07CB,0x07D1,
	0x0000,0x07DD,0x0000,0x0858,0x085E,
	0x0000,0x0000,0x0000,0x092C,0x0932,
	0x0000,0x0940,0x0000,0x0A15,0x0A1B,
	0x0A23,0x0000,0x0002,0x0A25,0x0A2B,
	0x0A33,0x0000,0x0000,0x0A66,0x0A6B,
	0x0000,0x0000,0x0000,0x0CA9,0x0CAE,
	0x0000,0x0000,0x0001,0x0CB2,0x0CB7,
	0x0000,0x0000,0x0000,0x0CBB,0x0CC0,
	0x0000,0x0CCB,0x0000,0x0CE8,0x0CED,
	0x0000,0x0000,0x0000,0x0E32,0x0E37,
	0x0000,0x0000,0x0000,0x0E4C,0x0E51,
	0x0000,0x0000,0x0000,0x0F47,0x0F4C,
	0x0000,0x0000,0x0000,0x0FAD,0x0FB2,
	0x0000,0x0000,0x0000,0x0FE7,0x0FEC,
	0x0FFA,0x100E,0x0000,0x1010,0x1015,
	0x0000,0x1020,0x0000,0x10D8,0x10DD,
	0x10E5,0x0000,0x0000,0x1180,0x1185,
	0x0000,0x118E,0x0000,0x11E0,0x11E5,
	0x0000,0x11F0,0x0000,0x11F2,0x11F7,
	0x0000,0x0000,0x0002,0x11FD,0x1202,
	0x0000,0x0000,0x0000,0x1208,0x120D,
	0x0000,0x121A,0x0000,0x1250,0x1255,
	0x0000,0x0000,0x0002,0x125B,0x1260,
	0x0000,0x0000,0x0000,0x1282,0x1287,
	0x0000,0x0000,0x0000,0x12BB,0x12C0,
	0x0000,0x0000,0x0000,0x12F9,0x12FE,
	0x1303,0x0000,0x0000,0x137D,0x1382,
	0x0000,0x0000,0x0000,0x1558,0x155D,
	0x0000,0x1567,0x0000,0x1570,0x1575,
	0x0000,0x0000,0x0000,0x15BA,0x15BF,
	0x0000,0x0000,0x0000,0x1661,0x1666,
	0x166D,0x0000,0x0000,0x1680,0x1685,
	0x0000,0x0000,0x0000,0x1757,0x175C,
	0x0000,0x0000,0x0002,0x193F,0x1943,
	0x0000,0x0000,0x0000,0x1948,0x194C,
	0x0000,0x0000,0x0002,0x1950,0x1954,
	0x0000,0x0000,0x0000,0x1A6A,0x1A6E,
	0x0000,0x1A76,0x0000,0x1A8A,0x1A8E,
	0x0000,0x0000,0x0000,0x1D23,0x1D27,
	0x0000,0x0000,0x0002,0x1D2B,0x1D2F,
	0x0000,0x0000,0x0000,0x1ED6,0x1EDA,
	0x0000,0x0000,0x0002,0x1EDF,0x1EE3,
	0x0000,0x0000,0x0000,0x1EE8,0x1EEC,
	0x1EF4,0x1F01,0x0000,0x2029,0x202D,
	0x2033,0x0000,0x0000,0x2075,0x2079,
	0x207E,0x0000,0x0000,0x20F4,0x20F8,
	0x0000,0x0000,0x0000,0x23D2,0x23D6,
	0x0000,0x23DC,0x0000,0x244C,0x2450,
	0x0000,0x2458,0x0000,0x246E,0x2472,
	0x0000,0x247B,0x0000,0x26D5,0x26D9,
	0x26DE,0x0000,0x0000,0x29E4,0x29E8,
	0x0000,0x29EE,0x0000,0x2AA2,0x2AA6,
	0x2AAE,0x2AB4,0x0000,0x2F4E,0x2F51,
	0x0000,0x2F58,0x0000,0x2F96,0x2F99,
	0x2F9D,0x0000,0x0000,0x2FB6,0x2FB9,
	0x2FC0,0x0000,0x0000,0x3072,0x3075,
	0x3078,0x307A,0x0000,0x3084,0x3087,
	0x308C,0x0000,0x0000,0x30CF,0x30D2,
	0x0000,0x30D7,0x0001,0x3255,0x3258,
	0x0000,0x0000,0x0000,0x325B,0x325E,
	0x0000,0x3263,0x0007,0x329D,0x32A0,
	0x0000,0x32A6,0x0000,0x3398,0x339B,
	0x33A0,0x33A6,0x0000,0x34A7,0x34AA,
	0x34AE,0x34B9,0x0000,0x34BB,0x34BE,
	0x34C6,0x34D2,0x0000,0x34D4,0x34D7,
	0x0000,0x34DC,0x0000,0x38B8,0x38BB,
	0x0000,0x38C1,0x0001,0x3A0A,0x3A0D,
	0x0000,0x3A11,0x0000,0x3A13,0x3A16,
	0x3A1D,0x3A32,0x0000,0x3A34,0x3A37,
	0x3A3C,0x3A42,0x0000,0x3A6F,0x3A72,
	0x3A76,0x0000,0x0000,0x3A9B,0x3A9E,
	0x0000,0x3AA2,0x0000,0x3C6E,0x3C71,
	0x3C76,0x3C78,0x0000,0x3C9C,0x3C9F,
	0x0000,0x0000,0x0000,0x3CD1,0x3CD4,
	0x3CD8,0x3CDF,0x0000,0x3CE1,0x3CE4,
	0x0000,0x3CEC,0x0000,0x3FB9,0x3FBB,
	0x3FC2,0x3FCD,0x0000,0x48AD,0x48AF,
	0x48B6,0x48CB,0x0000,0x48CD,0x48CF,
	0x48D6,0x48EB,0x8000,0x48ED,0x48EF,
	0x48F6,0x490B,0x8000,0x490D,0x490F,
	0x4916,0x492B,0x0000,0x492D,0x492F,
	0x4937,0x4942,0x0006,0x4C33,0x4C35,
	0x4C39,0x0000,0x0000,0x4C3B,0x4C3D,
	0x4C40,0x0000,0x0000,0x0000,0x4C50,
	0x4C53,0x4C56,0x0000,0x4C58,0x4C5A,
	0x4C5E,0x4C61,0x0000,0x4D7F,0x4D81,
	0x4D85,0x4D90,0x0000,0x4D92,0x4D94,
	0x4D9B,0x4DA6,0x0000,0x4DA8,0x4DAA,
	0x4DB2,0x4DB6,0x0000,0x4DB8,0x4DBA,
	0x4DC2,0x4DC8,0x0000,0x4DCA,0x4DCC,
	0x4DD4,0x4DE6,0x0000,0x4DE8,0x4DEA,
	0x4DF2,0x4E10,0x0000,0x4E12,0x4E14,
	0x4E1B,0x4E1E,0x0000,0x4E20,0x4E22,
	0x4E2A,0x4E39,0x0000,0x4E3B,0x4E3D,
	0x4E45,0x4E5B,0x0000,0x4E5D,0x4E5F,
	0x4E67,0x4E88,0x0000,0x4E8A,0x4E8C,
	0x0000,0x4E93,0x0000,0x0000,0x5676,
	0x0000,0x0000,0x0000,0x0217,0x021E,
	0x0000,0x0000,0x0000,0x02FD,0x0304,
	0x0000,0x0310,0x0000,0x03E7,0x03ED,
	0x0000,0x0000,0x0000,0x03F6,0x03FC,
	0x0000,0x0000,0x0000,0x0405,0x040B,
	0x0000,0x0414,0x0000,0x0416,0x041C,
	0x0000,0x0428,0x0000,0x042A,0x0430,
	0x0000,0x0439,0x0001,0x04B6,0x04BC,
	0x0000,0x04C2,0x0000,0x0627,0x062D,
	0x0000,0x0000,0x0000,0x0711,0x0717,
	0x0000,0x0720,0x0000,0x0722,0x0728,
	0x0000,0x0734,0x0000,0x0745,0x074B,
	0x0000,0x0757,0x0000,0x0793,0x0799,
	0x0000,0x07A2,0x0000,0x08A2,0x08A8,
	0x0000,0x08B1,0x0000,0x08CC,0x08D2,
	0x0000,0x08DC,0x0000,0x08EB,0x08F1,
	0x0000,0x08F7,0x0000,0x091A,0x0920,
	0x0000,0x092A,0x0000,0x09A9,0x09AF,
	0x0000,0x09BA,0x0000,0x0C8E,0x0C93,
	0x0000,0x0C9A,0x0000,0x0EB6,0x0EBB,
	0x0000,0x0000,0x0000,0x10C9,0x10CE,
	0x0000,0x10D6,0x0000,0x114B,0x1150,
	0x0000,0x1159,0x0000,0x11C3,0x11C8,
	0x0000,0x11D2,0x0000,0x130E,0x1313,
	0x0000,0x131D,0x0000,0x140A,0x140F,
	0x0000,0x1419,0x0000,0x141B,0x1420,
	0x0000,0x1429,0x0000,0x145C,0x1461,
	0x0000,0x0000,0x0000,0x1497,0x149C,
	0x0000,0x14A2,0x0000,0x15AE,0x15B3,
	0x0000,0x15B8,0x0000,0x15C9,0x15CE,
	0x0000,0x15D5,0x0000,0x15E4,0x15E9,
	0x0000,0x0000,0x0000,0x1633,0x1638,
	0x1641,0x1643,0x0000,0x1645,0x164A,
	0x0000,0x1653,0x0000,0x17C5,0x17CA,
	0x0000,0x17D1,0x0001,0x1B8B,0x1B8F,
	0x0000,0x0000,0x0000,0x1E17,0x1E1B,
	0x1E23,0x1E25,0x0000,0x1E27,0x1E2B,
	0x1E36,0x1E49,0x0000,0x1E4B,0x1E4F,
	0x0000,0x0000,0x0000,0x1F03,0x1F07,
	0x0000,0x0000,0x0002,0x1FF1,0x1FF5,
	0x0000,0x0000,0x0002,0x233A,0x233E,
	0x0000,0x0000,0x0000,0x23DE,0x23E2,
	0x23ED,0x2406,0x0000,0x2408,0x240C,
	0x0000,0x2414,0x0000,0x243D,0x2441,
	0x0000,0x244A,0x0000,0x24DA,0x24DE,
	0x24E3,0x24EE,0x0000,0x24F0,0x24F4,
	0x0000,0x24FC,0x0000,0x25D4,0x25D8,
	0x0000,0x25E0,0x0000,0x25E2,0x25E6,
	0x0000,0x0000,0x0000,0x2633,0x2637,
	0x0000,0x2640,0x0000,0x2AB6,0x2ABA,
	0x0000,0x2AC2,0x0001,0x2C97,0x2C9A,
	0x2C9D,0x2CA3,0x0000,0x3032,0x3035,
	0x303B,0x0000,0x0000,0x31F7,0x31FA,
	0x31FE,0x3209,0x0000,0x320B,0x320E,
	0x0000,0x3214,0x0000,0x3719,0x371C,
	0x0000,0x3727,0x0000,0x37E8,0x37EB,
	0x37F1,0x0000,0x0000,0x38C3,0x38C6,
	0x0000,0x38CA,0x0000,0x39CC,0x39CF,
	0x39D4,0x39DF,0x0000,0x3A44,0x3A47,
	0x0000,0x3A4E,0x0000,0x3EE0,0x3EE3,
	0x0000,0x3EE8,0x0000,0x46AA,0x46AC,
	0x46B0,0x46BB,0x0000,0x46BD,0x46BF,
	0x46C5,0x46CC,0x0000,0x46CE,0x46D0,
	0x46D3,0x46D5,0x0000,0x4BEB,0x4BED,
	0x4BF3,0x4BF5,0x0000,0x4BF7,0x4BF9,
	0x4BFE,0x4C09,0x0000,0x4E95,0x4E97,
	0x0000,0x4E9B,0x0007,0x4EA5,0x4EA7,
	0x0000,0x4EAB,0x0000,0x4EAD,0x4EAF,
	0x4EB6,0x4EC2,0x0000,0x4EC4,0x4EC6,
	0x4ECA,0x4ECD,0x0000,0x4ECF,0x4ED1,
	0x4ED5,0x4EE5,0x0000,0x4EE7,0x4EE9,
	0x0000,0x4EEC,0x0000,0x0000,0x4EEE,
	0x4EF1,0x4F01,0x0000,0x0000,0x4F03,
	0x0000,0x4F07,0x0002,0x0000,0x5679,
	0x0000,0x0000,0x0005,0x0000,0x567C,
	0x0000,0x0000,0x0004,0x0000,0x567F,
	0x0000,0x0000,0x0006,0x0000,0x5682,
	0x0000,0x0000,0x0007,0x0000,0x5685,
	0x0000,0x0000,0x0000,0x0000,0x5688,
	0x568B,0x568F,0x0000,0x0000,0x5696,
	0x5699,0x569F,0x0000,0x0000,0x56A3,
	0x56A6,0x56AA,0x0000,0x0000,0x56AD,
	0x56B0,0x56B2,0x0000,0x0000,0x56BA,
	0x56BD,0x56C3,0x0000,0x0000,0x56C5,
	0x56C8,0x56D7,0x0000,0x0000,0x56DA,
	0x56DD,0x0000,0x0000,0x0000,0x56EE,
	0x56F1,0x56F4,0x0000,0x0000,0x56F7,
	0x56FA,0x0000,0x0000,0x0000,0x5702,
	0x5705,0x0000,0x0000,0x0000,0x5713,
	0x5716,0x5721,0x0000,0x0000,0x5724,
	0x5727,0x572E,0x0000,0x0000,0x5731,
	0x5734,0x5742,0x0000,0x0000,0x5745,
	0x5748,0x5752,0x0000,0x0000,0x5758,
	0x0000,0x0000,0x0000,0x0387,0x038E,
	0x0000,0x0000,0x0000,0x0395,0x039C,
	0x0000,0x0000,0x0000,0x0473,0x0479,
	0x0000,0x0000,0x0000,0x0531,0x0537,
	0x0000,0x0000,0x0000,0x05B1,0x05B7,
	0x0000,0x05C0,0x0000,0x07A4,0x07AA,
	0x0000,0x07B5,0x0000,0x087F,0x0885,
	0x0000,0x0890,0x0000,0x0C80,0x0C85,
	0x0000,0x0C8C,0x0000,0x0CCD,0x0CD2,
	0x0000,0x0CD9,0x0000,0x0CDB,0x0CE0,
	0x0000,0x0000,0x0000,0x0CF7,0x0CFC,
	0x0000,0x0000,0x0000,0x0D80,0x0D85,
	0x0000,0x0D89,0x0000,0x0F0F,0x0F14,
	0x0000,0x0000,0x0000,0x0F53,0x0F58,
	0x0000,0x0000,0x0002,0x0F5F,0x0F64,
	0x0000,0x0000,0x0000,0x0F6B,0x0F70,
	0x0000,0x0000,0x0000,0x1033,0x1038,
	0x0000,0x1042,0x0000,0x1174,0x1179,
	0x0000,0x0000,0x0000,0x12DB,0x12E0,
	0x0000,0x12EB,0x0000,0x14B2,0x14B7,
	0x0000,0x14BF,0x0000,0x14F5,0x14FA,
	0x0000,0x0000,0x0002,0x1500,0x1505,
	0x0000,0x0000,0x0000,0x166F,0x1674,
	0x0000,0x167E,0x0000,0x1717,0x171C,
	0x0000,0x0000,0x0002,0x1723,0x1728,
	0x0000,0x0000,0x0000,0x1A9A,0x1A9E,
	0x0000,0x1AA3,0x0001,0x1AA5,0x1AA9,
	0x1AAE,0x1AB9,0x0001,0x1ABB,0x1ABF,
	0x0000,0x0000,0x0000,0x1B70,0x1B74,
	0x0000,0x0000,0x0000,0x1BFF,0x1C03,
	0x0000,0x1C0C,0x0000,0x1C4B,0x1C4F,
	0x0000,0x1C56,0x0000,0x1F57,0x1F5B,
	0x0000,0x0000,0x0002,0x1FE0,0x1FE4,
	0x1FEB,0x0000,0x0000,0x212E,0x2132,
	0x2138,0x2143,0x0000,0x2145,0x2149,
	0x2155,0x2163,0x0000,0x2165,0x2169,
	0x0000,0x2172,0x0000,0x232A,0x232E,
	0x0000,0x2338,0x0000,0x2342,0x2346,
	0x0000,0x234F,0x0000,0x235F,0x2363,
	0x0000,0x236A,0x0001,0x236C,0x2370,
	0x0000,0x2376,0x0000,0x256D,0x2571,
	0x2578,0x257C,0x0000,0x257E,0x2582,
	0x0000,0x258C,0x0000,0x271B,0x271F,
	0x0000,0x2725,0x0000,0x2735,0x2739,
	0x0000,0x273F,0x0000,0x2746,0x274A,
	0x2750,0x0000,0x0000,0x2752,0x2756,
	0x0000,0x275E,0x0000,0x2760,0x2764,
	0x0000,0x276E,0x0000,0x27A1,0x27A5,
	0x0000,0x0000,0x0000,0x27FB,0x27FF,
	0x0000,0x0000,0x0000,0x285B,0x285F,
	0x0000,0x0000,0x0000,0x2887,0x288B,
	0x0000,0x2894,0x0000,0x2A39,0x2A3D,
	0x0000,0x2A46,0x0000,0x2A56,0x2A5A,
	0x0000,0x2A63,0x0000,0x2B44,0x2B48,
	0x0000,0x0000,0x0000,0x2CEB,0x2CEE,
	0x2CF3,0x2CFE,0x0000,0x2D00,0x2D03,
	0x0000,0x2D09,0x0000,0x2F5A,0x2F5D,
	0x0000,0x2F65,0x0002,0x2F7E,0x2F81,
	0x0000,0x0000,0x0000,0x30A3,0x30A6,
	0x0000,0x30AC,0x0000,0x3147,0x314A,
	0x314F,0x315A,0x0000,0x315C,0x315F,
	0x3167,0x3177,0x0000,0x3179,0x317C,
	0x0000,0x3183,0x0000,0x3216,0x3219,
	0x3220,0x3222,0x0000,0x32AE,0x32B1,
	0x0000,0x0000,0x0001,0x34DE,0x34E1,
	0x0000,0x34E6,0x0000,0x366B,0x366E,
	0x0000,0x3677,0x0000,0x37A6,0x37A9,
	0x0000,0x37B0,0x0000,0x3821,0x3824,
	0x0000,0x382C,0x0000,0x3A50,0x3A53,
	0x3A57,0x0000,0x0000,0x3A8F,0x3A92,
	0x0000,0x3A99,0x0000,0x3CEE,0x3CF1,
	0x3CF6,0x3D01,0x0000,0x3D03,0x3D06,
	0x3D0E,0x3D19,0x0000,0x3D1B,0x3D1E,
	0x3D27,0x3D34,0x0000,0x3D36,0x3D39,
	0x3D42,0x3D58,0x0000,0x3D5A,0x3D5D,
	0x3D66,0x3D85,0x0000,0x3D87,0x3D8A,
	0x0000,0x3D92,0x0000,0x4081,0x4083,
	0x0000,0x4086,0x8000,0x4088,0x408A,
	0x0000,0x408D,0x0000,0x415C,0x415E,
	0x0000,0x4161,0x0002,0x4163,0x4165,
	0x0000,0x4168,0x0001,0x4944,0x4946,
	0x0000,0x4949,0x0000,0x0000,0x575B,
	0x0000,0x0000,0x0000,0x1C1F,0x1C23,
	0x0000,0x0000,0x0000,0x2308,0x230C,
	0x0000,0x2311,0x0001,0x2313,0x2317,
	0x0000,0x231C,0x0002,0x2C52,0x2C55,
	0x0000,0x0000,0x0000,0x2FC2,0x2FC5,
	0x0000,0x2FCA,0x0001,0x308E,0x3091,
	0x0000,0x0000,0x0000,0x3094,0x3097,
	0x0000,0x309B,0x0000,0x309D,0x30A0,
	0x0000,0x0000,0x0000,0x30BB,0x30BE,
	0x30C3,0x0000,0x0004,0x32BD,0x32C0,
	0x0000,0x0000,0x0002,0x37FE,0x3801,
	0x0000,0x3805,0x0002,0x3807,0x380A,
	0x0000,0x0000,0x0005,0x3FCF,0x3FD1,
	0x0000,0x0000,0x0002,0x3FD5,0x3FD7,
	0x0000,0x0000,0x0006,0x3FDA,0x3FDC,
	0x0000,0x0000,0x0001,0x3FDF,0x3FE1,
	0x0000,0x0000,0x0007,0x3FE4,0x3FE6,
	0x0000,0x0000,0x0000,0x3FE9,0x3FEB,
	0x0000,0x3FEE,0x0000,0x3FF7,0x3FF9,
	0x0000,0x3FFC,0x0000,0x3FFE,0x4000,
	0x0000,0x0000,0x0005,0x4366,0x4368,
	0x0000,0x0000,0x0002,0x436C,0x436E,
	0x0000,0x0000,0x0006,0x4371,0x4373,
	0x0000,0x0000,0x0001,0x4376,0x4378,
	0x0000,0x0000,0x0000,0x437B,0x437D,
	0x4381,0x0000,0x0000,0x438C,0x438E,
	0x0000,0x0000,0x0005,0x46D7,0x46D9,
	0x0000,0x0000,0x0007,0x46DD,0x46DF,
	0x46E2,0x46E4,0x0005,0x494B,0x494D,
	0x0000,0x0000,0x0006,0x4951,0x4953,
	0x0000,0x0000,0x0001,0x4956,0x4958,
	0x0000,0x0000,0x0007,0x495B,0x495D,
	0x0000,0x0000,0x0000,0x4960,0x4962,
	0x0000,0x4966,0x0000,0x4968,0x496A,
	0x0000,0x496D,0x0000,0x4970,0x4972,
	0x4975,0x4977,0x0000,0x497A,0x497C,
	0x0000,0x497F,0x0000,0x4981,0x4983,
	0x4986,0x498D,0x0000,0x4991,0x4993,
	0x4996,0x49A7,0x0000,0x49A9,0x49AB,
	0x0000,0x49AE,0x0000,0x49BF,0x49C1,
	0x0000,0x49C5,0x0000,0x49CE,0x49D0,
	0x0000,0x49D3,0x0000,0x49D5,0x49D7,
	0x49DA,0x49DC,0x0000,0x49DE,0x49E0,
	0x49E3,0x49E5,0x0000,0x49EB,0x49ED,
	0x0000,0x49F0,0x0000,0x49F3,0x49F5,
	0x0000,0x49F8,0x0000,0x4A05,0x4A07,
	0x0000,0x4A0A,0x0000,0x4A0E,0x4A10,
	0x0000,0x0000,0x0000,0x4C0B,0x4C0D,
	0x4C10,0x0000,0x0000,0x4C12,0x4C14,
	0x4C18,0x0000,0x0005,0x0000,0x575E,
	0x0000,0x0000,0x0004,0x0000,0x5761,
	0x0000,0x0000,0x0007,0x0000,0x5764,
	0x0000,0x0000,0x0000,0x0000,0x5767,
	0x576A,0x576D,0x0000,0x0000,0x5777,
	0x0000,0x577A,0x0000,0x0000,0x5783,
	0x5786,0x5788,0x0000,0x0000,0x578F,
	0x5792,0x5794,0x0000,0x0000,0x57A6,
	0x57A9,0x57AC,0x0000,0x0000,0x57B3,
	0x0000,0x57B6,0x0000,0x0000,0x57C4,
	0x0000,0x57C8,0x0000,0x0000,0x57DA,
	0x57DD,0x57E7,0x0000,0x0000,0x57F0,
	0x0000,0x57F4,0x0000,0x0000,0x57F8,
	0x57FB,0x5801,0x0000,0x0000,0x5805,
	0x5809,0x580F,0x0000,0x0000,0x5823,
	0x0000,0x5827,0x0000,0x0000,0x582F,
	0x0000,0x5832,0x0000,0x0000,0x583A,
	0x0000,0x583E,0x0000,0x0000,0x5849,
	0x0000,0x584D,0x0000,0x0000,0x585E,
	0x0000,0x5862,0x0000,0x0000,0x586D,
	0x5870,0x587D,0x0000,0x0000,0x588C,
	0x588F,0x5895,0x0000,0x0000,0x58A1,
	0x0000,0x58A4,0x0000,0x0000,0x58B4,
	0x0000,0x58B8,0x0000,0x0000,0x58C3,
	0x0000,0x58C6,0x0000,0x0000,0x58C8,
	0x0000,0x0000,0x0000,0x0000,0x58CC,
	0x0000,0x0000,0x0000,0x2AD0,0x2AD4,
	0x0000,0x0000,0x0000,0x2EE3,0x2EE6,
	0x2EEB,0x0000,0x0000,0x3ABA,0x3ABD,
	0x0000,0x0000,0x0005,0x4003,0x4005,
	0x0000,0x0000,0x0006,0x4009,0x400B,
	0x0000,0x0000,0x0000,0x400F,0x4011,
	0x4014,0x0000,0x0000,0x401F,0x4021,
	0x0000,0x4024,0x0005,0x4391,0x4393,
	0x0000,0x0000,0x0000,0x4397,0x4399,
	0x439C,0x439F,0x0000,0x43A1,0x43A3,
	0x43A7,0x0000,0x0000,0x43B6,0x43B8,
	0x0000,0x0000,0x0005,0x4A13,0x4A15,
	0x0000,0x0000,0x0000,0x4A19,0x4A1B,
	0x4A1E,0x0000,0x0000,0x4A29,0x4A2B,
	0x4A2E,0x0000,0x0000,0x4A38,0x4A3A,
	0x4A3D,0x0000,0x0000,0x4A4D,0x4A4F,
	0x4A52,0x0000,0x0000,0x4A5E,0x4A60,
	0x4A63,0x4A72,0x0000,0x4A74,0x4A76,
	0x0000,0x0000,0x0006,0x0000,0x58CF,
	0x0000,0x58D2,0x0006,0x0000,0x58D8,
	0x0000,0x0000,0x0000,0x0000,0x58DB,
	0x0000,0x0000,0x0000,0x1D0C,0x1D10,
	0x0000,0x0000,0x0000,0x1F47,0x1F4B,
	0x0000,0x1F55,0x0000,0x2E94,0x2E97,
	0x0000,0x2E9A,0x0001,0x2E9C,0x2E9F,
	0x0000,0x0000,0x0000,0x2EFE,0x2F01,
	0x0000,0x2F0A,0x0000,0x3265,0x3268,
	0x0000,0x0000,0x0001,0x326C,0x326F,
	0x0000,0x0000,0x0000,0x38CC,0x38CF,
	0x0000,0x38D3,0x0001,0x38D5,0x38D8,
	0x0000,0x38DC,0x0000,0x3A59,0x3A5C,
	0x0000,0x3A60,0x0000,0x43BB,0x43BD,
	0x43C5,0x43D7,0x0000,0x43D9,0x43DB,
	0x0000,0x43E1,0x0000,0x4A79,0x4A7B,
	0x4A81,0x0000,0x0000,0x0000,0x58DE,
	0x58E1,0x0000,0x0000,0x0000,0x58E3,
	0x0000,0x0000,0x0000,0x008A,0x0092,
	0x0000,0x009F,0x0000,0x00C2,0x00C9,
	0x00DB,0x00EA,0x0000,0x00EC,0x00F3,
	0x0106,0x0112,0x0000,0x0114,0x011B,
	0x012D,0x013A,0x0000,0x013C,0x0143,
	0x0000,0x0154,0x0000,0x01B6,0x01BD,
	0x0000,0x0000,0x0000,0x0258,0x025F,
	0x0271,0x0280,0x0000,0x0282,0x0289,
	0x029B,0x02A7,0x0000,0x02A9,0x02B0,
	0x02C2,0x02CA,0x0000,0x02CC,0x02D3,
	0x0000,0x02E5,0x0000,0x02E7,0x02EE,
	0x0000,0x02FB,0x0000,0x04F0,0x04F6,
	0x0000,0x04FD,0x0000,0x0637,0x063D,
	0x0000,0x0649,0x0000,0x0830,0x0836,
	0x0000,0x0843,0x0000,0x0967,0x096D,
	0x0000,0x0976,0x0000,0x09BC,0x09C2,
	0x0000,0x09C9,0x0000,0x09CB,0x09D1,
	0x0000,0x09DA,0x0000,0x09DC,0x09E2,
	0x0000,0x09F1,0x0000,0x0A35,0x0A3B,
	0x0000,0x0A46,0x0000,0x0A72,0x0A77,
	0x0A83,0x0A89,0x0000,0x0ACF,0x0AD4,
	0x0000,0x0ADE,0x0000,0x0AE0,0x0AE5,
	0x0000,0x0AEE,0x0000,0x0B03,0x0B08,
	0x0B13,0x0B19,0x0000,0x0B6E,0x0B73,
	0x0000,0x0B80,0x0000,0x0BC8,0x0BCD,
	0x0000,0x0BD8,0x0000,0x0DD5,0x0DDA,
	0x0000,0x0DE4,0x0000,0x0DF6,0x0DFB,
	0x0000,0x0000,0x0000,0x0E58,0x0E5D,
	0x0000,0x0E69,0x0000,0x0FD8,0x0FDD,
	0x0000,0x0FE5,0x0000,0x10B6,0x10BB,
	0x0000,0x10C7,0x0000,0x123D,0x1242,
	0x0000,0x124E,0x0000,0x12C8,0x12CD,
	0x0000,0x12D9,0x0000,0x131F,0x1324,
	0x0000,0x1330,0x0000,0x1389,0x138E,
	0x0000,0x1397,0x0000,0x13CF,0x13D4,
	0x13DB,0x13E1,0x0000,0x1484,0x1489,
	0x0000,0x1495,0x0000,0x15F0,0x15F5,
	0x0000,0x1602,0x0000,0x189E,0x18A2,
	0x18AE,0x18BD,0x0000,0x18BF,0x18C3,
	0x18CF,0x18DB,0x0000,0x18DD,0x18E1,
	0x18ED,0x18F5,0x0000,0x18F7,0x18FB,
	0x0000,0x1907,0x0000,0x1991,0x1995,
	0x199C,0x19A7,0x0000,0x19A9,0x19AD,
	0x19B4,0x19B6,0x0000,0x19B8,0x19BC,
	0x0000,0x19C4,0x0000,0x1A0A,0x1A0E,
	0x0000,0x1A18,0x0000,0x1B7C,0x1B80,
	0x0000,0x0000,0x0000,0x1BD3,0x1BD7,
	0x0000,0x1BE2,0x0000,0x1BE4,0x1BE8,
	0x0000,0x0000,0x0000,0x1D13,0x1D17,
	0x0000,0x1D21,0x0000,0x1D4F,0x1D53,
	0x0000,0x1D5C,0x0000,0x1DEF,0x1DF3,
	0x0000,0x1DFC,0x0000,0x2252,0x2256,
	0x2262,0x2271,0x0000,0x2273,0x2277,
	0x2283,0x228F,0x0000,0x2291,0x2295,
	0x22A1,0x22A9,0x0000,0x22AB,0x22AF,
	0x0000,0x22BA,0x0000,0x2378,0x237C,
	0x2387,0x238D,0x0000,0x253B,0x253F,
	0x0000,0x2548,0x0000,0x259A,0x259E,
	0x0000,0x25A7,0x0000,0x270D,0x2711,
	0x2719,0x0000,0x0000,0x284C,0x2850,
	0x0000,0x2859,0x0000,0x29BC,0x29C0,
	0x29C8,0x29D3,0x0000,0x29D5,0x29D9,
	0x0000,0x29E2,0x0000,0x2A79,0x2A7D,
	0x2A88,0x2A8F,0x0000,0x2A91,0x2A95,
	0x0000,0x2AA0,0x0000,0x2BFE,0x2C01,
	0x2C06,0x2C11,0x0000,0x2C13,0x2C16,
	0x2C22,0x2C2D,0x0000,0x2C2F,0x2C32,
	0x0000,0x2C3D,0x0000,0x2CBE,0x2CC1,
	0x2CCA,0x2CD0,0x0000,0x2D0B,0x2D0E,
	0x2D13,0x0000,0x0000,0x2D15,0x2D18,
	0x2D20,0x2D26,0x0000,0x2D5E,0x2D61,
	0x2D6B,0x2D71,0x0000,0x2F0C,0x2F0F,
	0x0000,0x2F16,0x0006,0x2FAB,0x2FAE,
	0x0000,0x2FB4,0x0000,0x2FEA,0x2FED,
	0x0000,0x2FF4,0x0000,0x30D9,0x30DC,
	0x0000,0x30E3,0x0000,0x3191,0x3194,
	0x3199,0x31A4,0x0000,0x31A6,0x31A9,
	0x31B3,0x31C7,0x0000,0x31C9,0x31CC,
	0x31D3,0x31D9,0x0000,0x327A,0x327D,
	0x0000,0x3284,0x0000,0x3435,0x3438,
	0x3443,0x3451,0x0000,0x3453,0x3456,
	0x0000,0x345E,0x0000,0x3519,0x351C,
	0x3521,0x352C,0x0000,0x352E,0x3531,
	0x3537,0x353D,0x0000,0x36B4,0x36B7,
	0x36BC,0x36C7,0x0000,0x36C9,0x36CC,
	0x0000,0x36D4,0x0000,0x379F,0x37A2,
	0x0000,0x0000,0x0000,0x38EB,0x38EE,
	0x38F6,0x38FC,0x0000,0x392E,0x3931,
	0x3938,0x3943,0x0000,0x3945,0x3948,
	0x0000,0x3950,0x0000,0x395C,0x395F,
	0x3964,0x396F,0x0000,0x3971,0x3974,
	0x397A,0x3981,0x0000,0x3983,0x3986,
	0x0000,0x0000,0x0006,0x3B23,0x3B26,
	0x0000,0x3B2B,0x0000,0x3B2D,0x3B30,
	0x3B35,0x0000,0x0000,0x3B8E,0x3B91,
	0x0000,0x3B95,0x0000,0x3BAE,0x3BB1,
	0x3BB7,0x3BBD,0x0000,0x3C02,0x3C05,
	0x0000,0x0000,0x0000,0x3C7E,0x3C81,
	0x0000,0x3C87,0x0005,0x402F,0x4031,
	0x0000,0x0000,0x0006,0x4035,0x4037,
	0x0000,0x0000,0x0000,0x403A,0x403C,
	0x0000,0x0000,0x0000,0x4121,0x4123,
	0x4128,0x412A,0x0000,0x43E3,0x43E5,
	0x43E8,0x43F3,0x0000,0x43F5,0x43F7,
	0x43FB,0x4404,0x0000,0x4406,0x4408,
	0x0000,0x440C,0x0000,0x440E,0x4410,
	0x4413,0x441E,0x0000,0x4420,0x4422,
	0x0000,0x0000,0x0000,0x443E,0x4440,
	0x0000,0x4445,0x0000,0x44C4,0x44C6,
	0x44CA,0x44D1,0x0000,0x4732,0x4734,
	0x4738,0x4743,0x0000,0x4745,0x4747,
	0x474E,0x4754,0x0000,0x4A83,0x4A85,
	0x0000,0x0000,0x0000,0x4B0D,0x4B0F,
	0x4B13,0x4B15,0x0000,0x4B1B,0x4B1D,
	0x4B24,0x4B2E,0x0005,0x4C1A,0x4C1C,
	0x0000,0x0000,0x0000,0x4C20,0x4C22,
	0x0000,0x0000,0x0005,0x0000,0x58E7,
	0x0000,0x0000,0x0006,0x0000,0x58EA,
	0x0000,0x58ED,0x0006,0x0000,0x58EF,
	0x58F2,0x0000,0x0006,0x0000,0x58F4,
	0x0000,0x0000,0x0007,0x0000,0x58F7,
	0x0000,0x58FA,0x0007,0x0000,0x58FC,
	0x0000,0x0000,0x0000,0x0000,0x58FF,
	0x5902,0x0000,0x0000,0x0000,0x5904,
	0x5907,0x5912,0x0000,0x0000,0x5914,
	0x5917,0x0000,0x0000,0x0000,0x5927,
	0x592C,0x593C,0x0000,0x0000,0x593E,
	0x0000,0x5941,0x0000,0x0000,0x5943,
	0x5946,0x5950,0x0000,0x0000,0x5953,
	0x0000,0x5956,0x0000,0x0000,0x5966,
	0x0000,0x5969,0x0000,0x0000,0x5974,
	0x0000,0x5978,0x0000,0x0000,0x5983,
	0x0000,0x0000,0x0000,0x0328,0x032F,
	0x0000,0x0339,0x0000,0x0736,0x073C,
	0x0000,0x0743,0x0000,0x1F3B,0x1F3F,
	0x1F45,0x0000,0x0000,0x28E5,0x28E9,
	0x0000,0x0000,0x0006,0x28ED,0x28F1,
	0x0000,0x0000,0x0000,0x2AD8,0x2ADC,
	0x0000,0x2AE3,0x0000,0x2B58,0x2B5C,
	0x0000,0x2B62,0x0000,0x2B95,0x2B99,
	0x0000,0x2BA0,0x0000,0x2F18,0x2F1B,
	0x2F1F,0x0000,0x0000,0x2F21,0x2F24,
	0x0000,0x0000,0x0006,0x2F29,0x2F2C,
	0x2F30,0x0000,0x0006,0x2F32,0x2F35,
	0x0000,0x0000,0x0000,0x304A,0x304D,
	0x0000,0x0000,0x0006,0x3050,0x3053,
	0x0000,0x0000,0x0000,0x378D,0x3790,
	0x3794,0x0000,0x0006,0x3796,0x3799,
	0x379D,0x0000,0x0000,0x4133,0x4135,
	0x4138,0x0000,0x0000,0x413A,0x413C,
	0x0000,0x0000,0x0006,0x413F,0x4141,
	0x0000,0x0000,0x0000,0x416A,0x416C,
	0x0000,0x0000,0x0006,0x416F,0x4171,
	0x0000,0x0000,0x0000,0x4426,0x4428,
	0x0000,0x442D,0x0007,0x442F,0x4431,
	0x0000,0x4436,0x0002,0x479D,0x479F,
	0x0000,0x47A3,0x0006,0x4AB1,0x4AB3,
	0x0000,0x0000,0x0000,0x4B30,0x4B32,
	0x0000,0x4B36,0x0004,0x4C42,0x4C44,
	0x0000,0x0000,0x0000,0x0000,0x5987,
	0x0000,0x0000,0x0005,0x0000,0x5286,
	0x0000,0x0000,0x0007,0x0000,0x528A,
	0x0000,0x528E,0x0007,0x0000,0x5295,
	0x0000,0x5298,0x0000,0x0000,0x529A,
	0x529D,0x0000,0x0000,0x0000,0x529F,
	0x0000,0x52A3,0x0000,0x0000,0x52BB,
	0x0000,0x52BF,0x0000,0x0000,0x52C1,
	0x0000,0x0000,0x0000,0x0000,0x564E,
	0x0000,0x5651,0x0000,0x0000,0x565D,
	0x0000,0x5660,0x0000,0x0000,0x5672,
	0x0000,0x0000,0x0000,0x0D2E,0x0D33,
	0x0D38,0x0000,0x0004,0x0D3A,0x0D3F,
	0x0D44,0x0000,0x0000,0x4E9D,0x4E9F,
	0x0000,0x4EA3,0x0000,0x4F52,0x4F54,
	0x4F58,0x0000,0x0000,0x4F68,0x4F6A,
	0x0000,0x0000,0x0000,0x544D,0x544F,
	0x5452,0x0000,0x0000,0x0000,0x598A,
	0x0000,0x0000,0x0000,0x0000,0x4F09,
	0x0000,0x0000
};

#ifdef OS_PALM
const unsigned char acna_lsbtab[] = {
#else
const unsigned char far acna_lsbtab[] = {
#endif
	0x00,0x0F,0x09,0x14,0x01,0x03,0x09,0x06,
	0x09,0x00,0x00,0x20,0x12,0x2B,0x7B,0x73,
	0x03,0x31,0x7D,0x73,0x12,0x25,0x7B,0x73,
	0x12,0x7B,0x00,0x01,0x1E,0x10,0x0F,0x12,
	0x08,0x14,0x0E,0x01,0x00,0x00,0x86,0x11,
	0x2D,0x7B,0x73,0x11,0x1A,0x27,0x7B,0x73,
	0x20,0x05,0x7B,0x00,0x01,0x22,0x05,0x12,
	0x04,0x0C,0x09,0x08,0x03,0x00,0x00,0x20,
	0x11,0x1A,0x7B,0x73,0x30,0x1B,0x02,0x36,
	0x6D,0x00,0x01,0x12,0x15,0x14,0x0C,0x15,
	0x03,0x00,0x00,0x22,0x7B,0x73,0x0F,0x36,
	0x7B,0x73,0x1B,0x09,0x31,0x7D,0x00,0x01,
	0x1E,0x05,0x06,0x06,0x12,0x05,0x0F,0x04,
	0x00,0x00,0x0F,0x7B,0x73,0x25,0x1A,0x0A,
	0x30,0x00,0x03,0x0E,0x05,0x03,0x09,0x06,
	0x09,0x00,0x00,0x29,0x20,0x12,0x7B,0x73,
	0x29,0x11,0x7B,0x73,0x25,0x02,0x7D,0x00,
	0x01,0x1E,0x0C,0x0C,0x01,0x14,0x0E,0x05,
	0x0D,0x00,0x00,0x01,0x7B,0x73,0x22,0x7B,
	0x73,0x2F,0x20,0x04,0x1F,0x7D,0x00,0x01,
	0x1E,0x01,0x0E,0x0F,0x09,0x14,0x01,0x0E,
	0x00,0x00,0x1B,0x11,0x20,0x12,0x2B,0x05,
	0x20,0x00,0x01,0x0E,0x0F,0x09,0x14,0x01,
	0x12,0x00,0x00,0x1B,0x11,0x24,0x2B,0x05,
	0x1A,0x00,0x14,0x09,0x0C,0x09,0x02,0x01,
	0x00,0x05,0x1E,0x00,0x01,0x2F,0x7B,0x73,
	0x12,0x7B,0x73,0x1B,0x02,0x2E,0x7D,0x73,
	0x11,0x7B,0x00,0x0E,0x12,0x20,0x06,0x01,
	0x15,0x01,0x09,0x01,0x01,0x21,0x04,0x00,
	0x04,0x00,0x01,0x1E,0x14,0x09,0x0C,0x09,
	0x02,0x01,0x00,0x05,0x1E,0x00,0x01,0x2F,
	0x7B,0x73,0x12,0x7B,0x73,0x1B,0x02,0x2E,
	0x7D,0x73,0x11,0x7B,0x73,0x00,0x0B,0x03,
	0x20,0x08,0x01,0x15,0x01,0x01,0x01,0x12,
	0x01,0x0E,0x01,0x1E,0x14,0x09,0x0C,0x09,
	0x02,0x01,0x00,0x05,0x1E,0x00,0x01,0x2F,
	0x7B,0x73,0x12,0x7B,0x73,0x1B,0x02,0x2E,
	0x7D,0x73,0x11,0x7B,0x00,0x0C,0x20,0x04,
	0x01,0x0D,0x01,0x10,0x20,0x04,0x01,0x01,
	0x01,0x15,0x01,0x1E,0x14,0x09,0x0C,0x09,
	0x02,0x01,0x00,0x1E,0x00,0x01,0x2F,0x7B,
	0x73,0x12,0x7B,0x73,0x1B,0x02,0x2E,0x7D,
	0x73,0x11,0x7B,0x00,0x01,0x1E,0x05,0x01,
	0x08,0x03,0x12,0x01,0x00,0x00,0x86,0x11,
	0x01,0x31,0x1A,0x06,0x00,0x01,0x0E,0x0F,
	0x09,0x14,0x01,0x00,0x00,0x22,0x7B,0x73,
	0x20,0x12,0x2B,0x7B,0x73,0x03,0x7D,0x00,
	0x01,0x1E,0x07,0x15,0x0F,0x12,0x0F,0x02,
	0x00,0x1E,0x00,0x0B,0x7B,0x73,0x0F,0x2E,
	0x7B,0x73,0x00,0x01,0x1E,0x0C,0x01,0x08,
	0x10,0x05,0x03,0x00,0x00,0x86,0x0B,0x1B,
	0x7B,0x73,0x11,0x7B,0x73,0x25,0x04,0x29,
	0x7D,0x73,0x00,0x05,0x14,0x0E,0x15,0x0F,
	0x03,0x00,0x00,0x6D,0x0F,0x2F,0x7B,0x73,
	0x20,0x08,0x31,0x7D,0x73,0x00,0x12,0x14,
	0x0E,0x15,0x0F,0x03,0x00,0x00,0x01,0x1A,
	0x2F,0x7B,0x73,0x20,0x09,0x31,0x7D,0x73,
	0x00,0x12,0x15,0x14,0x0C,0x15,0x03,0x00,
	0x00,0x0F,0x36,0x7B,0x73,0x1B,0x89,0x11,
	0x31,0x7F,0x00,0x01,0x1E,0x03,0x0E,0x05,
	0x03,0x13,0x05,0x00,0x00,0x29,0x24,0x7B,
	0x73,0x29,0x04,0x7D,0x00,0x01,0x1E,0x0F,
	0x09,0x14,0x03,0x01,0x06,0x00,0x00,0x20,
	0x12,0x2B,0x7B,0x73,0x31,0x05,0x25,0x7D,
	0x00,0x01,0x1E,0x0F,0x09,0x14,0x03,0x05,
	0x06,0x00,0x00,0x20,0x12,0x2B,0x7B,0x73,
	0x31,0x04,0x25,0x7D,0x00,0x01,0x1E,0x09,
	0x13,0x05,0x0E,0x05,0x07,0x00,0x00,0x29,
	0x12,0x29,0x7B,0x73,0x11,0x20,0x7B,0x73,
	0x04,0x37,0x7D,0x00,0x05,0x08,0x10,0x01,
	0x12,0x07,0x00,0x1E,0x00,0x1A,0x11,0x25,
	0x7B,0x73,0x11,0x1A,0x32,0x7E,0x73,0x00,
	0x01,0x1E,0x09,0x08,0x10,0x01,0x12,0x07,
	0x00,0x1E,0x00,0x31,0x12,0x25,0x7B,0x73,
	0x05,0x1A,0x32,0x7D,0x73,0x00,0x01,0x1E,
	0x14,0x09,0x0C,0x09,0x02,0x09,0x00,0x05,
	0x1E,0x00,0x01,0x2F,0x7B,0x73,0x12,0x7B,
	0x73,0x1B,0x02,0x2E,0x7D,0x73,0x12,0x7B,
	0x00,0x0E,0x12,0x20,0x06,0x01,0x15,0x01,
	0x09,0x01,0x01,0x21,0x04,0x00,0x04,0x00,
	0x01,0x1E,0x14,0x09,0x0C,0x09,0x02,0x09,
	0x00,0x05,0x1E,0x00,0x01,0x2F,0x7B,0x73,
	0x12,0x7B,0x73,0x1B,0x02,0x2E,0x7D,0x73,
	0x12,0x7B,0x00,0x0B,0x03,0x20,0x08,0x01,
	0x15,0x01,0x01,0x01,0x12,0x01,0x0E,0x01,
	0x1E,0x14,0x09,0x0C,0x09,0x02,0x09,0x00,
	0x05,0x1E,0x00,0x01,0x2F,0x7B,0x73,0x12,
	0x7B,0x73,0x1B,0x02,0x2E,0x7D,0x73,0x12,
	0x7B,0x00,0x07,0x0D,0x20,0x04,0x01,0x01,
	0x01,0x15,0x01,0x1E,0x14,0x09,0x0C,0x09,
	0x02,0x09,0x00,0x1E,0x00,0x01,0x2F,0x7B,
	0x73,0x12,0x7B,0x73,0x1B,0x02,0x2E,0x7D,
	0x73,0x12,0x7B,0x73,0x00,0x01,0x1E,0x03,
	0x0E,0x05,0x09,0x03,0x09,0x00,0x00,0x01,
	0x29,0x7B,0x73,0x20,0x12,0x7B,0x73,0x2B,
	0x02,0x7D,0x00,0x01,0x1E,0x15,0x0F,0x12,
	0x05,0x06,0x09,0x00,0x00,0x29,0x11,0x7B,
	0x73,0x0F,0x25,0x7B,0x73,0x02,0x7D,0x00,
	0x01,0x1E,0x0F,0x09,0x14,0x01,0x1A,0x09,
	0x00,0x00,0x20,0x12,0x2B,0x7B,0x73,0x03,
	0x2A,0x7D,0x73,0x12,0x7B,0x00,0x01,0x1E,
	0x03,0x09,0x17,0x05,0x09,0x0B,0x00,0x00,
	0x36,0x02,0x26,0x7B,0x73,0x11,0x31,0x7E,
	0x00,0x01,0x22,0x01,0x12,0x05,0x14,0x01,
	0x0C,0x00,0x00,0x22,0x7B,0x73,0x0F,0x7B,
	0x73,0x2F,0x05,0x1B,0x7D,0x00,0x01,0x1E,
	0x01,0x03,0x09,0x07,0x0F,0x0C,0x00,0x00,
	0x22,0x31,0x12,0x37,0x7B,0x73,0x06,0x1B,
	0x7D,0x00,0x01,0x1E,0x0E,0x09,0x08,0x03,
	0x01,0x0D,0x00,0x00,0x20,0x01,0x2B,0x7D,
	0x73,0x11,0x1F,0x7B,0x73,0x00,0x05,0x14,
	0x13,0x09,0x05,0x0D,0x00,0x00,0x0F,0x7B,
	0x73,0x2F,0x29,0x07,0x1F,0x7F,0x00,0x04,
	0x09,0x0D,0x08,0x03,0x13,0x00,0x00,0x2F,
	0x02,0x1F,0x2B,0x7F,0x00,0x08,0x07,0x15,
	0x0F,0x08,0x14,0x00,0x00,0x2F,0x0A,0x27,
	0x00,0x05,0x04,0x0E,0x15,0x08,0x14,0x00,
	0x00,0x6E,0x0F,0x30,0x7B,0x73,0x20,0x09,
	0x27,0x00,0x0F,0x09,0x14,0x01,0x09,0x14,
	0x00,0x00,0x20,0x12,0x2B,0x7B,0x03,0x7D,
	0x01,0x2B,0x7B,0x00,0x0C,0x02,0x15,0x0F,
	0x12,0x14,0x00,0x00,0x22,0x2E,0x7B,0x73,
	0x09,0x1A,0x2F,0x7D,0x73,0x00,0x05,0x08,
	0x14,0x01,0x05,0x17,0x00,0x00,0x0F,0x28,
	0x7B,0x73,0x04,0x18,0x7D,0x73,0x00,0x15,
	0x0F,0x05,0x03,0x01,0x00,0x00,0x29,0x12,
	0x2B,0x7B,0x73,0x03,0x7D,0x00,0x15,0x0F,
	0x09,0x03,0x01,0x00,0x00,0x29,0x12,0x2B,
	0x7B,0x73,0x03,0x7D,0x00,0x15,0x0F,0x05,
	0x07,0x01,0x00,0x00,0x29,0x12,0x37,0x7B,
	0x73,0x03,0x7D,0x00,0x01,0x1E,0x15,0x0F,
	0x09,0x12,0x01,0x00,0x00,0x29,0x12,0x7B,
	0x73,0x01,0x7B,0x73,0x1A,0x03,0x7D,0x00,
	0x01,0x1E,0x15,0x0F,0x09,0x14,0x01,0x00,
	0x00,0x29,0x12,0x2B,0x7B,0x73,0x03,0x7D,
	0x00,0x01,0x1E,0x05,0x0B,0x03,0x05,0x02,
	0x00,0x00,0x0F,0x73,0x31,0x04,0x2E,0x00,
	0x05,0x0B,0x03,0x05,0x02,0x00,0x00,0x0F,
	0x73,0x31,0x04,0x2E,0x00,0x05,0x07,0x12,
	0x05,0x02,0x00,0x1E,0x00,0x0F,0x73,0x32,
	0x0F,0x2E,0x73,0x00,0x05,0x07,0x12,0x05,
	0x02,0x00,0x1E,0x00,0x0F,0x73,0x32,0x0F,
	0x2E,0x73,0x00,0x13,0x01,0x05,0x12,0x02,
	0x00,0x1E,0x00,0x2F,0x29,0x04,0x1A,0x2E,
	0x00,0x03,0x0E,0x0F,0x12,0x02,0x00,0x00,
	0x31,0x21,0x06,0x1A,0x2E,0x00,0x05,0x07,
	0x12,0x15,0x02,0x00,0x1E,0x00,0x0F,0x32,
	0x7B,0x73,0x0F,0x2E,0x7F,0x00,0x01,0x1E,
	0x09,0x04,0x12,0x01,0x03,0x00,0x00,0x0B,
	0x7B,0x73,0x01,0x30,0x7B,0x73,0x1A,0x06,
	0x31,0x7C,0x73,0x00,0x01,0x22,0x10,0x0D,
	0x01,0x08,0x03,0x00,0x00,0x2D,0x1F,0x0A,
	0x2B,0x00,0x01,0x22,0x0B,0x0E,0x05,0x08,
	0x03,0x00,0x00,0x0B,0x31,0x21,0x04,0x36,
	0x00,0x01,0x22,0x05,0x12,0x0F,0x08,0x03,
	0x00,0x00,0x86,0x11,0x01,0x1A,0x0B,0x31,
	0x00,0x0D,0x0F,0x12,0x08,0x03,0x00,0x00,
	0x1F,0x0B,0x1A,0x31,0x7B,0x00,0x01,0x1E,
	0x0C,0x0C,0x01,0x09,0x03,0x00,0x00,0x01,
	0x7B,0x73,0x22,0x2B,0x00,0x01,0x1E,0x15,
	0x03,0x12,0x09,0x03,0x00,0x00,0x1F,0x89,
	0x11,0x31,0x0F,0x29,0x00,0x15,0x0F,0x0C,
	0x0F,0x03,0x00,0x1E,0x00,0x0F,0x7B,0x73,
	0x1B,0x09,0x31,0x7B,0x73,0x00,0x01,0x1E,
	0x0F,0x0D,0x0D,0x0F,0x03,0x00,0x00,0x20,
	0x11,0x7B,0x73,0x1F,0x06,0x31,0x7D,0x73,
	0x00,0x09,0x04,0x05,0x12,0x03,0x00,0x00,
	0x2F,0x12,0x30,0x7B,0x73,0x04,0x1A,0x31,
	0x73,0x00,0x09,0x0D,0x09,0x12,0x03,0x00,
	0x00,0x20,0x12,0x1F,0x7B,0x73,0x02,0x1A,
	0x31,0x73,0x00,0x14,0x10,0x19,0x12,0x03,
	0x00,0x00,0x86,0x11,0x73,0x2F,0x2D,0x02,
	0x1A,0x31,0x00,0x05,0x06,0x12,0x0F,0x04,
	0x00,0x00,0x0F,0x73,0x25,0x1A,0x0A,0x30,
	0x00,0x05,0x06,0x12,0x0F,0x04,0x00,0x00,
	0x0F,0x73,0x25,0x1A,0x0A,0x30,0x00,0x0E,
	0x09,0x0E,0x05,0x05,0x00,0x00,0x21,0x12,
	0x20,0x01,0x00,0x01,0x1E,0x19,0x12,0x02,
	0x0D,0x05,0x00,0x00,0x86,0x0B,0x01,0x1A,
	0x2E,0x1F,0x04,0x00,0x01,0x09,0x0E,0x0E,
	0x05,0x00,0x1E,0x00,0x22,0x7B,0x73,0x01,
	0x7B,0x73,0x20,0x04,0x7D,0x73,0x00,0x01,
	0x1E,0x0E,0x05,0x03,0x13,0x05,0x00,0x00,
	0x2F,0x24,0x7B,0x73,0x29,0x04,0x7D,0x00,
	0x01,0x1E,0x03,0x14,0x09,0x16,0x05,0x00,
	0x00,0x36,0x02,0x26,0x73,0x03,0x00,0x01,
	0x22,0x03,0x14,0x09,0x16,0x05,0x00,0x00,
	0x36,0x02,0x26,0x73,0x03,0x00,0x01,0x22,
	0x03,0x14,0x09,0x17,0x05,0x00,0x00,0x36,
	0x02,0x26,0x73,0x03,0x00,0x01,0x22,0x05,
	0x04,0x0C,0x05,0x06,0x00,0x00,0x0F,0x73,
	0x30,0x1B,0x04,0x25,0x00,0x05,0x04,0x0C,
	0x05,0x06,0x00,0x00,0x0F,0x73,0x30,0x1B,
	0x04,0x25,0x00,0x0C,0x0B,0x0E,0x09,0x06,
	0x00,0x00,0x22,0x73,0x31,0x21,0x02,0x25,
	0x00,0x0C,0x0B,0x0E,0x09,0x06,0x00,0x00,
	0x22,0x73,0x31,0x21,0x02,0x25,0x00,0x15,
	0x0F,0x0D,0x01,0x07,0x00,0x00,0x29,0x11,
	0x1F,0x7B,0x73,0x11,0x32,0x7E,0x00,0x08,
	0x10,0x01,0x12,0x07,0x00,0x1E,0x00,0x01,
	0x25,0x7B,0x73,0x11,0x1A,0x32,0x7E,0x73,
	0x00,0x01,0x1E,0x03,0x05,0x0E,0x19,0x07,
	0x00,0x00,0x86,0x11,0x31,0x11,0x20,0x07,
	0x32,0x00,0x05,0x13,0x15,0x01,0x08,0x00,
	0x00,0x20,0x11,0x73,0x2A,0x08,0x1C,0x00,
	0x05,0x13,0x15,0x01,0x08,0x00,0x00,0x20,
	0x11,0x73,0x2A,0x08,0x1C,0x00,0x05,0x13,
	0x15,0x01,0x08,0x00,0x00,0x0F,0x73,0x2A,
	0x08,0x1C,0x00,0x05,0x13,0x15,0x01,0x08,
	0x00,0x00,0x0F,0x73,0x2A,0x08,0x1C,0x00,
	0x12,0x05,0x14,0x05,0x08,0x00,0x00,0x86,
	0x11,0x1A,0x7B,0x73,0x11,0x2F,0x7B,0x73,
	0x04,0x1C,0x00,0x01,0x22,0x05,0x06,0x06,
	0x0F,0x08,0x00,0x00,0x0F,0x73,0x25,0x0A,
	0x1C,0x00,0x05,0x06,0x06,0x0F,0x08,0x00,
	0x00,0x0F,0x73,0x25,0x0A,0x1C,0x00,0x0F,
	0x09,0x14,0x01,0x09,0x00,0x00,0x20,0x12,
	0x2B,0x7B,0x73,0x03,0x7D,0x73,0x01,0x7B,
	0x00,0x10,0x20,0x04,0x01,0x0C,0x01,0x14,
	0x21,0x02,0x00,0x02,0x00,0x21,0x04,0x00,
	0x04,0x00,0x01,0x1E,0x0F,0x09,0x14,0x01,
	0x09,0x00,0x05,0x1E,0x00,0x20,0x12,0x2B,
	0x7B,0x73,0x03,0x7D,0x73,0x01,0x7B,0x73,
	0x00,0x01,0x1E,0x01,0x04,0x09,0x03,0x09,
	0x00,0x1E,0x00,0x22,0x7B,0x73,0x30,0x07,
	0x29,0x7D,0x73,0x11,0x7B,0x73,0x00,0x01,
	0x1E,0x15,0x0F,0x09,0x03,0x09,0x00,0x00,
	0x29,0x12,0x7B,0x73,0x2B,0x02,0x7D,0x00,
	0x01,0x1E,0x15,0x0F,0x09,0x04,0x09,0x00,
	0x00,0x29,0x12,0x7B,0x73,0x01,0x7B,0x73,
	0x30,0x02,0x7D,0x00,0x01,0x1E,0x03,0x09,
	0x17,0x05,0x09,0x00,0x00,0x36,0x02,0x26,
	0x11,0x7E,0x00,0x01,0x22,0x15,0x0F,0x09,
	0x0C,0x09,0x00,0x00,0x29,0x12,0x7B,0x73,
	0x01,0x7B,0x73,0x1B,0x02,0x7D,0x00,0x01,
	0x1E,0x01,0x08,0x07,0x0E,0x09,0x00,0x00,
	0x1F,0x05,0x1C,0x7B,0x73,0x21,0x12,0x7B,
	0x00,0x01,0x1E,0x0F,0x14,0x07,0x0E,0x09,
	0x00,0x1E,0x00,0x20,0x11,0x2F,0x7B,0x73,
	0x21,0x12,0x7B,0x73,0x00,0x01,0x1E,0x0D,
	0x09,0x13,0x13,0x09,0x00,0x00,0x0B,0x1F,
	0x7B,0x73,0x01,0x29,0x7B,0x73,0x01,0x7D,
	0x00,0x01,0x1E,0x15,0x0F,0x09,0x14,0x09,
	0x00,0x00,0x29,0x12,0x7B,0x73,0x2B,0x02,
	0x7D,0x00,0x01,0x1E,0x13,0x09,0x07,0x0F,
	0x0C,0x00,0x00,0x2F,0x29,0x12,0x37,0x7B,
	0x73,0x11,0x1B,0x7E,0x00,0x01,0x1E,0x1A,
	0x09,0x07,0x0F,0x0C,0x00,0x1E,0x00,0x2A,
	0x07,0x37,0x7B,0x73,0x11,0x1B,0x7E,0x73,
	0x00,0x01,0x1E,0x05,0x14,0x13,0x01,0x0D,
	0x00,0x1E,0x00,0x0F,0x2F,0x7B,0x73,0x29,
	0x05,0x1F,0x7C,0x73,0x00,0x01,0x1E,0x01,
	0x08,0x03,0x05,0x0D,0x00,0x00,0x20,0x85,
	0x11,0x31,0x73,0x84,0x12,0x1F,0x00,0x01,
	0x14,0x0E,0x05,0x0D,0x00,0x00,0x22,0x7B,
	0x73,0x2F,0x20,0x04,0x1F,0x7D,0x00,0x01,
	0x1E,0x09,0x12,0x14,0x05,0x0D,0x00,0x1E,
	0x00,0x31,0x12,0x1A,0x2F,0x7B,0x73,0x04,
	0x1F,0x7D,0x73,0x00,0x01,0x1E,0x0C,0x04,
	0x04,0x09,0x0D,0x00,0x00,0x22,0x30,0x02,
	0x1F,0x00,0x05,0x0C,0x03,0x15,0x0E,0x00,
	0x00,0x0B,0x01,0x1B,0x31,0x0E,0x20,0x00,
	0x03,0x01,0x12,0x03,0x0F,0x00,0x00,0x01,
	0x29,0x7B,0x73,0x11,0x1A,0x31,0x7B,0x73,
	0x06,0x7D,0x00,0x01,0x1E,0x03,0x0E,0x05,
	0x0C,0x0F,0x00,0x1E,0x00,0x29,0x20,0x11,
	0x7B,0x73,0x22,0x7E,0x73,0x00,0x01,0x1E,
	0x05,0x14,0x05,0x0D,0x0F,0x00,0x00,0x0F,
	0x2F,0x7B,0x73,0x11,0x1F,0x7B,0x73,0x06,
	0x7D,0x73,0x00,0x09,0x02,0x0F,0x08,0x10,
	0x00,0x00,0x11,0x7B,0x73,0x01,0x7B,0x73,
	0x2E,0x0B,0x25,0x7D,0x00,0x01,0x1E,0x09,
	0x03,0x09,0x0C,0x10,0x00,0x00,0x2F,0x12,
	0x7B,0x73,0x29,0x02,0x1B,0x2D,0x7D,0x00,
	0x01,0x1E,0x03,0x09,0x0C,0x0F,0x10,0x00,
	0x00,0x29,0x01,0x7D,0x73,0x22,0x2D,0x7B,
	0x73,0x00,0x0F,0x0C,0x15,0x0F,0x10,0x00,
	0x00,0x29,0x12,0x7B,0x73,0x22,0x2D,0x7E,
	0x00,0x01,0x22,0x04,0x15,0x05,0x13,0x10,
	0x00,0x00,0x0B,0x30,0x0E,0x29,0x00,0x08,
	0x03,0x19,0x13,0x10,0x00,0x00,0x86,0x11,
	0x31,0x07,0x29,0x00,0x15,0x12,0x15,0x01,
	0x13,0x00,0x00,0x29,0x11,0x7B,0x73,0x1A,
	0x0A,0x29,0x7F,0x00,0x01,0x1E,0x0F,0x0F,
	0x08,0x03,0x13,0x00,0x1E,0x00,0x1B,0x0E,
	0x31,0x29,0x00,0x15,0x0F,0x09,0x03,0x13,
	0x00,0x00,0x29,0x12,0x2B,0x7E,0x00,0x01,
	0x1E,0x09,0x10,0x0F,0x03,0x13,0x00,0x00,
	0x31,0x12,0x2D,0x7B,0x73,0x06,0x31,0x29,
	0x7D,0x00,0x01,0x1E,0x0D,0x13,0x09,0x05,
	0x13,0x00,0x00,0x86,0x0B,0x1F,0x2A,0x07,
	0x29,0x00,0x05,0x16,0x0C,0x05,0x13,0x00,
	0x1E,0x00,0x2A,0x26,0x1B,0x04,0x29,0x7D,
	0x73,0x00,0x01,0x1E,0x05,0x16,0x05,0x0F,
	0x13,0x00,0x1E,0x00,0x0F,0x7B,0x73,0x26,
	0x04,0x7D,0x73,0x0B,0x29,0x7B,0x73,0x00,
	0x01,0x1E,0x12,0x05,0x08,0x10,0x13,0x00,
	0x1E,0x00,0x1A,0x01,0x25,0x29,0x7C,0x73,
	0x00,0x01,0x1E,0x05,0x12,0x05,0x14,0x13,
	0x00,0x00,0x86,0x0B,0x7B,0x73,0x01,0x7B,
	0x73,0x1A,0x03,0x2F,0x29,0x73,0x00,0x0C,
	0x0C,0x01,0x15,0x13,0x00,0x00,0x01,0x22,
	0x7B,0x73,0x0E,0x2C,0x7B,0x00,0x01,0x1E,
	0x0F,0x02,0x0D,0x19,0x13,0x00,0x00,0x1B,
	0x86,0x11,0x2E,0x1F,0x82,0x12,0x29,0x00,
	0x0D,0x12,0x05,0x08,0x14,0x00,0x00,0x86,
	0x0B,0x1F,0x0F,0x27,0x00,0x0E,0x09,0x0B,
	0x01,0x14,0x00,0x1E,0x00,0x21,0x12,0x7B,
	0x73,0x31,0x03,0x2F,0x7B,0x73,0x00,0x01,
	0x1E,0x09,0x13,0x05,0x08,0x14,0x00,0x00,
	0x29,0x12,0x29,0x7B,0x73,0x81,0x12,0x27,
	0x7E,0x00,0x01,0x1E,0x0C,0x0C,0x01,0x09,
	0x14,0x00,0x00,0x01,0x7B,0x73,0x22,0x2B,
	0x00,0x01,0x1E,0x0C,0x0C,0x01,0x15,0x14,
	0x00,0x00,0x01,0x22,0x7B,0x73,0x0E,0x36,
	0x7B,0x00,0x01,0x1E,0x14,0x09,0x0C,0x01,
	0x15,0x00,0x00,0x01,0x7B,0x73,0x2F,0x12,
	0x7B,0x73,0x1B,0x05,0x7D,0x73,0x0E,0x7B,
	0x00,0x01,0x1E,0x05,0x04,0x0E,0x01,0x16,
	0x00,0x00,0x20,0x11,0x30,0x73,0x20,0x05,
	0x26,0x00,0x01,0x22,0x05,0x04,0x0E,0x01,
	0x16,0x00,0x00,0x20,0x11,0x30,0x73,0x20,
	0x05,0x26,0x00,0x01,0x22,0x05,0x04,0x0E,
	0x01,0x16,0x00,0x00,0x0F,0x30,0x73,0x20,
	0x05,0x26,0x00,0x01,0x22,0x05,0x04,0x0E,
	0x01,0x16,0x00,0x00,0x0F,0x30,0x73,0x20,
	0x05,0x26,0x00,0x01,0x22,0x08,0x14,0x12,
	0x0F,0x17,0x00,0x1E,0x00,0x01,0x28,0x7B,
	0x73,0x0F,0x18,0x7B,0x73,0x00,0x01,0x1E,
	0x09,0x0D,0x05,0x01,0x00,0x00,0x11,0x7B,
	0x73,0x01,0x7B,0x73,0x1F,0x01,0x7D,0x73,
	0x00,0x01,0x1E,0x12,0x0F,0x06,0x01,0x00,
	0x00,0x1A,0x0B,0x25,0x11,0x00,0x05,0x14,
	0x06,0x01,0x00,0x1E,0x00,0x0F,0x2F,0x25,
	0x05,0x00,0x14,0x09,0x0C,0x01,0x00,0x00,
	0x01,0x7B,0x73,0x2F,0x12,0x7B,0x73,0x1B,
	0x05,0x7D,0x00,0x05,0x21,0x00,0x80,0x00,
	0x80,0x01,0x1E,0x0B,0x13,0x0C,0x01,0x00,
	0x00,0x01,0x31,0x29,0x73,0x1B,0x06,0x73,
	0x00,0x01,0x22,0x0B,0x13,0x0C,0x01,0x00,
	0x00,0x01,0x31,0x29,0x73,0x1B,0x06,0x73,
	0x00,0x01,0x22,0x08,0x10,0x0C,0x01,0x00,
	0x00,0x11,0x25,0x1B,0x05,0x00,0x08,0x10,
	0x0D,0x01,0x00,0x00,0x82,0x12,0x25,0x1F,
	0x05,0x00,0x0C,0x07,0x0E,0x01,0x00,0x00,
	0x8B,0x11,0x1B,0x32,0x20,0x05,0x00,0x0B,
	0x13,0x0E,0x01,0x00,0x00,0x01,0x31,0x29,
	0x7B,0x73,0x20,0x05,0x7D,0x00,0x01,0x22,
	0x08,0x03,0x12,0x01,0x00,0x00,0x01,0x31,
	0x7B,0x73,0x1A,0x06,0x7F,0x00,0x01,0x1E,
	0x01,0x09,0x12,0x01,0x00,0x00,0x20,0x11,
	0x7B,0x73,0x01,0x7B,0x73,0x1A,0x03,0x7D,
	0x00,0x01,0x1E,0x0C,0x09,0x12,0x01,0x00,
	0x00,0x01,0x7B,0x73,0x22,0x7B,0x73,0x1A,
	0x03,0x7D,0x00,0x05,0x21,0x04,0x00,0x04,
	0x00,0x01,0x1E,0x12,0x14,0x13,0x01,0x00,
	0x00,0x0B,0x1A,0x2F,0x29,0x05,0x00,0x12,
	0x14,0x13,0x01,0x00,0x00,0x86,0x11,0x1A,
	0x2F,0x29,0x85,0x11,0x00,0x0F,0x09,0x14,
	0x01,0x00,0x00,0x20,0x12,0x2B,0x7B,0x73,
	0x03,0x7D,0x00,0x01,0x1E,0x16,0x09,0x14,
	0x01,0x00,0x00,0x26,0x12,0x2F,0x03,0x00,
	0x0A,0x1F,0x01,0x63,0x05,0x21,0x04,0x00,
	0x04,0x00,0x22,0x01,0x1E,0x16,0x09,0x14,
	0x01,0x00,0x00,0x26,0x12,0x2F,0x7B,0x73,
	0x12,0x7B,0x73,0x00,0x01,0x1E,0x12,0x0F,
	0x14,0x01,0x00,0x00,0x01,0x7B,0x73,0x1A,
	0x0B,0x7B,0x73,0x2F,0x11,0x7B,0x73,0x00,
	0x01,0x1E,0x09,0x12,0x14,0x01,0x00,0x1E,
	0x00,0x31,0x12,0x1A,0x2F,0x7B,0x73,0x05,
	0x7D,0x73,0x00,0x01,0x1E,0x0B,0x13,0x17,
	0x01,0x00,0x00,0x01,0x31,0x29,0x73,0x25,
	0x06,0x7D,0x00,0x01,0x22,0x0B,0x13,0x17,
	0x01,0x00,0x00,0x01,0x31,0x29,0x73,0x25,
	0x06,0x00,0x01,0x22,0x07,0x15,0x01,0x02,
	0x00,0x00,0x0A,0x2E,0x7F,0x73,0x00,0x07,
	0x15,0x01,0x02,0x00,0x00,0x08,0x2E,0x00,
	0x12,0x12,0x05,0x02,0x00,0x1E,0x00,0x01,
	0x1A,0x7B,0x73,0x03,0x2E,0x7B,0x73,0x00,
	0x01,0x1E,0x07,0x12,0x15,0x02,0x00,0x00,
	0x32,0x0F,0x2E,0x00,0x07,0x12,0x15,0x02,
	0x00,0x00,0x32,0x0F,0x2E,0x00,0x0F,0x0F,
	0x0C,0x02,0x00,0x1E,0x00,0x30,0x09,0x1B,
	0x2E,0x00,0x12,0x01,0x0F,0x02,0x00,0x1E,
	0x00,0x30,0x1A,0x0B,0x2E,0x00,0x01,0x05,
	0x12,0x02,0x00,0x1E,0x00,0x31,0x03,0x1A,
	0x2E,0x00,0x01,0x0F,0x12,0x02,0x00,0x00,
	0x30,0x0A,0x1A,0x2E,0x00,0x16,0x09,0x05,
	0x03,0x00,0x00,0x26,0x01,0x29,0x7D,0x73,
	0x00,0x14,0x0E,0x05,0x03,0x00,0x00,0x11,
	0x2F,0x20,0x04,0x29,0x00,0x0D,0x01,0x08,
	0x03,0x00,0x00,0x2D,0x1F,0x05,0x2B,0x00,
	0x01,0x22,0x0D,0x01,0x08,0x03,0x00,0x00,
	0x2D,0x1F,0x0A,0x2B,0x00,0x01,0x22,0x12,
	0x01,0x08,0x03,0x00,0x00,0x11,0x1A,0x05,
	0x31,0x00,0x14,0x0E,0x05,0x03,0x00,0x00,
	0x11,0x2F,0x20,0x04,0x29,0x00,0x0C,0x09,
	0x08,0x03,0x00,0x1E,0x00,0x30,0x1B,0x07,
	0x36,0x00,0x12,0x0F,0x08,0x03,0x00,0x00,
	0x30,0x1A,0x0B,0x31,0x7F,0x00,0x01,0x1E,
	0x0E,0x05,0x09,0x03,0x00,0x00,0x2F,0x20,
	0x12,0x2B,0x7E,0x00,0x01,0x1E,0x15,0x0F,
	0x09,0x03,0x00,0x00,0x29,0x12,0x2B,0x7E,
	0x73,0x00,0x01,0x1E,0x13,0x0F,0x0C,0x03,
	0x00,0x00,0x2A,0x0B,0x1B,0x31,0x7D,0x73,
	0x00,0x15,0x05,0x0F,0x03,0x00,0x00,0x0F,
	0x31,0x00,0x15,0x05,0x0F,0x03,0x00,0x00,
	0x0F,0x31,0x00,0x0F,0x0C,0x0F,0x03,0x00,
	0x1E,0x00,0x0F,0x7B,0x73,0x1B,0x09,0x31,
	0x7B,0x73,0x00,0x01,0x1E,0x12,0x15,0x0F,
	0x03,0x00,0x00,0x2F,0x0F,0x31,0x7D,0x73,
	0x00,0x01,0x05,0x12,0x15,0x0F,0x03,0x00,
	0x00,0x2F,0x1A,0x0B,0x31,0x7D,0x73,0x00,
	0x05,0x16,0x0F,0x03,0x00,0x00,0x0F,0x26,
	0x7B,0x73,0x09,0x31,0x7D,0x73,0x00,0x06,
	0x01,0x12,0x03,0x00,0x1E,0x00,0x2F,0x25,
	0x05,0x1A,0x31,0x00,0x0C,0x03,0x19,0x03,
	0x00,0x1E,0x00,0x22,0x31,0x7B,0x73,0x12,
	0x29,0x73,0x00,0x06,0x21,0x00,0x80,0x00,
	0x80,0x22,0x01,0x1E,0x0C,0x03,0x19,0x03,
	0x00,0x1E,0x00,0x22,0x31,0x7B,0x73,0x07,
	0x29,0x7F,0x73,0x00,0x01,0x1E,0x0C,0x0C,
	0x05,0x04,0x00,0x00,0x1B,0x04,0x30,0x00,
	0x01,0x22,0x0C,0x0C,0x05,0x04,0x00,0x00,
	0x1B,0x04,0x30,0x00,0x01,0x22,0x0C,0x0C,
	0x05,0x04,0x00,0x00,0x86,0x11,0x1B,0x73,
	0x04,0x30,0x00,0x01,0x22,0x0C,0x0C,0x05,
	0x04,0x00,0x00,0x86,0x11,0x1B,0x73,0x04,
	0x30,0x00,0x01,0x22,0x0C,0x0C,0x05,0x04,
	0x00,0x00,0x11,0x1B,0x73,0x04,0x30,0x00,
	0x01,0x22,0x0C,0x0C,0x05,0x04,0x00,0x00,
	0x11,0x1B,0x73,0x04,0x30,0x00,0x01,0x22,
	0x0C,0x15,0x01,0x05,0x00,0x00,0x0B,0x7D,
	0x00,0x01,0x22,0x0C,0x0C,0x09,0x05,0x00,
	0x00,0x03,0x00,0x0C,0x0C,0x09,0x05,0x00,
	0x00,0x03,0x00,0x0E,0x09,0x0E,0x05,0x00,
	0x05,0x1E,0x00,0x21,0x12,0x7B,0x73,0x20,
	0x11,0x7B,0x73,0x00,0x17,0x20,0x10,0x01,
	0x16,0x01,0x04,0x01,0x0B,0x01,0x10,0x01,
	0x12,0x01,0x0D,0x01,0x14,0x01,0x13,0x21,
	0x02,0x00,0x02,0x00,0x01,0x1E,0x0E,0x09,
	0x0E,0x05,0x00,0x00,0x21,0x12,0x7B,0x73,
	0x20,0x11,0x7B,0x73,0x00,0x14,0x09,0x12,
	0x05,0x00,0x00,0x01,0x2F,0x11,0x7B,0x73,
	0x1A,0x04,0x7D,0x00,0x01,0x1E,0x0F,0x09,
	0x14,0x05,0x00,0x00,0x20,0x12,0x2B,0x7B,
	0x73,0x01,0x7D,0x00,0x01,0x1E,0x12,0x05,
	0x16,0x05,0x00,0x00,0x01,0x1A,0x7B,0x73,
	0x26,0x04,0x7D,0x73,0x00,0x0B,0x13,0x17,
	0x05,0x00,0x00,0x01,0x31,0x29,0x73,0x25,
	0x04,0x7D,0x00,0x01,0x22,0x0B,0x13,0x17,
	0x05,0x00,0x00,0x01,0x31,0x29,0x73,0x25,
	0x04,0x00,0x01,0x22,0x12,0x14,0x18,0x05,
	0x00,0x00,0x85,0x11,0x1A,0x2F,0x29,0x31,
	0x04,0x00,0x05,0x02,0x09,0x06,0x00,0x00,
	0x0F,0x2E,0x07,0x25,0x7D,0x73,0x00,0x12,
	0x02,0x09,0x06,0x00,0x00,0x0F,0x2E,0x07,
	0x25,0x7D,0x73,0x00,0x0F,0x15,0x0C,0x06,
	0x00,0x00,0x1A,0x8E,0x11,0x1B,0x25,0x00,
	0x0C,0x0C,0x15,0x06,0x00,0x1E,0x00,0x01,
	0x7B,0x73,0x1B,0x8D,0x11,0x25,0x7B,0x73,
	0x00,0x01,0x1E,0x12,0x01,0x01,0x07,0x00,
	0x00,0x30,0x1A,0x06,0x32,0x7F,0x00,0x01,
	0x22,0x12,0x01,0x01,0x07,0x00,0x00,0x30,
	0x1A,0x06,0x32,0x00,0x01,0x22,0x09,0x0E,
	0x05,0x07,0x00,0x00,0x31,0x12,0x7B,0x73,
	0x20,0x04,0x37,0x7D,0x73,0x00,0x01,0x1E,
	0x09,0x0C,0x08,0x07,0x00,0x00,0x20,0x02,
	0x1B,0x73,0x31,0x00,0x01,0x22,0x0C,0x02,
	0x09,0x07,0x00,0x00,0x22,0x2E,0x7B,0x73,
	0x82,0x12,0x37,0x7B,0x73,0x00,0x13,0x01,
	0x0C,0x07,0x00,0x00,0x29,0x05,0x1B,0x32,
	0x7B,0x73,0x00,0x0E,0x09,0x0F,0x07,0x00,
	0x1E,0x00,0x21,0x12,0x0B,0x32,0x7B,0x73,
	0x00,0x01,0x1E,0x01,0x0E,0x0F,0x07,0x00,
	0x00,0x22,0x7B,0x73,0x20,0x11,0x32,0x7E,
	0x00,0x01,0x1E,0x04,0x01,0x12,0x07,0x00,
	0x00,0x30,0x03,0x1A,0x32,0x7B,0x00,0x01,
	0x1E,0x0E,0x01,0x12,0x07,0x00,0x00,0x30,
	0x20,0x05,0x1A,0x32,0x7D,0x73,0x00,0x10,
	0x01,0x12,0x07,0x00,0x1E,0x00,0x25,0x05,
	0x1A,0x32,0x7F,0x73,0x00,0x01,0x1E,0x01,
	0x05,0x12,0x07,0x00,0x00,0x2F,0x03,0x1A,
	0x32,0x00,0x04,0x0E,0x01,0x08,0x00,0x00,
	0x01,0x30,0x20,0x05,0x1C,0x00,0x01,0x22,
	0x09,0x0C,0x05,0x08,0x00,0x00,0x0B,0x01,
	0x1B,0x01,0x1C,0x00,0x05,0x0D,0x0F,0x08,
	0x00,0x00,0x0B,0x01,0x1F,0x0B,0x1C,0x00,
	0x06,0x20,0x04,0x01,0x10,0x01,0x13,0x0F,
	0x0E,0x0F,0x08,0x00,0x00,0x0F,0x7B,0x73,
	0x20,0x06,0x00,0x13,0x12,0x0F,0x08,0x00,
	0x00,0x2F,0x29,0x1A,0x0B,0x1C,0x00,0x13,
	0x12,0x0F,0x08,0x00,0x00,0x2F,0x29,0x1A,
	0x0B,0x1C,0x00,0x12,0x01,0x05,0x08,0x00,
	0x1E,0x00,0x2F,0x1A,0x06,0x1C,0x00,0x13,
	0x12,0x0F,0x08,0x00,0x1E,0x00,0x29,0x1A,
	0x0B,0x1C,0x00,0x13,0x15,0x0F,0x08,0x00,
	0x1E,0x00,0x29,0x08,0x1C,0x6D,0x00,0x01,
	0x0D,0x15,0x08,0x00,0x00,0x20,0x85,0x11,
	0x1F,0x10,0x1C,0x00,0x12,0x04,0x19,0x08,
	0x00,0x00,0x86,0x11,0x1A,0x30,0x7B,0x73,
	0x07,0x1C,0x7D,0x73,0x00,0x05,0x10,0x19,
	0x08,0x00,0x00,0x1A,0x11,0x2D,0x07,0x1C,
	0x00,0x0E,0x10,0x19,0x08,0x00,0x00,0x86,
	0x12,0x20,0x2D,0x02,0x1C,0x00,0x0C,0x02,
	0x01,0x09,0x00,0x19,0x1E,0x00,0x22,0x2E,
	0x7B,0x73,0x11,0x7B,0x73,0x00,0x01,0x1E,
	0x0C,0x0C,0x01,0x09,0x00,0x00,0x01,0x22,
	0x7B,0x73,0x01,0x7B,0x00,0x01,0x1E,0x0F,
	0x14,0x01,0x09,0x00,0x05,0x1E,0x00,0x0F,
	0x2F,0x7B,0x73,0x03,0x7B,0x73,0x01,0x7E,
	0x73,0x00,0x13,0x20,0x06,0x01,0x16,0x01,
	0x03,0x01,0x04,0x21,0x02,0x00,0x02,0x00,
	0x21,0x04,0x00,0x04,0x00,0x1E,0x01,0x1E,
	0x0F,0x14,0x01,0x09,0x00,0x00,0x0F,0x2F,
	0x7B,0x73,0x03,0x7B,0x73,0x01,0x7E,0x00,
	0x01,0x1E,0x04,0x09,0x03,0x09,0x00,0x00,
	0x30,0x07,0x29,0x7B,0x73,0x11,0x7E,0x73,
	0x00,0x01,0x1E,0x0E,0x05,0x04,0x09,0x00,
	0x00,0x2F,0x24,0x30,0x7B,0x73,0x11,0x7E,
	0x73,0x00,0x01,0x1E,0x0C,0x0C,0x05,0x09,
	0x00,0x00,0x1B,0x04,0x7D,0x73,0x01,0x7B,
	0x00,0x01,0x22,0x0C,0x0C,0x05,0x09,0x00,
	0x00,0x1B,0x04,0x73,0x01,0x73,0x00,0x01,
	0x22,0x03,0x0E,0x05,0x09,0x00,0x05,0x1E,
	0x00,0x29,0x20,0x11,0x73,0x01,0x7E,0x73,
	0x00,0x0A,0x20,0x08,0x01,0x12,0x01,0x14,
	0x01,0x0E,0x01,0x04,0x01,0x1E,0x03,0x0E,
	0x05,0x09,0x00,0x00,0x29,0x20,0x11,0x73,
	0x01,0x7E,0x00,0x01,0x1E,0x0B,0x0E,0x05,
	0x09,0x00,0x00,0x0B,0x31,0x21,0x04,0x01,
	0x00,0x01,0x22,0x0E,0x0E,0x05,0x09,0x00,
	0x00,0x20,0x04,0x7D,0x73,0x01,0x7B,0x00,
	0x01,0x1E,0x12,0x12,0x05,0x09,0x00,0x00,
	0x1A,0x03,0x01,0x00,0x01,0x22,0x14,0x09,
	0x0C,0x09,0x00,0x00,0x01,0x7B,0x73,0x2F,
	0x12,0x7B,0x73,0x1B,0x02,0x7D,0x00,0x01,
	0x1E,0x13,0x05,0x0E,0x09,0x00,0x19,0x1E,
	0x00,0x29,0x12,0x20,0x7B,0x00,0x01,0x1E,
	0x05,0x14,0x0E,0x09,0x00,0x00,0x74,0x0F,
	0x2F,0x20,0x82,0x12,0x00,0x01,0x22,0x0F,
	0x14,0x0E,0x09,0x00,0x00,0x20,0x11,0x2F,
	0x20,0x82,0x12,0x7F,0x00,0x01,0x22,0x12,
	0x14,0x0E,0x09,0x00,0x00,0x85,0x11,0x1A,
	0x2F,0x20,0x82,0x12,0x00,0x12,0x14,0x0E,
	0x09,0x00,0x00,0x11,0x1A,0x2F,0x7B,0x73,
	0x20,0x82,0x12,0x7B,0x73,0x00,0x09,0x14,
	0x13,0x09,0x00,0x1E,0x00,0x31,0x12,0x2F,
	0x7B,0x73,0x29,0x02,0x7D,0x73,0x00,0x01,
	0x1E,0x0F,0x09,0x14,0x09,0x00,0x1E,0x00,
	0x20,0x12,0x2B,0x7B,0x73,0x02,0x7D,0x73,
	0x00,0x01,0x1E,0x16,0x09,0x14,0x09,0x00,
	0x00,0x26,0x12,0x7B,0x73,0x2F,0x12,0x7E,
	0x00,0x01,0x1E,0x15,0x0F,0x14,0x09,0x00,
	0x00,0x29,0x12,0x7B,0x73,0x2F,0x12,0x7E,
	0x00,0x01,0x1E,0x07,0x15,0x01,0x0C,0x00,
	0x1E,0x00,0x74,0x25,0x05,0x1B,0x00,0x01,
	0x07,0x05,0x0C,0x00,0x00,0x22,0x73,0x32,
	0x01,0x1B,0x73,0x00,0x08,0x07,0x09,0x0C,
	0x00,0x1E,0x00,0x74,0x2F,0x07,0x1B,0x00,
	0x05,0x14,0x09,0x0C,0x00,0x00,0x0F,0x2F,
	0x7B,0x73,0x01,0x1B,0x7F,0x00,0x01,0x1E,
	0x08,0x14,0x09,0x0C,0x00,0x00,0x86,0x11,
	0x7B,0x73,0x27,0x02,0x1B,0x7B,0x73,0x00,
	0x12,0x14,0x09,0x0C,0x00,0x00,0x0F,0x2F,
	0x7B,0x73,0x01,0x1B,0x7F,0x00,0x01,0x1E,
	0x09,0x07,0x0F,0x0C,0x00,0x1E,0x00,0x31,
	0x12,0x37,0x7B,0x73,0x06,0x1B,0x7D,0x73,
	0x00,0x01,0x1E,0x09,0x13,0x19,0x0C,0x00,
	0x00,0x29,0x12,0x29,0x7B,0x73,0x12,0x1B,
	0x7E,0x00,0x01,0x1E,0x12,0x03,0x01,0x0D,
	0x00,0x00,0x0B,0x1A,0x31,0x05,0x1F,0x00,
	0x05,0x0B,0x01,0x0D,0x00,0x1E,0x00,0x0F,
	0x7B,0x73,0x31,0x03,0x1F,0x7E,0x73,0x00,
	0x01,0x1E,0x05,0x09,0x05,0x0D,0x00,0x00,
	0x0F,0x73,0x07,0x1F,0x00,0x05,0x09,0x05,
	0x0D,0x00,0x00,0x0F,0x73,0x07,0x1F,0x00,
	0x05,0x14,0x05,0x0D,0x00,0x1E,0x00,0x1A,
	0x11,0x2F,0x7B,0x73,0x81,0x12,0x1F,0x7E,
	0x73,0x00,0x01,0x1E,0x12,0x14,0x05,0x0D,
	0x00,0x1E,0x00,0x1A,0x11,0x2F,0x7B,0x73,
	0x81,0x12,0x1F,0x7E,0x73,0x00,0x01,0x1E,
	0x12,0x14,0x05,0x0D,0x00,0x00,0x86,0x11,
	0x1A,0x2F,0x04,0x1F,0x00,0x12,0x14,0x05,
	0x0D,0x00,0x1E,0x00,0x01,0x1A,0x2F,0x7B,
	0x73,0x12,0x1F,0x7E,0x73,0x00,0x01,0x1E,
	0x05,0x19,0x05,0x0D,0x00,0x00,0x0F,0x73,
	0x07,0x1F,0x00,0x05,0x19,0x05,0x0D,0x00,
	0x00,0x0F,0x73,0x07,0x1F,0x00,0x12,0x03,
	0x09,0x0D,0x00,0x00,0x86,0x0B,0x1A,0x31,
	0x07,0x1F,0x00,0x0C,0x0C,0x09,0x0D,0x00,
	0x00,0x11,0x1B,0x7B,0x73,0x02,0x1F,0x7D,
	0x73,0x00,0x0F,0x14,0x0F,0x0D,0x00,0x00,
	0x0F,0x2F,0x7B,0x73,0x0B,0x1F,0x00,0x14,
	0x0C,0x15,0x0D,0x00,0x00,0x81,0x12,0x2F,
	0x1B,0x09,0x1F,0x7D,0x00,0x09,0x03,0x19,
	0x0D,0x00,0x00,0x20,0x12,0x29,0x7B,0x73,
	0x07,0x1F,0x7D,0x73,0x00,0x01,0x22,0x12,
	0x14,0x09,0x0E,0x00,0x00,0x0B,0x1A,0x2F,
	0x07,0x20,0x00,0x05,0x0D,0x15,0x0E,0x00,
	0x00,0x1A,0x83,0x11,0x1F,0x0E,0x20,0x00,
	0x14,0x09,0x03,0x0F,0x00,0x00,0x01,0x7B,
	0x73,0x2F,0x12,0x7B,0x73,0x29,0x06,0x7D,
	0x00,0x01,0x1E,0x0E,0x05,0x0C,0x0F,0x00,
	0x1E,0x00,0x2F,0x20,0x11,0x7B,0x73,0x22,
	0x7E,0x73,0x00,0x01,0x1E,0x08,0x14,0x12,
	0x0F,0x00,0x00,0x8A,0x11,0x27,0x1A,0x0A,
	0x00,0x05,0x08,0x14,0x0F,0x00,0x00,0x0F,
	0x28,0x09,0x00,0x0A,0x1F,0x00,0x64,0x05,
	0x21,0x04,0x00,0x04,0x00,0x1E,0x15,0x0F,
	0x12,0x0F,0x00,0x1E,0x00,0x29,0x11,0x7B,
	0x73,0x0F,0x7E,0x73,0x00,0x01,0x1E,0x14,
	0x09,0x13,0x0F,0x00,0x00,0x01,0x2F,0x7B,
	0x73,0x12,0x7B,0x73,0x29,0x06,0x7D,0x00,
	0x01,0x1E,0x09,0x14,0x13,0x0F,0x00,0x00,
	0x31,0x12,0x2F,0x7B,0x73,0x29,0x06,0x7D,
	0x00,0x01,0x1E,0x0F,0x09,0x14,0x0F,0x00,
	0x00,0x20,0x12,0x2B,0x7B,0x73,0x0B,0x7D,
	0x00,0x0B,0x13,0x17,0x0F,0x00,0x00,0x01,
	0x31,0x29,0x73,0x25,0x0A,0x7D,0x00,0x01,
	0x22,0x0B,0x13,0x17,0x0F,0x00,0x00,0x01,
	0x31,0x29,0x73,0x25,0x0A,0x00,0x01,0x22,
	0x05,0x0C,0x01,0x10,0x00,0x00,0x86,0x11,
	0x01,0x1B,0x03,0x2D,0x00,0x05,0x10,0x01,
	0x10,0x00,0x00,0x1A,0x11,0x2D,0x03,0x2D,
	0x00,0x08,0x14,0x01,0x10,0x00,0x00,0x01,
	0x27,0x7B,0x73,0x11,0x2D,0x7E,0x00,0x01,
	0x1E,0x03,0x01,0x0C,0x10,0x00,0x1E,0x00,
	0x29,0x03,0x1B,0x2D,0x7B,0x73,0x00,0x01,
	0x1E,0x02,0x0F,0x08,0x10,0x00,0x00,0x2E,
	0x0B,0x25,0x7F,0x00,0x01,0x1E,0x0E,0x0F,
	0x08,0x10,0x00,0x00,0x20,0x0B,0x25,0x7F,
	0x00,0x01,0x1E,0x0E,0x0F,0x08,0x10,0x00,
	0x00,0x86,0x11,0x20,0x0B,0x25,0x00,0x0E,
	0x0F,0x08,0x10,0x00,0x00,0x01,0x20,0x11,
	0x25,0x7E,0x00,0x05,0x21,0x00,0x80,0x00,
	0x80,0x01,0x1E,0x14,0x0F,0x08,0x10,0x00,
	0x00,0x86,0x11,0x2F,0x0B,0x25,0x00,0x03,
	0x05,0x09,0x10,0x00,0x1E,0x00,0x29,0x01,
	0x2D,0x00,0x0E,0x01,0x0C,0x10,0x00,0x1E,
	0x00,0x20,0x03,0x1B,0x2D,0x7B,0x73,0x00,
	0x01,0x1E,0x09,0x0C,0x0F,0x10,0x00,0x00,
	0x29,0x12,0x7B,0x73,0x22,0x2D,0x7E,0x73,
	0x00,0x01,0x1E,0x0F,0x0C,0x0F,0x10,0x00,
	0x00,0x29,0x12,0x7B,0x73,0x22,0x2D,0x7E,
	0x00,0x01,0x22,0x14,0x0F,0x12,0x10,0x00,
	0x00,0x11,0x2F,0x0B,0x1A,0x2D,0x00,0x03,
	0x19,0x13,0x10,0x00,0x00,0x31,0x07,0x29,
	0x00,0x03,0x0E,0x05,0x1C,0x00,0x00,0x29,
	0x20,0x11,0x18,0x31,0x7F,0x00,0x01,0x1E,
	0x12,0x14,0x05,0x12,0x00,0x00,0x0B,0x1A,
	0x2F,0x04,0x1A,0x00,0x05,0x0C,0x01,0x13,
	0x00,0x00,0x2A,0x1B,0x03,0x29,0x00,0x10,
	0x01,0x03,0x13,0x00,0x1E,0x00,0x74,0x2D,
	0x03,0x31,0x29,0x00,0x10,0x0F,0x03,0x13,
	0x00,0x1E,0x00,0x2D,0x0B,0x31,0x29,0x7B,
	0x73,0x00,0x01,0x1E,0x10,0x0F,0x03,0x13,
	0x00,0x1E,0x00,0x01,0x2D,0x7B,0x73,0x06,
	0x31,0x29,0x7E,0x73,0x00,0x01,0x1E,0x15,
	0x0F,0x05,0x13,0x00,0x00,0x29,0x12,0x2B,
	0x7B,0x00,0x01,0x1E,0x12,0x09,0x08,0x13,
	0x00,0x00,0x1A,0x01,0x2B,0x73,0x7B,0x00,
	0x01,0x22,0x08,0x07,0x09,0x13,0x00,0x1E,
	0x00,0x2F,0x07,0x29,0x7E,0x73,0x00,0x01,
	0x1E,0x09,0x03,0x0F,0x13,0x00,0x00,0x86,
	0x11,0x01,0x29,0x0B,0x29,0x00,0x14,0x15,
	0x0F,0x13,0x00,0x00,0x28,0x09,0x29,0x00,
	0x02,0x05,0x12,0x0B,0x09,0x10,0x13,0x00,
	0x1E,0x00,0x31,0x07,0x2D,0x29,0x7F,0x00,
	0x03,0x01,0x14,0x13,0x00,0x1E,0x00,0x31,
	0x05,0x2F,0x29,0x7F,0x00,0x04,0x01,0x14,
	0x13,0x00,0x00,0x2F,0x05,0x2F,0x2B,0x00,
	0x04,0x01,0x14,0x13,0x00,0x00,0x2F,0x05,
	0x2F,0x2B,0x00,0x14,0x01,0x14,0x13,0x00,
	0x00,0x2F,0x03,0x2F,0x29,0x00,0x09,0x05,
	0x14,0x13,0x00,0x1E,0x00,0x20,0x07,0x2F,
	0x29,0x7F,0x73,0x00,0x03,0x09,0x14,0x13,
	0x00,0x1E,0x00,0x31,0x02,0x2F,0x29,0x00,
	0x03,0x0F,0x14,0x13,0x00,0x1E,0x00,0x31,
	0x06,0x2F,0x29,0x00,0x0E,0x0F,0x14,0x13,
	0x00,0x1E,0x00,0x20,0x0B,0x2F,0x29,0x73,
	0x00,0x01,0x1E,0x12,0x0F,0x14,0x13,0x00,
	0x00,0x1A,0x0B,0x2F,0x29,0x7B,0x73,0x00,
	0x05,0x10,0x15,0x13,0x00,0x00,0x0F,0x2D,
	0x7D,0x73,0x0E,0x29,0x7B,0x73,0x00,0x08,
	0x20,0x06,0x01,0x06,0x01,0x0C,0x01,0x02,
	0x05,0x10,0x15,0x13,0x00,0x00,0x0F,0x2D,
	0x0E,0x29,0x00,0x0C,0x02,0x01,0x14,0x00,
	0x00,0x22,0x2E,0x03,0x2F,0x00,0x01,0x22,
	0x12,0x05,0x08,0x14,0x00,0x00,0x1A,0x03,
	0x28,0x00,0x01,0x22,0x12,0x05,0x08,0x14,
	0x00,0x00,0x1F,0x0F,0x27,0x00,0x14,0x01,
	0x09,0x14,0x00,0x1E,0x00,0x2F,0x03,0x7B,
	0x73,0x01,0x2B,0x7E,0x73,0x00,0x15,0x0F,
	0x09,0x14,0x00,0x00,0x29,0x12,0x2B,0x00,
	0x01,0x1E,0x05,0x0C,0x0F,0x14,0x00,0x00,
	0x0F,0x1B,0x7B,0x73,0x0A,0x2F,0x7D,0x73,
	0x00,0x0E,0x01,0x12,0x14,0x00,0x00,0x2A,
	0x20,0x05,0x1A,0x2F,0x00,0x0E,0x20,0x0C,
	0x05,0x21,0x00,0x01,0x00,0x01,0x05,0x21,
	0x02,0x00,0x02,0x00,0x0E,0x01,0x12,0x14,
	0x00,0x00,0x29,0x20,0x05,0x1A,0x2F,0x00,
	0x12,0x01,0x15,0x14,0x00,0x00,0x01,0x7B,
	0x73,0x1A,0x03,0x7B,0x73,0x0E,0x36,0x7E,
	0x73,0x00,0x01,0x1E,0x01,0x12,0x15,0x14,
	0x00,0x00,0x22,0x7B,0x73,0x0F,0x36,0x7E,
	0x00,0x01,0x1E,0x03,0x0E,0x01,0x15,0x00,
	0x00,0x29,0x20,0x11,0x7B,0x73,0x10,0x7E,
	0x00,0x01,0x1E,0x03,0x0E,0x05,0x15,0x00,
	0x00,0x29,0x20,0x11,0x7B,0x73,0x0E,0x7F,
	0x00,0x01,0x1E,0x15,0x0F,0x0C,0x15,0x00,
	0x00,0x29,0x11,0x7B,0x73,0x22,0x7E,0x73,
	0x00,0x01,0x12,0x01,0x1E,0x15,0x0F,0x0C,
	0x15,0x00,0x00,0x29,0x11,0x7B,0x73,0x22,
	0x19,0x7E,0x00,0x01,0x1E,0x12,0x14,0x0C,
	0x15,0x00,0x00,0x11,0x1A,0x2F,0x1B,0x09,
	0x00,0x05,0x04,0x0E,0x15,0x00,0x00,0x0F,
	0x30,0x20,0x89,0x11,0x00,0x01,0x22,0x05,
	0x0C,0x10,0x15,0x00,0x00,0x2F,0x12,0x1B,
	0x7B,0x73,0x2D,0x09,0x7D,0x00,0x01,0x1E,
	0x05,0x10,0x10,0x15,0x00,0x00,0x0F,0x7B,
	0x73,0x2D,0x09,0x7D,0x73,0x00,0x0E,0x01,
	0x0E,0x15,0x00,0x00,0x82,0x11,0x20,0x85,
	0x12,0x20,0x10,0x00,0x0F,0x09,0x13,0x15,
	0x00,0x00,0x20,0x12,0x2C,0x7B,0x73,0x10,
	0x7D,0x00,0x01,0x06,0x01,0x1E,0x0F,0x09,
	0x13,0x15,0x00,0x00,0x20,0x12,0x2C,0x7B,
	0x73,0x0E,0x7D,0x00,0x01,0x1E,0x0F,0x09,
	0x14,0x15,0x00,0x00,0x20,0x12,0x2B,0x7B,
	0x73,0x10,0x7D,0x00,0x06,0x20,0x04,0x01,
	0x03,0x01,0x02,0x01,0x1E,0x0F,0x09,0x14,
	0x15,0x00,0x00,0x20,0x12,0x2B,0x7B,0x73,
	0x0E,0x7D,0x00,0x05,0x21,0x04,0x00,0x04,
	0x00,0x01,0x1E,0x16,0x09,0x14,0x15,0x00,
	0x00,0x26,0x12,0x2F,0x7B,0x73,0x10,0x7E,
	0x00,0x01,0x1E,0x04,0x0E,0x01,0x16,0x00,
	0x00,0x11,0x30,0x20,0x05,0x26,0x00,0x01,
	0x22,0x04,0x0E,0x01,0x16,0x00,0x00,0x11,
	0x30,0x20,0x05,0x26,0x00,0x01,0x22,0x04,
	0x0C,0x05,0x16,0x00,0x00,0x2F,0x1B,0x04,
	0x26,0x7F,0x00,0x04,0x0C,0x05,0x16,0x00,
	0x00,0x2F,0x1B,0x04,0x26,0x00,0x0C,0x0C,
	0x09,0x16,0x00,0x1E,0x00,0x1B,0x02,0x26,
	0x7B,0x73,0x00,0x01,0x1E,0x03,0x14,0x09,
	0x16,0x00,0x00,0x36,0x02,0x26,0x73,0x00,
	0x01,0x22,0x03,0x14,0x09,0x16,0x00,0x00,
	0x36,0x02,0x26,0x73,0x00,0x01,0x22,0x05,
	0x14,0x01,0x17,0x00,0x1E,0x00,0x0F,0x2F,
	0x0A,0x18,0x00,0x12,0x05,0x08,0x17,0x00,
	0x1E,0x00,0x1A,0x03,0x18,0x00,0x14,0x09,
	0x08,0x17,0x00,0x00,0x2F,0x07,0x18,0x6D,
	0x00,0x0C,0x0F,0x08,0x17,0x00,0x00,0x1B,
	0x0B,0x1C,0x7D,0x73,0x00,0x03,0x14,0x09,
	0x17,0x00,0x00,0x36,0x02,0x18,0x73,0x00,
	0x01,0x22,0x01,0x0D,0x0F,0x17,0x00,0x1E,
	0x00,0x20,0x11,0x1F,0x7B,0x73,0x0D,0x18,
	0x7B,0x73,0x00,0x01,0x1E,0x05,0x0D,0x0F,
	0x17,0x00,0x1E,0x00,0x20,0x11,0x1F,0x7B,
	0x73,0x02,0x18,0x7B,0x73,0x00,0x01,0x1E,
	0x14,0x12,0x0F,0x17,0x00,0x1E,0x00,0x27,
	0x0F,0x18,0x7F,0x73,0x00,0x15,0x0F,0x09,
	0x18,0x00,0x00,0x29,0x12,0x2B,0x73,0x7E,
	0x00,0x01,0x1E,0x0E,0x15,0x0F,0x19,0x00,
	0x00,0x21,0x09,0x19,0x00,0x0C,0x02,0x01,
	0x00,0x1E,0x00,0x22,0x2E,0x7B,0x73,0x11,
	0x7B,0x73,0x00,0x0A,0x21,0x04,0x02,0x04,
	0x02,0x21,0x04,0x00,0x04,0x00,0x01,0x1E,
	0x0C,0x02,0x01,0x00,0x00,0x22,0x2E,0x03,
	0x00,0x0A,0x1F,0x00,0x64,0x05,0x21,0x04,
	0x00,0x04,0x00,0x1E,0x01,0x1E,0x0C,0x02,
	0x01,0x00,0x05,0x1E,0x00,0x22,0x2E,0x7B,
	0x73,0x11,0x7B,0x73,0x00,0x13,0x20,0x0C,
	0x01,0x07,0x01,0x13,0x01,0x14,0x01,0x15,
	0x01,0x16,0x01,0x1A,0x21,0x02,0x00,0x02,
	0x00,0x01,0x1E,0x0C,0x02,0x01,0x00,0x05,
	0x1E,0x00,0x22,0x2E,0x7B,0x73,0x11,0x7B,
	0x73,0x00,0x0E,0x12,0x20,0x06,0x01,0x15,
	0x01,0x09,0x01,0x01,0x21,0x04,0x00,0x04,
	0x00,0x01,0x1E,0x0C,0x02,0x01,0x00,0x05,
	0x1E,0x00,0x22,0x2E,0x7B,0x73,0x11,0x7B,
	0x73,0x00,0x0B,0x03,0x20,0x08,0x01,0x15,
	0x01,0x01,0x01,0x12,0x01,0x0E,0x01,0x1E,
	0x0C,0x02,0x01,0x00,0x05,0x1E,0x00,0x22,
	0x2E,0x7B,0x73,0x11,0x7B,0x73,0x00,0x0C,
	0x20,0x04,0x01,0x0D,0x01,0x10,0x20,0x04,
	0x01,0x01,0x01,0x15,0x01,0x1E,0x0C,0x02,
	0x01,0x00,0x1E,0x00,0x22,0x2E,0x7B,0x73,
	0x11,0x7B,0x73,0x00,0x01,0x1E,0x0C,0x02,
	0x01,0x00,0x05,0x1E,0x00,0x01,0x1B,0x2E,
	0x7B,0x73,0x11,0x7B,0x73,0x00,0x0E,0x12,
	0x20,0x06,0x01,0x15,0x01,0x09,0x01,0x01,
	0x21,0x04,0x00,0x04,0x00,0x01,0x1E,0x0C,
	0x02,0x01,0x00,0x05,0x1E,0x00,0x01,0x1B,
	0x2E,0x7B,0x73,0x11,0x7B,0x73,0x00,0x0B,
	0x03,0x20,0x08,0x01,0x15,0x01,0x01,0x01,
	0x12,0x01,0x0E,0x01,0x1E,0x0C,0x02,0x01,
	0x00,0x05,0x1E,0x00,0x01,0x1B,0x2E,0x7B,
	0x73,0x11,0x7B,0x73,0x00,0x07,0x0D,0x20,
	0x04,0x01,0x01,0x01,0x15,0x01,0x1E,0x0C,
	0x02,0x01,0x00,0x1E,0x00,0x01,0x1B,0x2E,
	0x7B,0x73,0x83,0x11,0x7B,0x73,0x00,0x01,
	0x1E,0x08,0x03,0x01,0x00,0x1E,0x00,0x31,
	0x03,0x7B,0x73,0x00,0x05,0x21,0x04,0x00,
	0x04,0x00,0x01,0x1E,0x0C,0x03,0x01,0x00,
	0x1E,0x00,0x22,0x31,0x7B,0x73,0x11,0x7E,
	0x73,0x00,0x01,0x1E,0x12,0x05,0x01,0x00,
	0x00,0x86,0x0B,0x1A,0x03,0x00,0x01,0x22,
	0x06,0x20,0x04,0x01,0x10,0x01,0x13,0x05,
	0x07,0x01,0x00,0x00,0x0F,0x32,0x03,0x00,
	0x05,0x09,0x01,0x00,0x00,0x0F,0x07,0x00,
	0x05,0x09,0x01,0x00,0x00,0x0F,0x07,0x00,
	0x0E,0x09,0x01,0x00,0x00,0x20,0x03,0x7D,
	0x73,0x00,0x01,0x1E,0x12,0x09,0x01,0x00,
	0x1E,0x00,0x1A,0x03,0x7D,0x00,0x01,0x1E,
	0x13,0x09,0x01,0x00,0x00,0x2A,0x03,0x7D,
	0x00,0x01,0x1E,0x13,0x09,0x01,0x00,0x00,
	0x2A,0x03,0x7D,0x00,0x01,0x1E,0x0C,0x0C,
	0x01,0x00,0x00,0x0B,0x1B,0x05,0x00,0x01,
	0x22,0x0C,0x0C,0x01,0x00,0x00,0x01,0x7B,
	0x73,0x1B,0x05,0x00,0x0A,0x1F,0x01,0x63,
	0x05,0x21,0x04,0x00,0x04,0x00,0x22,0x01,
	0x1E,0x0C,0x0C,0x01,0x00,0x1E,0x00,0x01,
	0x1B,0x7F,0x73,0x00,0x01,0x03,0x01,0x1E,
	0x0C,0x0C,0x01,0x00,0x1E,0x00,0x01,0x1B,
	0x11,0x7F,0x73,0x00,0x01,0x1E,0x03,0x0E,
	0x01,0x00,0x00,0x29,0x20,0x05,0x00,0x0A,
	0x1F,0x01,0x63,0x05,0x21,0x04,0x00,0x04,
	0x00,0x22,0x01,0x1E,0x03,0x0E,0x01,0x00,
	0x05,0x1E,0x00,0x29,0x20,0x11,0x7B,0x73,
	0x00,0x12,0x20,0x06,0x01,0x04,0x01,0x0E,
	0x01,0x12,0x21,0x02,0x00,0x02,0x00,0x21,
	0x04,0x00,0x04,0x00,0x01,0x1E,0x03,0x0E,
	0x01,0x00,0x00,0x29,0x20,0x11,0x7B,0x00,
	0x01,0x1E,0x03,0x0E,0x01,0x00,0x00,0x01,
	0x29,0x7B,0x73,0x20,0x85,0x11,0x7B,0x00,
	0x01,0x1E,0x14,0x0E,0x01,0x00,0x00,0x84,
	0x12,0x2F,0x20,0x05,0x00,0x01,0x22,0x14,
	0x0E,0x01,0x00,0x00,0x01,0x2F,0x20,0x05,
	0x00,0x01,0x22,0x05,0x21,0x02,0x00,0x02,
	0x00,0x14,0x0E,0x01,0x00,0x00,0x82,0x12,
	0x2F,0x20,0x05,0x00,0x01,0x22,0x03,0x12,
	0x01,0x00,0x00,0x31,0x1A,0x06,0x7B,0x00,
	0x01,0x22,0x05,0x21,0x02,0x00,0x02,0x00,
	0x03,0x12,0x01,0x00,0x00,0x31,0x1A,0x06,
	0x7B,0x00,0x01,0x22,0x05,0x21,0x02,0x00,
	0x02,0x00,0x0F,0x14,0x01,0x00,0x00,0x0F,
	0x7B,0x73,0x2F,0x03,0x7F,0x00,0x01,0x1E,
	0x05,0x15,0x01,0x00,0x00,0x20,0x11,0x08,
	0x00,0x05,0x15,0x01,0x00,0x00,0x20,0x11,
	0x08,0x00,0x05,0x15,0x01,0x00,0x00,0x1A,
	0x11,0x08,0x00,0x07,0x15,0x01,0x00,0x00,
	0x0A,0x00,0x0C,0x15,0x01,0x00,0x00,0x2F,
	0x1B,0x0A,0x00,0x01,0x22,0x0C,0x15,0x01,
	0x00,0x00,0x2F,0x1B,0x0A,0x00,0x0A,0x1F,
	0x01,0x63,0x05,0x21,0x04,0x00,0x04,0x00,
	0x22,0x01,0x22,0x0C,0x15,0x01,0x00,0x00,
	0x0B,0x00,0x14,0x15,0x01,0x00,0x00,0x86,
	0x11,0x2F,0x0A,0x00,0x03,0x01,0x02,0x00,
	0x00,0x31,0x06,0x2E,0x7F,0x00,0x01,0x22,
	0x03,0x01,0x02,0x00,0x00,0x31,0x06,0x2E,
	0x00,0x03,0x01,0x02,0x00,0x1E,0x00,0x31,
	0x05,0x2E,0x7B,0x73,0x00,0x08,0x01,0x02,
	0x00,0x00,0x20,0x06,0x2E,0x7F,0x00,0x08,
	0x01,0x02,0x00,0x00,0x20,0x06,0x2E,0x00,
	0x0C,0x01,0x02,0x00,0x1E,0x00,0x1B,0x0A,
	0x2E,0x7B,0x73,0x00,0x01,0x1E,0x15,0x01,
	0x02,0x00,0x1E,0x00,0x1F,0x08,0x2E,0x73,
	0x00,0x01,0x22,0x15,0x01,0x02,0x00,0x1E,
	0x00,0x1F,0x08,0x2E,0x7F,0x00,0x03,0x05,
	0x02,0x00,0x1E,0x00,0x31,0x04,0x2E,0x7F,
	0x00,0x03,0x05,0x02,0x00,0x1E,0x00,0x31,
	0x04,0x2E,0x73,0x00,0x0C,0x05,0x02,0x00,
	0x1E,0x00,0x1B,0x04,0x2E,0x7B,0x73,0x00,
	0x01,0x1E,0x0E,0x05,0x02,0x00,0x00,0x84,
	0x11,0x20,0x7B,0x73,0x84,0x12,0x2E,0x7B,
	0x73,0x00,0x12,0x05,0x02,0x00,0x1E,0x00,
	0x32,0x0F,0x2E,0x7F,0x00,0x12,0x05,0x02,
	0x00,0x1E,0x00,0x32,0x0F,0x2E,0x73,0x00,
	0x01,0x0F,0x02,0x00,0x1E,0x00,0x2F,0x0B,
	0x2E,0x7F,0x73,0x00,0x04,0x0F,0x02,0x00,
	0x1E,0x00,0x01,0x30,0x7B,0x73,0x06,0x2E,
	0x7B,0x73,0x00,0x09,0x0F,0x02,0x00,0x00,
	0x06,0x18,0x2E,0x00,0x0E,0x0F,0x02,0x00,
	0x1E,0x00,0x20,0x0B,0x2E,0x00,0x0F,0x0F,
	0x02,0x00,0x1E,0x00,0x31,0x0D,0x2E,0x00,
	0x12,0x0F,0x02,0x00,0x00,0x32,0x1A,0x0B,
	0x2E,0x00,0x12,0x0F,0x02,0x00,0x1E,0x00,
	0x0B,0x7B,0x73,0x0F,0x2E,0x7F,0x73,0x00,
	0x0C,0x14,0x02,0x00,0x00,0x22,0x2F,0x00,
	0x12,0x15,0x02,0x00,0x1E,0x00,0x32,0x0F,
	0x2E,0x73,0x00,0x12,0x15,0x02,0x00,0x1E,
	0x00,0x01,0x1A,0x7B,0x73,0x04,0x2E,0x7F,
	0x73,0x00,0x01,0x22,0x12,0x15,0x02,0x00,
	0x1E,0x00,0x01,0x7B,0x73,0x0F,0x2E,0x7F,
	0x73,0x00,0x0B,0x01,0x03,0x00,0x1E,0x00,
	0x31,0x03,0x31,0x73,0x00,0x01,0x1E,0x13,
	0x01,0x03,0x00,0x1E,0x00,0x2F,0x29,0x05,
	0x31,0x7B,0x73,0x00,0x01,0x1E,0x09,0x03,
	0x03,0x00,0x00,0x11,0x36,0x00,0x09,0x03,
	0x03,0x00,0x00,0x86,0x11,0x36,0x00,0x01,
	0x08,0x03,0x00,0x00,0x0B,0x2B,0x00,0x01,
	0x09,0x03,0x00,0x00,0x22,0x36,0x7E,0x00,
	0x01,0x0E,0x01,0x1E,0x01,0x09,0x03,0x00,
	0x00,0x22,0x2B,0x7E,0x00,0x01,0x1E,0x01,
	0x09,0x03,0x00,0x00,0x20,0x12,0x2B,0x7E,
	0x00,0x01,0x1E,0x01,0x12,0x03,0x00,0x00,
	0x2F,0x05,0x1A,0x31,0x7B,0x00,0x01,0x1E,
	0x14,0x19,0x03,0x00,0x00,0x86,0x11,0x2F,
	0x07,0x29,0x00,0x01,0x1A,0x03,0x00,0x00,
	0x31,0x05,0x36,0x7E,0x00,0x01,0x22,0x05,
	0x1A,0x03,0x00,0x00,0x31,0x04,0x36,0x7F,
	0x00,0x01,0x22,0x15,0x1A,0x03,0x00,0x00,
	0x31,0x0D,0x36,0x00,0x01,0x22,0x19,0x1A,
	0x03,0x00,0x00,0x31,0x02,0x36,0x7E,0x00,
	0x01,0x22,0x0C,0x01,0x04,0x00,0x1E,0x00,
	0x1B,0x03,0x30,0x7F,0x73,0x00,0x01,0x1E,
	0x0D,0x05,0x04,0x00,0x00,0x01,0x1F,0x04,
	0x30,0x00,0x01,0x22,0x06,0x21,0x00,0x80,
	0x00,0x80,0x1E,0x0D,0x05,0x04,0x00,0x00,
	0x86,0x11,0x1F,0x84,0x11,0x30,0x00,0x01,
	0x22,0x13,0x09,0x04,0x00,0x00,0x29,0x82,
	0x12,0x30,0x00,0x02,0x0F,0x0E,0x12,0x0F,
	0x04,0x00,0x00,0x25,0x1A,0x0B,0x30,0x7F,
	0x00,0x17,0x0F,0x04,0x00,0x1E,0x00,0x20,
	0x08,0x30,0x00,0x12,0x0F,0x04,0x00,0x00,
	0x25,0x1A,0x0B,0x30,0x00,0x0E,0x19,0x04,
	0x00,0x00,0x85,0x11,0x20,0x07,0x30,0x00,
	0x13,0x01,0x05,0x00,0x00,0x29,0x01,0x7D,
	0x00,0x08,0x20,0x06,0x01,0x0C,0x01,0x03,
	0x01,0x12,0x01,0x1E,0x15,0x01,0x05,0x00,
	0x00,0x0B,0x00,0x0C,0x04,0x05,0x00,0x00,
	0x01,0x1B,0x7B,0x73,0x74,0x30,0x12,0x7E,
	0x00,0x01,0x1E,0x05,0x09,0x05,0x00,0x00,
	0x0F,0x07,0x00,0x05,0x09,0x05,0x00,0x00,
	0x0F,0x07,0x00,0x12,0x09,0x05,0x00,0x00,
	0x11,0x1A,0x7B,0x73,0x03,0x7D,0x00,0x01,
	0x22,0x12,0x09,0x05,0x00,0x00,0x0B,0x1A,
	0x7B,0x73,0x03,0x7D,0x00,0x01,0x22,0x14,
	0x09,0x05,0x00,0x00,0x01,0x2F,0x12,0x7B,
	0x73,0x01,0x7D,0x00,0x01,0x1E,0x0C,0x0C,
	0x05,0x00,0x00,0x11,0x1B,0x7B,0x73,0x04,
	0x7D,0x00,0x01,0x1E,0x0C,0x0C,0x05,0x00,
	0x00,0x1B,0x04,0x7D,0x00,0x01,0x22,0x0C,
	0x0C,0x05,0x00,0x00,0x01,0x1B,0x7B,0x73,
	0x04,0x7D,0x00,0x01,0x22,0x0C,0x0C,0x05,
	0x00,0x00,0x0B,0x1B,0x7B,0x73,0x04,0x7D,
	0x00,0x01,0x1E,0x09,0x0D,0x05,0x00,0x00,
	0x11,0x7B,0x73,0x01,0x7B,0x73,0x1F,0x01,
	0x7D,0x00,0x01,0x1E,0x03,0x0E,0x05,0x00,
	0x00,0x29,0x20,0x04,0x00,0x0A,0x1F,0x01,
	0x63,0x05,0x21,0x04,0x00,0x04,0x00,0x22,
	0x01,0x1E,0x03,0x0E,0x05,0x00,0x05,0x1E,
	0x00,0x29,0x20,0x11,0x7B,0x73,0x00,0x18,
	0x20,0x0C,0x01,0x15,0x01,0x04,0x01,0x14,
	0x01,0x03,0x01,0x0C,0x01,0x12,0x21,0x02,
	0x00,0x02,0x00,0x21,0x04,0x00,0x04,0x00,
	0x01,0x1E,0x03,0x0E,0x05,0x00,0x00,0x29,
	0x20,0x84,0x11,0x7B,0x00,0x01,0x1E,0x03,
	0x0E,0x05,0x00,0x05,0x0E,0x03,0x05,0x1E,
	0x00,0x01,0x73,0x00,0x01,0x1E,0x04,0x0E,
	0x05,0x00,0x00,0x0B,0x30,0x20,0x04,0x00,
	0x0B,0x0E,0x05,0x00,0x00,0x0B,0x31,0x7B,
	0x73,0x21,0x04,0x7D,0x00,0x01,0x22,0x15,
	0x0F,0x05,0x00,0x05,0x1E,0x00,0x29,0x12,
	0x7E,0x73,0x00,0x01,0x07,0x01,0x1E,0x15,
	0x0F,0x05,0x00,0x05,0x1E,0x00,0x29,0x12,
	0x7B,0x73,0x01,0x7E,0x73,0x00,0x12,0x20,
	0x06,0x01,0x0E,0x01,0x03,0x01,0x14,0x21,
	0x02,0x00,0x02,0x00,0x21,0x04,0x00,0x04,
	0x00,0x01,0x1E,0x15,0x0F,0x05,0x00,0x00,
	0x29,0x12,0x7B,0x73,0x01,0x7E,0x00,0x01,
	0x1C,0x05,0x00,0x00,0x1B,0x86,0x11,0x18,
	0x31,0x01,0x00,0x03,0x13,0x05,0x00,0x00,
	0x29,0x04,0x7D,0x00,0x01,0x1E,0x09,0x13,
	0x05,0x00,0x00,0x11,0x2C,0x7B,0x73,0x01,
	0x7D,0x00,0x01,0x1E,0x1C,0x13,0x05,0x00,
	0x00,0x31,0x29,0x04,0x7D,0x00,0x01,0x1E,
	0x13,0x13,0x05,0x00,0x00,0x11,0x29,0x7B,
	0x73,0x04,0x7D,0x00,0x01,0x22,0x13,0x13,
	0x05,0x00,0x00,0x29,0x04,0x7D,0x00,0x01,
	0x1E,0x14,0x14,0x05,0x00,0x00,0x11,0x2F,
	0x7B,0x73,0x04,0x7D,0x00,0x01,0x1E,0x14,
	0x14,0x05,0x00,0x00,0x2F,0x04,0x7D,0x00,
	0x01,0x1E,0x14,0x14,0x05,0x00,0x00,0x01,
	0x2F,0x7B,0x73,0x04,0x7D,0x00,0x01,0x22,
	0x14,0x14,0x05,0x00,0x00,0x0B,0x2F,0x7B,
	0x73,0x04,0x7D,0x00,0x01,0x1E,0x05,0x15,
	0x05,0x00,0x00,0x0F,0x73,0x0C,0x00,0x05,
	0x15,0x05,0x00,0x00,0x0F,0x73,0x0C,0x00,
	0x05,0x16,0x05,0x00,0x00,0x0F,0x7B,0x73,
	0x26,0x04,0x7D,0x00,0x0C,0x20,0x0A,0x01,
	0x22,0x01,0x0F,0x05,0x21,0x04,0x00,0x04,
	0x00,0x01,0x1E,0x0C,0x01,0x06,0x00,0x00,
	0x29,0x1B,0x0A,0x25,0x7B,0x00,0x0C,0x05,
	0x06,0x00,0x00,0x30,0x1B,0x04,0x25,0x7F,
	0x00,0x0C,0x05,0x06,0x00,0x00,0x30,0x1B,
	0x04,0x25,0x00,0x12,0x09,0x06,0x00,0x1E,
	0x00,0x1A,0x07,0x25,0x00,0x13,0x09,0x06,
	0x00,0x1E,0x00,0x2B,0x82,0x12,0x25,0x73,
	0x00,0x01,0x1E,0x14,0x09,0x06,0x00,0x00,
	0x29,0x2F,0x02,0x25,0x00,0x01,0x22,0x05,
	0x0C,0x06,0x00,0x1E,0x00,0x29,0x31,0x04,
	0x1B,0x25,0x7F,0x73,0x00,0x01,0x1E,0x0F,
	0x0F,0x06,0x00,0x1E,0x00,0x2F,0x0D,0x25,
	0x00,0x12,0x0F,0x06,0x00,0x00,0x1A,0x0B,
	0x25,0x00,0x12,0x01,0x1B,0x00,0x1E,0x00,
	0x74,0x30,0x1A,0x06,0x32,0x00,0x0F,0x05,
	0x07,0x00,0x00,0x20,0x12,0x37,0x00,0x01,
	0x1E,0x14,0x08,0x07,0x00,0x00,0x27,0x00,
	0x0F,0x0F,0x07,0x00,0x00,0x30,0x0D,0x32,
	0x7F,0x73,0x00,0x01,0x12,0x07,0x00,0x00,
	0x1F,0x05,0x1A,0x32,0x7F,0x00,0x01,0x1E,
	0x05,0x12,0x07,0x00,0x00,0x20,0x04,0x1A,
	0x32,0x00,0x01,0x22,0x12,0x19,0x07,0x00,
	0x00,0x0B,0x1A,0x07,0x37,0x00,0x0C,0x01,
	0x08,0x00,0x00,0x25,0x05,0x1C,0x00,0x0C,
	0x01,0x08,0x00,0x1E,0x00,0x74,0x1B,0x0A,
	0x1C,0x73,0x00,0x05,0x21,0x00,0x80,0x00,
	0x80,0x0E,0x01,0x08,0x00,0x1E,0x00,0x30,
	0x20,0x05,0x1C,0x7B,0x73,0x00,0x01,0x1E,
	0x12,0x01,0x08,0x00,0x1E,0x00,0x2F,0x1A,
	0x06,0x1C,0x00,0x05,0x21,0x00,0x80,0x00,
	0x80,0x15,0x01,0x08,0x00,0x00,0x29,0x08,
	0x1C,0x00,0x17,0x01,0x08,0x00,0x00,0x31,
	0x0A,0x1C,0x73,0x00,0x05,0x21,0x00,0x80,
	0x00,0x80,0x01,0x05,0x08,0x00,0x1E,0x00,
	0x74,0x30,0x04,0x1C,0x7F,0x00,0x09,0x05,
	0x08,0x00,0x00,0x1F,0x07,0x1C,0x7F,0x00,
	0x09,0x05,0x08,0x00,0x00,0x1F,0x07,0x1C,
	0x00,0x09,0x05,0x08,0x00,0x00,0x1A,0x03,
	0x7D,0x73,0x00,0x01,0x22,0x0D,0x05,0x08,
	0x00,0x00,0x11,0x1F,0x04,0x1C,0x00,0x01,
	0x22,0x0D,0x05,0x08,0x00,0x00,0x0B,0x1F,
	0x01,0x1C,0x00,0x01,0x22,0x05,0x21,0x00,
	0x40,0x00,0x00,0x12,0x05,0x08,0x00,0x00,
	0x84,0x11,0x1A,0x84,0x11,0x1C,0x00,0x01,
	0x22,0x08,0x20,0x06,0x01,0x04,0x01,0x06,
	0x01,0x13,0x12,0x05,0x08,0x00,0x00,0x1A,
	0x01,0x1C,0x00,0x01,0x22,0x05,0x09,0x08,
	0x00,0x00,0x1A,0x07,0x1C,0x00,0x01,0x22,
	0x07,0x09,0x08,0x00,0x00,0x07,0x1C,0x7D,
	0x73,0x00,0x01,0x1E,0x0C,0x09,0x08,0x00,
	0x1E,0x00,0x1B,0x02,0x1C,0x7F,0x73,0x00,
	0x01,0x22,0x06,0x0F,0x08,0x00,0x00,0x25,
	0x0A,0x1C,0x7F,0x00,0x06,0x0F,0x08,0x00,
	0x00,0x25,0x0A,0x1C,0x00,0x0C,0x0F,0x08,
	0x00,0x1E,0x00,0x1B,0x0B,0x1C,0x7B,0x73,
	0x00,0x05,0x21,0x00,0x80,0x00,0x80,0x01,
	0x1E,0x0D,0x0F,0x08,0x00,0x00,0x1F,0x0B,
	0x1C,0x00,0x0D,0x0F,0x08,0x00,0x00,0x86,
	0x11,0x1F,0x86,0x11,0x1C,0x00,0x01,0x22,
	0x0F,0x0F,0x08,0x00,0x1E,0x00,0x30,0x0D,
	0x1C,0x7B,0x73,0x00,0x01,0x1E,0x12,0x0F,
	0x08,0x00,0x00,0x86,0x11,0x1A,0x86,0x11,
	0x1C,0x00,0x01,0x22,0x15,0x0F,0x08,0x00,
	0x00,0x1A,0x08,0x00,0x10,0x19,0x08,0x00,
	0x00,0x86,0x11,0x2D,0x82,0x12,0x1C,0x00,
	0x02,0x03,0x12,0x10,0x19,0x08,0x00,0x00,
	0x86,0x11,0x2D,0x07,0x1C,0x00,0x07,0x01,
	0x09,0x00,0x00,0x37,0x12,0x7B,0x73,0x00,
	0x01,0x1E,0x0E,0x01,0x09,0x00,0x00,0x0B,
	0x20,0x06,0x01,0x00,0x01,0x22,0x0E,0x01,
	0x09,0x00,0x00,0x2F,0x20,0x11,0x07,0x00,
	0x0A,0x1F,0x01,0x63,0x05,0x21,0x04,0x00,
	0x04,0x00,0x1E,0x01,0x1E,0x0E,0x01,0x09,
	0x00,0x05,0x1E,0x00,0x2F,0x20,0x11,0x7B,
	0x73,0x01,0x7E,0x73,0x00,0x0D,0x20,0x06,
	0x01,0x16,0x01,0x12,0x01,0x04,0x21,0x02,
	0x00,0x02,0x00,0x01,0x1E,0x0E,0x01,0x09,
	0x00,0x00,0x2F,0x20,0x11,0x7B,0x73,0x01,
	0x7E,0x00,0x01,0x1E,0x14,0x01,0x09,0x00,
	0x05,0x1E,0x00,0x2F,0x11,0x7B,0x73,0x01,
	0x7E,0x73,0x00,0x11,0x20,0x05,0x02,0x12,
	0x10,0x01,0x07,0x21,0x02,0x00,0x02,0x00,
	0x21,0x04,0x00,0x04,0x00,0x01,0x1E,0x14,
	0x01,0x09,0x00,0x05,0x1E,0x00,0x2F,0x03,
	0x7B,0x73,0x01,0x7E,0x73,0x00,0x17,0x20,
	0x0B,0x02,0x12,0x02,0x01,0x03,0x01,0x16,
	0x01,0x12,0x01,0x04,0x21,0x02,0x00,0x02,
	0x00,0x21,0x04,0x00,0x04,0x00,0x01,0x1E,
	0x14,0x01,0x09,0x00,0x00,0x2F,0x03,0x7B,
	0x73,0x01,0x7E,0x00,0x01,0x1E,0x0C,0x02,
	0x09,0x00,0x00,0x22,0x2E,0x7B,0x73,0x02,
	0x00,0x0A,0x1F,0x01,0x63,0x05,0x21,0x04,
	0x00,0x04,0x00,0x22,0x01,0x22,0x0C,0x02,
	0x09,0x00,0x05,0x1E,0x00,0x22,0x2E,0x7B,
	0x73,0x11,0x7B,0x73,0x00,0x0E,0x12,0x20,
	0x06,0x01,0x15,0x01,0x09,0x01,0x01,0x21,
	0x04,0x00,0x04,0x00,0x01,0x1E,0x0C,0x02,
	0x09,0x00,0x05,0x1E,0x00,0x22,0x2E,0x7B,
	0x73,0x11,0x7B,0x73,0x00,0x0B,0x03,0x20,
	0x08,0x01,0x15,0x01,0x01,0x01,0x12,0x01,
	0x0E,0x01,0x1E,0x0C,0x02,0x09,0x00,0x05,
	0x1E,0x00,0x22,0x2E,0x7B,0x73,0x11,0x7B,
	0x73,0x00,0x07,0x0D,0x20,0x04,0x01,0x01,
	0x01,0x15,0x01,0x1E,0x0C,0x02,0x09,0x00,
	0x1E,0x00,0x22,0x2E,0x7B,0x73,0x11,0x7B,
	0x73,0x00,0x05,0x21,0x04,0x00,0x04,0x00,
	0x01,0x1E,0x0C,0x02,0x09,0x00,0x05,0x1E,
	0x00,0x01,0x1B,0x2E,0x7B,0x73,0x11,0x7B,
	0x73,0x00,0x0E,0x12,0x20,0x06,0x01,0x15,
	0x01,0x09,0x01,0x01,0x21,0x04,0x00,0x04,
	0x00,0x01,0x1E,0x0C,0x02,0x09,0x00,0x05,
	0x1E,0x00,0x01,0x1B,0x2E,0x7B,0x73,0x11,
	0x7B,0x73,0x00,0x0B,0x03,0x20,0x08,0x01,
	0x15,0x01,0x01,0x01,0x12,0x01,0x0E,0x01,
	0x1E,0x0C,0x02,0x09,0x00,0x05,0x1E,0x00,
	0x01,0x1B,0x2E,0x7B,0x73,0x11,0x7B,0x73,
	0x00,0x07,0x0D,0x20,0x04,0x01,0x01,0x01,
	0x15,0x01,0x1E,0x0C,0x02,0x09,0x00,0x1E,
	0x00,0x01,0x1B,0x2E,0x7B,0x73,0x11,0x7B,
	0x73,0x00,0x01,0x1E,0x01,0x03,0x09,0x00,
	0x00,0x22,0x7B,0x73,0x31,0x12,0x7E,0x00,
	0x01,0x1E,0x01,0x03,0x09,0x00,0x00,0x20,
	0x11,0x31,0x7B,0x73,0x12,0x7E,0x00,0x01,
	0x1E,0x0C,0x03,0x09,0x00,0x05,0x1E,0x00,
	0x22,0x31,0x7B,0x73,0x12,0x7E,0x73,0x00,
	0x0F,0x20,0x08,0x01,0x08,0x01,0x02,0x01,
	0x14,0x01,0x03,0x21,0x02,0x00,0x02,0x00,
	0x01,0x1E,0x0C,0x03,0x09,0x00,0x00,0x22,
	0x31,0x7B,0x73,0x12,0x7E,0x00,0x01,0x1E,
	0x01,0x05,0x09,0x00,0x00,0x0B,0x73,0x01,
	0x00,0x01,0x22,0x01,0x05,0x09,0x00,0x00,
	0x0B,0x73,0x01,0x00,0x01,0x22,0x12,0x05,
	0x09,0x00,0x00,0x1A,0x03,0x73,0x01,0x00,
	0x01,0x22,0x0E,0x05,0x09,0x00,0x05,0x1E,
	0x00,0x2F,0x20,0x12,0x19,0x7E,0x73,0x00,
	0x01,0x1E,0x13,0x05,0x09,0x00,0x00,0x29,
	0x01,0x00,0x13,0x05,0x09,0x00,0x19,0x1E,
	0x00,0x2F,0x29,0x12,0x7B,0x73,0x00,0x01,
	0x1E,0x14,0x05,0x09,0x00,0x19,0x1E,0x00,
	0x27,0x12,0x7B,0x73,0x00,0x01,0x1E,0x14,
	0x05,0x09,0x00,0x00,0x2F,0x04,0x7D,0x73,
	0x01,0x00,0x01,0x22,0x14,0x05,0x09,0x00,
	0x00,0x2F,0x04,0x73,0x01,0x00,0x01,0x22,
	0x14,0x05,0x09,0x00,0x00,0x01,0x2F,0x7B,
	0x73,0x11,0x7B,0x73,0x07,0x7D,0x00,0x05,
	0x21,0x04,0x00,0x04,0x00,0x01,0x1E,0x0C,
	0x0C,0x09,0x00,0x00,0x11,0x7B,0x73,0x1B,
	0x02,0x7D,0x00,0x01,0x1E,0x0C,0x0C,0x09,
	0x00,0x00,0x0B,0x1B,0x7B,0x73,0x02,0x7D,
	0x00,0x01,0x22,0x01,0x0E,0x09,0x00,0x00,
	0x22,0x7B,0x73,0x20,0x07,0x7D,0x00,0x0A,
	0x1F,0x01,0x63,0x05,0x21,0x04,0x00,0x04,
	0x00,0x22,0x01,0x1E,0x01,0x0E,0x09,0x00,
	0x00,0x22,0x7B,0x73,0x20,0x12,0x7E,0x00,
	0x01,0x1E,0x15,0x0F,0x09,0x00,0x05,0x1E,
	0x00,0x0F,0x19,0x00,0x01,0x1E,0x15,0x0F,
	0x09,0x00,0x05,0x1E,0x00,0x29,0x12,0x7B,
	0x73,0x01,0x7E,0x73,0x00,0x18,0x20,0x0C,
	0x01,0x07,0x01,0x12,0x01,0x02,0x01,0x04,
	0x01,0x16,0x01,0x0E,0x21,0x02,0x00,0x02,
	0x00,0x21,0x04,0x00,0x04,0x00,0x01,0x1E,
	0x15,0x0F,0x09,0x00,0x00,0x29,0x12,0x7B,
	0x73,0x01,0x7E,0x00,0x01,0x1E,0x0F,0x12,
	0x09,0x00,0x00,0x20,0x0F,0x07,0x7F,0x00,
	0x08,0x13,0x09,0x00,0x00,0x01,0x2B,0x7B,
	0x73,0x01,0x7D,0x00,0x01,0x22,0x01,0x14,
	0x09,0x00,0x00,0x22,0x2F,0x7B,0x73,0x87,
	0x12,0x7E,0x00,0x01,0x1E,0x09,0x14,0x09,
	0x00,0x00,0x29,0x12,0x2F,0x7B,0x73,0x07,
	0x7D,0x00,0x01,0x1E,0x0F,0x14,0x09,0x00,
	0x00,0x0F,0x7B,0x73,0x2F,0x12,0x7E,0x00,
	0x01,0x1E,0x05,0x1A,0x09,0x00,0x00,0x24,
	0x2A,0x12,0x7E,0x00,0x05,0x1A,0x09,0x00,
	0x00,0x24,0x2A,0x12,0x7E,0x00,0x05,0x1A,
	0x09,0x00,0x00,0x1A,0x11,0x7B,0x73,0x2A,
	0x07,0x7F,0x00,0x01,0x1E,0x0D,0x01,0x0B,
	0x00,0x00,0x2D,0x1F,0x05,0x31,0x00,0x0C,
	0x09,0x0B,0x00,0x00,0x1B,0x02,0x31,0x00,
	0x01,0x22,0x0C,0x09,0x0B,0x00,0x00,0x86,
	0x11,0x1B,0x02,0x31,0x00,0x10,0x0F,0x0B,
	0x00,0x1E,0x00,0x25,0x2D,0x0A,0x31,0x7F,
	0x00,0x01,0x22,0x0E,0x01,0x0C,0x00,0x1E,
	0x00,0x30,0x20,0x85,0x11,0x1B,0x7B,0x73,
	0x00,0x0E,0x01,0x0C,0x00,0x1E,0x00,0x30,
	0x20,0x85,0x11,0x1B,0x7B,0x73,0x00,0x09,
	0x05,0x0C,0x00,0x00,0x20,0x07,0x1B,0x7F,
	0x00,0x09,0x05,0x0C,0x00,0x00,0x20,0x07,
	0x1B,0x00,0x13,0x05,0x0C,0x00,0x00,0x29,
	0x04,0x1B,0x00,0x0A,0x1F,0x00,0x64,0x05,
	0x21,0x04,0x00,0x04,0x00,0x22,0x01,0x1E,
	0x13,0x05,0x0C,0x00,0x1E,0x00,0x29,0x12,
	0x1B,0x7B,0x73,0x00,0x01,0x1E,0x01,0x09,
	0x0C,0x00,0x00,0x20,0x11,0x19,0x1B,0x7D,
	0x00,0x01,0x1E,0x06,0x09,0x0C,0x00,0x1E,
	0x00,0x25,0x07,0x1B,0x7B,0x73,0x00,0x05,
	0x21,0x00,0x40,0x00,0x00,0x0B,0x09,0x0C,
	0x00,0x1E,0x00,0x31,0x07,0x1B,0x7B,0x73,
	0x00,0x1B,0x0F,0x0C,0x00,0x00,0x32,0x0A,
	0x1B,0x7F,0x00,0x05,0x21,0x00,0x80,0x00,
	0x80,0x01,0x1E,0x07,0x0F,0x0C,0x00,0x00,
	0x01,0x37,0x7B,0x73,0x11,0x1B,0x7E,0x00,
	0x01,0x1E,0x09,0x01,0x0D,0x00,0x00,0x1B,
	0x03,0x1F,0x00,0x01,0x1E,0x0E,0x01,0x0D,
	0x00,0x1E,0x00,0x20,0x85,0x11,0x1F,0x7F,
	0x00,0x01,0x22,0x07,0x05,0x0D,0x00,0x00,
	0x11,0x32,0x04,0x1F,0x00,0x0E,0x05,0x0D,
	0x00,0x00,0x2F,0x20,0x11,0x1F,0x7F,0x00,
	0x03,0x05,0x0C,0x10,0x01,0x1E,0x0E,0x05,
	0x0D,0x00,0x1E,0x00,0x2F,0x20,0x84,0x11,
	0x1F,0x7B,0x73,0x00,0x01,0x1E,0x0E,0x0F,
	0x0D,0x00,0x00,0x86,0x11,0x20,0x86,0x11,
	0x1F,0x00,0x0E,0x0F,0x0D,0x00,0x00,0x01,
	0x20,0x7B,0x73,0x0B,0x1F,0x7F,0x00,0x01,
	0x1E,0x12,0x0F,0x0D,0x00,0x1E,0x00,0x1A,
	0x0B,0x1F,0x7F,0x73,0x00,0x01,0x1E,0x14,
	0x0F,0x0D,0x00,0x00,0x0B,0x2F,0x7B,0x73,
	0x0B,0x1F,0x7D,0x00,0x01,0x22,0x03,0x05,
	0x0E,0x00,0x1E,0x00,0x31,0x04,0x20,0x7B,
	0x73,0x00,0x01,0x1E,0x13,0x05,0x0E,0x00,
	0x1E,0x00,0x29,0x12,0x20,0x7B,0x73,0x00,
	0x01,0x1E,0x17,0x05,0x0E,0x00,0x00,0x2A,
	0x0E,0x20,0x00,0x14,0x0F,0x0E,0x00,0x00,
	0x6D,0x2F,0x0B,0x20,0x7B,0x73,0x00,0x09,
	0x02,0x0F,0x00,0x00,0x31,0x12,0x7B,0x73,
	0x2E,0x0B,0x7D,0x00,0x01,0x1E,0x12,0x09,
	0x0F,0x00,0x00,0x1A,0x06,0x18,0x7F,0x00,
	0x01,0x1E,0x0C,0x0C,0x0F,0x00,0x00,0x01,
	0x1B,0x7B,0x73,0x0B,0x7D,0x00,0x01,0x22,
	0x0E,0x0D,0x0F,0x00,0x00,0x82,0x12,0x20,
	0x1F,0x06,0x00,0x03,0x13,0x0F,0x00,0x00,
	0x2B,0x0A,0x00,0x09,0x13,0x0F,0x00,0x00,
	0x29,0x12,0x7B,0x73,0x29,0x0B,0x7D,0x00,
	0x01,0x1E,0x0B,0x13,0x0F,0x00,0x00,0x01,
	0x31,0x29,0x73,0x08,0x7D,0x00,0x01,0x22,
	0x09,0x14,0x0F,0x00,0x00,0x31,0x12,0x2F,
	0x7B,0x73,0x06,0x7D,0x00,0x01,0x1E,0x14,
	0x14,0x0F,0x00,0x00,0x2F,0x0A,0x7D,0x00,
	0x01,0x22,0x14,0x14,0x0F,0x00,0x00,0x2F,
	0x0A,0x00,0x01,0x22,0x0B,0x13,0x0F,0x00,
	0x00,0x01,0x31,0x29,0x73,0x08,0x00,0x01,
	0x22,0x07,0x15,0x0F,0x00,0x00,0x0E,0x00,
	0x02,0x12,0x08,0x07,0x15,0x0F,0x00,0x00,
	0x2D,0x11,0x00,0x02,0x03,0x03,0x07,0x15,
	0x0F,0x00,0x00,0x25,0x0A,0x00,0x08,0x20,
	0x05,0x01,0x03,0x02,0x12,0x14,0x22,0x07,
	0x15,0x0F,0x00,0x00,0x25,0x09,0x00,0x0C,
	0x20,0x0A,0x01,0x0E,0x02,0x12,0x22,0x01,
	0x14,0x02,0x0C,0x13,0x07,0x15,0x0F,0x00,
	0x00,0x0B,0x00,0x0A,0x20,0x08,0x02,0x08,
	0x14,0x01,0x04,0x02,0x0C,0x12,0x07,0x15,
	0x0F,0x00,0x00,0x08,0x00,0x05,0x16,0x0F,
	0x00,0x00,0x0F,0x26,0x0B,0x00,0x01,0x22,
	0x12,0x01,0x10,0x00,0x00,0x85,0x11,0x1A,
	0x83,0x11,0x2D,0x00,0x14,0x01,0x10,0x00,
	0x00,0x27,0x05,0x2D,0x7B,0x00,0x01,0x1E,
	0x0B,0x09,0x10,0x00,0x00,0x31,0x07,0x2D,
	0x00,0x10,0x09,0x10,0x00,0x1E,0x00,0x2D,
	0x07,0x2D,0x7B,0x73,0x00,0x0C,0x0F,0x10,
	0x00,0x00,0x82,0x01,0x1B,0x86,0x11,0x2D,
	0x00,0x01,0x22,0x12,0x0F,0x10,0x00,0x00,
	0x2F,0x1A,0x0B,0x2D,0x00,0x01,0x1E,0x13,
	0x0F,0x10,0x00,0x00,0x2A,0x0B,0x2D,0x7D,
	0x00,0x01,0x1E,0x01,0x1E,0x13,0x0F,0x10,
	0x00,0x00,0x2F,0x29,0x06,0x2D,0x00,0x06,
	0x20,0x04,0x01,0x15,0x01,0x05,0x13,0x0F,
	0x10,0x00,0x00,0x2F,0x29,0x0B,0x2D,0x00,
	0x01,0x22,0x0E,0x05,0x1C,0x00,0x00,0x2F,
	0x20,0x11,0x18,0x31,0x7F,0x00,0x01,0x1E,
	0x13,0x09,0x1C,0x00,0x1E,0x00,0x2F,0x29,
	0x02,0x18,0x31,0x7F,0x73,0x00,0x01,0x1E,
	0x01,0x0F,0x12,0x00,0x00,0x30,0x0B,0x1A,
	0x00,0x01,0x22,0x0F,0x0F,0x12,0x00,0x00,
	0x1F,0x0E,0x1A,0x00,0x13,0x0F,0x12,0x00,
	0x00,0x2A,0x0B,0x1A,0x00,0x01,0x22,0x14,
	0x0F,0x12,0x00,0x00,0x27,0x0A,0x1A,0x00,
	0x06,0x01,0x13,0x00,0x00,0x25,0x03,0x29,
	0x00,0x0C,0x01,0x13,0x00,0x00,0x2F,0x1B,
	0x0A,0x29,0x00,0x0E,0x01,0x13,0x00,0x00,
	0x30,0x20,0x05,0x29,0x7B,0x73,0x00,0x01,
	0x22,0x0C,0x03,0x13,0x00,0x00,0x22,0x29,
	0x7B,0x00,0x01,0x1E,0x0C,0x05,0x13,0x00,
	0x00,0x25,0x1B,0x04,0x29,0x00,0x01,0x22,
	0x0C,0x05,0x13,0x00,0x1E,0x00,0x25,0x1B,
	0x04,0x29,0x7D,0x73,0x00,0x01,0x1E,0x0D,
	0x05,0x13,0x00,0x00,0x82,0x12,0x1F,0x04,
	0x29,0x00,0x01,0x22,0x09,0x08,0x13,0x00,
	0x1E,0x00,0x2D,0x82,0x12,0x2B,0x7B,0x73,
	0x00,0x01,0x1E,0x09,0x08,0x13,0x00,0x00,
	0x2F,0x02,0x2B,0x6D,0x00,0x0F,0x08,0x13,
	0x00,0x1E,0x00,0x2D,0x06,0x2B,0x00,0x01,
	0x1E,0x01,0x09,0x13,0x00,0x00,0x20,0x12,
	0x2C,0x7E,0x00,0x01,0x1E,0x04,0x09,0x13,
	0x00,0x1E,0x00,0x30,0x07,0x29,0x00,0x05,
	0x21,0x00,0x41,0x00,0x00,0x0F,0x09,0x13,
	0x00,0x00,0x20,0x12,0x2C,0x7E,0x00,0x0A,
	0x20,0x08,0x01,0x12,0x05,0x21,0x02,0x00,
	0x02,0x00,0x0F,0x09,0x13,0x00,0x00,0x20,
	0x12,0x2B,0x7E,0x00,0x14,0x09,0x13,0x00,
	0x00,0x01,0x7B,0x73,0x2F,0x12,0x29,0x7E,
	0x00,0x01,0x1E,0x06,0x0F,0x13,0x00,0x00,
	0x2F,0x25,0x0A,0x29,0x00,0x08,0x0F,0x13,
	0x00,0x00,0x20,0x11,0x29,0x7F,0x00,0x01,
	0x22,0x0D,0x0F,0x13,0x00,0x1E,0x00,0x1F,
	0x89,0x11,0x29,0x00,0x09,0x13,0x13,0x00,
	0x00,0x11,0x2B,0x7E,0x00,0x01,0x1E,0x01,
	0x14,0x13,0x00,0x1E,0x00,0x2F,0x05,0x2F,
	0x29,0x7F,0x73,0x00,0x01,0x1E,0x05,0x14,
	0x13,0x00,0x00,0x24,0x29,0x73,0x7B,0x00,
	0x05,0x21,0x01,0x00,0x01,0x00,0x01,0x1E,
	0x05,0x14,0x13,0x00,0x1E,0x00,0x2D,0x04,
	0x2F,0x29,0x7F,0x00,0x0C,0x14,0x13,0x00,
	0x00,0x22,0x29,0x7B,0x00,0x01,0x1E,0x19,
	0x14,0x13,0x00,0x00,0x1B,0x07,0x2F,0x29,
	0x00,0x01,0x15,0x13,0x00,0x00,0x22,0x7B,
	0x73,0x0E,0x2C,0x7B,0x00,0x01,0x1E,0x12,
	0x15,0x13,0x00,0x00,0x1A,0x8E,0x11,0xAB,
	0x2C,0x7B,0x00,0x01,0x1E,0x03,0x1A,0x13,
	0x00,0x00,0x36,0x2B,0x00,0x03,0x1A,0x13,
	0x00,0x00,0x36,0x2B,0x00,0x05,0x1A,0x13,
	0x00,0x00,0x31,0x04,0x2B,0x7E,0x00,0x01,
	0x22,0x09,0x01,0x14,0x00,0x1E,0x00,0x1B,
	0x03,0x2F,0x7B,0x00,0x01,0x1E,0x0B,0x01,
	0x14,0x00,0x00,0x03,0x31,0x06,0x2F,0x00,
	0x0B,0x01,0x14,0x00,0x00,0x31,0x03,0x2F,
	0x00,0x0C,0x01,0x14,0x00,0x00,0x31,0x0A,
	0x2F,0x6D,0x00,0x05,0x05,0x14,0x00,0x1E,
	0x00,0x20,0x01,0x2F,0x7D,0x73,0x00,0x01,
	0x1E,0x0C,0x05,0x14,0x00,0x00,0x84,0x11,
	0x1B,0x04,0x2F,0x00,0x03,0x05,0x14,0x00,
	0x00,0x31,0x04,0x2F,0x00,0x01,0x09,0x14,
	0x00,0x00,0x22,0x36,0x7E,0x00,0x06,0x20,
	0x04,0x01,0x0E,0x01,0x13,0x01,0x1E,0x01,
	0x09,0x14,0x00,0x00,0x22,0x2B,0x7E,0x00,
	0x01,0x1E,0x01,0x09,0x14,0x00,0x00,0x20,
	0x12,0x36,0x7E,0x00,0x06,0x20,0x04,0x01,
	0x0E,0x01,0x13,0x01,0x1E,0x01,0x09,0x14,
	0x00,0x00,0x20,0x12,0x2B,0x7E,0x00,0x01,
	0x1E,0x0D,0x09,0x14,0x00,0x1E,0x00,0x1F,
	0x07,0x2F,0x00,0x0D,0x09,0x14,0x00,0x1E,
	0x00,0x1F,0x07,0x2F,0x7F,0x73,0x00,0x01,
	0x1E,0x0F,0x09,0x14,0x00,0x00,0x20,0x12,
	0x36,0x7E,0x00,0x06,0x20,0x04,0x01,0x0E,
	0x01,0x13,0x0F,0x09,0x14,0x00,0x00,0x20,
	0x12,0x2B,0x7E,0x00,0x12,0x0F,0x14,0x00,
	0x00,0x01,0x7B,0x73,0x0F,0x2F,0x7E,0x00,
	0x0A,0x20,0x08,0x01,0x03,0x01,0x0C,0x01,
	0x10,0x01,0x13,0x01,0x1E,0x12,0x0F,0x14,
	0x00,0x00,0x01,0x7B,0x73,0x1A,0x0B,0x2F,
	0x7B,0x00,0x01,0x1E,0x15,0x0F,0x14,0x00,
	0x00,0x1A,0x0E,0x2F,0x7E,0x00,0x01,0x1E,
	0x17,0x0F,0x14,0x00,0x1E,0x00,0x20,0x08,
	0x2F,0x00,0x03,0x13,0x14,0x00,0x00,0x36,
	0x00,0x01,0x15,0x14,0x00,0x00,0x22,0x0E,
	0x36,0x7E,0x00,0x01,0x1E,0x04,0x15,0x14,
	0x00,0x00,0x30,0x0E,0x2F,0x7F,0x00,0x01,
	0x1E,0x12,0x15,0x14,0x00,0x00,0x0F,0x36,
	0x7B,0x00,0x01,0x1E,0x10,0x19,0x14,0x00,
	0x00,0x2D,0x07,0x2F,0x00,0x10,0x19,0x14,
	0x00,0x00,0x2D,0x07,0x2F,0x7B,0x00,0x01,
	0x1E,0x0E,0x01,0x15,0x00,0x00,0x2F,0x20,
	0x11,0x7B,0x73,0x0E,0x7E,0x00,0x01,0x1E,
	0x08,0x03,0x15,0x00,0x00,0x01,0x36,0x7B,
	0x73,0x0E,0x7D,0x00,0x01,0x22,0x0E,0x05,
	0x15,0x00,0x00,0x2F,0x20,0x11,0x7B,0x73,
	0x0E,0x7F,0x00,0x01,0x1E,0x0C,0x02,0x15,
	0x00,0x00,0x22,0x2E,0x7B,0x73,0x10,0x7E,
	0x00,0x05,0x21,0x04,0x00,0x04,0x00,0x01,
	0x1E,0x14,0x09,0x15,0x00,0x00,0x01,0x7B,
	0x73,0x2F,0x12,0x7B,0x73,0x10,0x7D,0x00,
	0x06,0x20,0x04,0x01,0x07,0x01,0x03,0x01,
	0x1E,0x14,0x09,0x15,0x00,0x00,0x01,0x7B,
	0x73,0x2F,0x12,0x7B,0x73,0x0E,0x7D,0x00,
	0x01,0x1E,0x01,0x0C,0x15,0x00,0x00,0x0F,
	0x7B,0x73,0x22,0x19,0x7E,0x00,0x05,0x21,
	0x04,0x10,0x04,0x00,0x01,0x1E,0x15,0x0F,
	0x15,0x00,0x00,0x29,0x11,0x7B,0x73,0x10,
	0x7E,0x00,0x01,0x1E,0x03,0x09,0x16,0x00,
	0x00,0x36,0x02,0x26,0x7F,0x00,0x01,0x22,
	0x05,0x09,0x16,0x00,0x00,0x10,0x26,0x00,
	0x14,0x09,0x16,0x00,0x00,0x29,0x2F,0x02,
	0x26,0x7F,0x00,0x01,0x22,0x0C,0x01,0x17,
	0x00,0x00,0x30,0x1B,0x0A,0x18,0x7F,0x00,
	0x0C,0x01,0x17,0x00,0x00,0x30,0x1B,0x0A,
	0x18,0x00,0x0C,0x01,0x17,0x00,0x00,0x31,
	0x0A,0x18,0x6D,0x00,0x12,0x01,0x17,0x00,
	0x00,0x30,0x1A,0x0B,0x18,0x7D,0x00,0x07,
	0x20,0x05,0x02,0x05,0x12,0x01,0x01,0x01,
	0x1E,0x12,0x01,0x17,0x00,0x1E,0x00,0x30,
	0x0F,0x18,0x73,0x00,0x05,0x21,0x01,0x00,
	0x01,0x00,0x01,0x1E,0x12,0x01,0x17,0x00,
	0x1E,0x00,0x1A,0x03,0x18,0x7F,0x73,0x00,
	0x01,0x1E,0x13,0x01,0x17,0x00,0x00,0x2B,
	0x0A,0x18,0x6D,0x00,0x01,0x08,0x17,0x00,
	0x1E,0x00,0x2F,0x89,0x11,0x18,0x00,0x0F,
	0x08,0x17,0x00,0x00,0x1F,0x0E,0x1C,0x00,
	0x03,0x09,0x17,0x00,0x00,0x36,0x02,0x26,
	0x7F,0x00,0x01,0x22,0x0C,0x09,0x17,0x00,
	0x1E,0x00,0x30,0x1B,0x07,0x18,0x00,0x0C,
	0x09,0x17,0x00,0x1E,0x00,0x1B,0x02,0x18,
	0x7D,0x73,0x00,0x01,0x1E,0x13,0x09,0x17,
	0x00,0x1E,0x00,0x2A,0x07,0x18,0x7B,0x73,
	0x00,0x01,0x1E,0x14,0x09,0x17,0x00,0x1E,
	0x00,0x27,0x02,0x18,0x00,0x14,0x09,0x17,
	0x00,0x00,0x29,0x2F,0x02,0x18,0x7F,0x00,
	0x01,0x22,0x0F,0x0F,0x17,0x00,0x1E,0x00,
	0x30,0x0D,0x18,0x7F,0x00,0x12,0x0F,0x17,
	0x00,0x1E,0x00,0x31,0x0F,0x18,0x00,0x12,
	0x05,0x18,0x00,0x00,0x86,0x11,0x1A,0x73,
	0x01,0x2A,0x00,0x01,0x22,0x0F,0x09,0x18,
	0x00,0x00,0x20,0x12,0x2B,0x31,0x7B,0x73,
	0x00,0x01,0x1E,0x0C,0x19,0x18,0x00,0x00,
	0x86,0x11,0x1B,0x73,0x07,0x2A,0x00,0x01,
	0x22,0x0D,0x01,0x19,0x00,0x00,0x86,0x11,
	0x1F,0x73,0x06,0x19,0x00,0x01,0x22,0x12,
	0x01,0x19,0x00,0x1E,0x00,0x30,0x1A,0x06,
	0x19,0x7B,0x73,0x00,0x01,0x1E,0x03,0x01,
	0x00,0x00,0x01,0x29,0x03,0x00,0x0A,0x1F,
	0x01,0x63,0x05,0x21,0x04,0x00,0x04,0x00,
	0x22,0x01,0x1E,0x03,0x01,0x00,0x05,0x1E,
	0x00,0x01,0x29,0x7B,0x73,0x29,0x11,0x7B,
	0x73,0x00,0x0A,0x20,0x08,0x01,0x16,0x01,
	0x10,0x01,0x0E,0x01,0x12,0x01,0x1E,0x03,
	0x01,0x00,0x1E,0x00,0x01,0x29,0x7B,0x73,
	0x29,0x11,0x7B,0x73,0x00,0x01,0x1E,0x04,
	0x01,0x00,0x00,0x0B,0x30,0x7B,0x73,0x06,
	0x7D,0x00,0x05,0x21,0x00,0x80,0x00,0x80,
	0x01,0x1E,0x05,0x01,0x00,0x00,0x08,0x00,
	0x08,0x01,0x00,0x00,0x1B,0x06,0x00,0x01,
	0x22,0x07,0x01,0x00,0x00,0x37,0x03,0x00,
	0x0A,0x1F,0x00,0x64,0x05,0x21,0x04,0x00,
	0x04,0x00,0x22,0x01,0x1E,0x07,0x01,0x00,
	0x1E,0x00,0x37,0x12,0x7B,0x73,0x00,0x01,
	0x1E,0x09,0x01,0x00,0x00,0x31,0x12,0x7B,
	0x73,0x03,0x7D,0x00,0x01,0x1E,0x09,0x01,
	0x00,0x00,0x20,0x03,0x00,0x01,0x22,0x09,
	0x01,0x00,0x00,0x03,0x00,0x05,0x21,0x00,
	0x80,0x00,0x80,0x01,0x22,0x0B,0x01,0x00,
	0x00,0x01,0x31,0x7B,0x73,0x06,0x7D,0x00,
	0x01,0x22,0x0D,0x01,0x00,0x00,0x11,0x1F,
	0x73,0x06,0x73,0x00,0x01,0x22,0x0D,0x01,
	0x00,0x00,0x01,0x7B,0x73,0x1F,0x83,0x11,
	0x7E,0x00,0x05,0x21,0x04,0x00,0x04,0x00,
	0x01,0x1E,0x0E,0x01,0x00,0x00,0x11,0x20,
	0x73,0x06,0x73,0x00,0x01,0x22,0x0E,0x01,
	0x00,0x00,0x11,0x7B,0x73,0x20,0x05,0x7D,
	0x00,0x01,0x1E,0x0E,0x01,0x00,0x00,0x2F,
	0x20,0x05,0x00,0x0A,0x1F,0x00,0x64,0x05,
	0x21,0x04,0x00,0x04,0x00,0x22,0x01,0x1E,
	0x0E,0x01,0x00,0x00,0x2F,0x20,0x11,0x7F,
	0x00,0x01,0x1E,0x0E,0x01,0x00,0x00,0x01,
	0x20,0x04,0x00,0x01,0x22,0x0E,0x01,0x00,
	0x00,0x01,0x7B,0x73,0x20,0x11,0x7E,0x00,
	0x05,0x21,0x00,0x80,0x00,0x80,0x01,0x1E,
	0x1C,0x01,0x00,0x00,0x85,0x11,0x18,0x31,
	0x85,0x11,0x00,0x12,0x01,0x00,0x00,0x11,
	0x1A,0x7B,0x73,0x06,0x7D,0x00,0x01,0x22,
	0x12,0x01,0x00,0x00,0x30,0x1A,0x86,0x11,
	0x00,0x01,0x22,0x12,0x01,0x00,0x00,0x30,
	0x1A,0x86,0x11,0x7B,0x73,0x00,0x05,0x21,
	0x04,0x00,0x04,0x00,0x01,0x1E,0x12,0x01,
	0x00,0x1E,0x00,0x01,0x1A,0x7B,0x73,0x03,
	0x7F,0x73,0x00,0x05,0x21,0x04,0x00,0x04,
	0x00,0x01,0x1E,0x14,0x01,0x00,0x00,0x11,
	0x2F,0x7B,0x73,0x06,0x7D,0x00,0x01,0x22,
	0x14,0x01,0x00,0x00,0x03,0x2F,0x06,0x00,
	0x01,0x22,0x14,0x01,0x00,0x00,0x2F,0x03,
	0x00,0x0A,0x1F,0x00,0x64,0x05,0x21,0x04,
	0x00,0x04,0x00,0x22,0x01,0x1E,0x14,0x01,
	0x00,0x1E,0x00,0x2F,0x11,0x7F,0x73,0x00,
	0x0A,0x03,0x09,0x20,0x06,0x01,0x06,0x01,
	0x0C,0x01,0x12,0x01,0x1E,0x14,0x01,0x00,
	0x1E,0x00,0x2F,0x11,0x7F,0x73,0x00,0x0C,
	0x07,0x20,0x04,0x01,0x0F,0x01,0x09,0x21,
	0x20,0x00,0x20,0x00,0x01,0x1E,0x14,0x01,
	0x00,0x1E,0x00,0x2F,0x11,0x7F,0x73,0x00,
	0x0D,0x20,0x04,0x01,0x0D,0x01,0x0E,0x09,
	0x20,0x04,0x01,0x0C,0x01,0x14,0x01,0x1E,
	0x14,0x01,0x00,0x1E,0x00,0x2F,0x11,0x7F,
	0x73,0x00,0x08,0x20,0x04,0x01,0x0E,0x01,
	0x0C,0x0F,0x09,0x01,0x1E,0x14,0x01,0x00,
	0x1E,0x00,0x2F,0x11,0x7F,0x73,0x00,0x0D,
	0x0E,0x20,0x04,0x01,0x15,0x01,0x05,0x20,
	0x04,0x01,0x13,0x01,0x14,0x01,0x1E,0x14,
	0x01,0x00,0x1E,0x00,0x2F,0x11,0x7F,0x73,
	0x00,0x12,0x12,0x21,0x02,0x00,0x02,0x00,
	0x20,0x0A,0x01,0x10,0x01,0x14,0x01,0x0D,
	0x01,0x03,0x01,0x04,0x01,0x1E,0x14,0x01,
	0x00,0x1E,0x00,0x2F,0x11,0x7F,0x73,0x00,
	0x06,0x20,0x04,0x01,0x1C,0x01,0x16,0x01,
	0x1E,0x14,0x01,0x00,0x1E,0x00,0x2F,0x11,
	0x7F,0x73,0x00,0x09,0x09,0x20,0x06,0x01,
	0x04,0x01,0x07,0x01,0x10,0x01,0x1E,0x14,
	0x01,0x00,0x1E,0x00,0x2F,0x03,0x7F,0x73,
	0x00,0x01,0x1E,0x14,0x01,0x00,0x00,0x01,
	0x2F,0x7B,0x73,0x06,0x7D,0x00,0x01,0x22,
	0x14,0x01,0x00,0x00,0x0B,0x2F,0x7B,0x73,
	0x06,0x7D,0x00,0x01,0x22,0x15,0x01,0x00,
	0x00,0x0B,0x00,0x01,0x22,0x15,0x01,0x00,
	0x00,0x25,0x08,0x00,0x15,0x01,0x00,0x00,
	0x0B,0x00,0x01,0x22,0x15,0x01,0x00,0x00,
	0x0B,0x00,0x17,0x01,0x00,0x00,0x11,0x18,
	0x7B,0x73,0x06,0x7D,0x00,0x01,0x22,0x17,
	0x01,0x00,0x00,0x0A,0x00,0x01,0x22,0x1A,
	0x01,0x00,0x00,0x11,0x2A,0x7B,0x73,0x06,
	0x7D,0x00,0x01,0x22,0x01,0x02,0x00,0x1E,
	0x00,0x32,0x05,0x2E,0x7B,0x73,0x00,0x01,
	0x1E,0x05,0x02,0x00,0x00,0x30,0x04,0x2E,
	0x7D,0x73,0x00,0x01,0x22,0x05,0x21,0x04,
	0x00,0x04,0x00,0x05,0x02,0x00,0x00,0x18,
	0x12,0x2E,0x00,0x01,0x22,0x09,0x02,0x00,
	0x00,0x0B,0x01,0x2E,0x00,0x09,0x02,0x00,
	0x00,0x86,0x11,0x07,0x2E,0x00,0x0F,0x02,
	0x00,0x1E,0x00,0x29,0x31,0x06,0x2E,0x7B,
	0x73,0x00,0x01,0x1E,0x0F,0x02,0x00,0x1E,
	0x00,0x0C,0x2E,0x7B,0x73,0x00,0x01,0x1E,
	0x12,0x02,0x00,0x00,0x1A,0x2E,0x00,0x01,
	0x22,0x12,0x02,0x00,0x00,0x2C,0x1A,0x2E,
	0x00,0x12,0x02,0x00,0x00,0x1A,0x2E,0x00,
	0x01,0x22,0x12,0x02,0x00,0x00,0x2C,0x1A,
	0x2E,0x00,0x15,0x02,0x00,0x00,0x02,0x2E,
	0x00,0x01,0x03,0x00,0x1E,0x00,0x2D,0x05,
	0x31,0x7F,0x73,0x00,0x01,0x1E,0x01,0x03,
	0x00,0x1E,0x00,0x1A,0x06,0x31,0x73,0x00,
	0x01,0x1E,0x01,0x03,0x00,0x1E,0x00,0x2F,
	0x05,0x31,0x7B,0x73,0x00,0x01,0x1E,0x03,
	0x03,0x00,0x00,0x86,0x11,0x31,0x00,0x03,
	0x03,0x00,0x00,0x31,0x00,0x08,0x03,0x00,
	0x00,0x0B,0x36,0x00,0x01,0x22,0x08,0x03,
	0x00,0x00,0x2F,0x31,0x00,0x09,0x03,0x00,
	0x00,0x11,0x36,0x73,0x00,0x09,0x03,0x00,
	0x00,0x04,0x36,0x00,0x01,0x22,0x09,0x03,
	0x00,0x00,0x0F,0x29,0x00,0x01,0x22,0x0B,
	0x03,0x00,0x00,0x01,0x31,0x29,0x2F,0x7E,
	0x00,0x01,0x22,0x0B,0x03,0x00,0x00,0x01,
	0x31,0x29,0x2F,0x00,0x01,0x22,0x0F,0x03,
	0x00,0x00,0x1A,0x8B,0x11,0x31,0x7D,0x00,
	0x01,0x22,0x12,0x03,0x00,0x00,0x0E,0x1A,
	0x31,0x00,0x0A,0x21,0x04,0x00,0x04,0x00,
	0x21,0x02,0x00,0x02,0x00,0x15,0x03,0x00,
	0x00,0x10,0x31,0x7F,0x00,0x01,0x1E,0x19,
	0x03,0x00,0x00,0x31,0x02,0x36,0x7E,0x00,
	0x01,0x22,0x01,0x04,0x00,0x1E,0x00,0x03,
	0x30,0x7B,0x73,0x00,0x01,0x1E,0x09,0x04,
	0x00,0x00,0x85,0x11,0x07,0x30,0x00,0x01,
	0x22,0x09,0x04,0x00,0x00,0x11,0x7B,0x73,
	0x07,0x30,0x7B,0x73,0x00,0x01,0x22,0x05,
	0x21,0x01,0x00,0x01,0x00,0x09,0x04,0x00,
	0x00,0x01,0x30,0x00,0x01,0x22,0x09,0x04,
	0x00,0x00,0x11,0x7B,0x73,0x07,0x30,0x7B,
	0x73,0x00,0x01,0x22,0x05,0x21,0x01,0x00,
	0x01,0x00,0x09,0x04,0x00,0x00,0x29,0x82,
	0x12,0x30,0x00,0x01,0x22,0x0F,0x04,0x00,
	0x1E,0x00,0x1F,0x11,0x30,0x7B,0x73,0x00,
	0x01,0x1E,0x12,0x04,0x00,0x00,0x37,0x00,
	0x12,0x04,0x00,0x00,0x37,0x00,0x15,0x04,
	0x00,0x00,0x86,0x0B,0x0E,0x30,0x00,0x01,
	0x22,0x01,0x05,0x00,0x00,0x22,0x01,0x7E,
	0x00,0x06,0x12,0x21,0x02,0x00,0x02,0x00,
	0x01,0x1E,0x01,0x05,0x00,0x00,0x0F,0x00,
	0x01,0x22,0x09,0x20,0x07,0x01,0x0E,0x01,
	0x0C,0x02,0x14,0x08,0x01,0x05,0x00,0x00,
	0x74,0x1A,0x01,0x00,0x01,0x22,0x01,0x05,
	0x00,0x00,0x0B,0x00,0x01,0x05,0x00,0x00,
	0x0B,0x7D,0x00,0x01,0x1E,0x01,0x05,0x00,
	0x00,0x10,0x00,0x03,0x05,0x00,0x00,0x2F,
	0x31,0x04,0x7D,0x00,0x01,0x1E,0x04,0x05,
	0x00,0x00,0x0B,0x30,0x7B,0x73,0x03,0x7D,
	0x00,0x01,0x22,0x04,0x05,0x00,0x00,0x12,
	0x37,0x04,0x00,0x01,0x22,0x05,0x05,0x00,
	0x00,0x20,0x01,0x7D,0x00,0x01,0x1E,0x05,
	0x05,0x00,0x00,0x1A,0x01,0x7D,0x00,0x01,
	0x1E,0x06,0x05,0x00,0x00,0x07,0x25,0x7B,
	0x73,0x12,0x00,0x01,0x1E,0x09,0x05,0x00,
	0x00,0x03,0x00,0x05,0x21,0x00,0x80,0x00,
	0x80,0x01,0x22,0x0D,0x05,0x00,0x00,0x1F,
	0x01,0x00,0x01,0x1E,0x0E,0x05,0x00,0x00,
	0x30,0x20,0x12,0x7B,0x00,0x06,0x20,0x04,
	0x01,0x07,0x01,0x04,0x01,0x1E,0x0E,0x05,
	0x00,0x00,0x30,0x20,0x04,0x7D,0x00,0x05,
	0x21,0x04,0x00,0x04,0x00,0x01,0x1E,0x0E,
	0x05,0x00,0x00,0x20,0x01,0x00,0x0A,0x1F,
	0x01,0x63,0x05,0x21,0x04,0x00,0x04,0x00,
	0x22,0x01,0x1E,0x0E,0x05,0x00,0x00,0x20,
	0x01,0x7F,0x00,0x01,0x1E,0x0E,0x05,0x00,
	0x00,0x21,0x02,0x7B,0x00,0x01,0x0C,0x0E,
	0x05,0x00,0x00,0x2F,0x20,0x04,0x00,0x0A,
	0x1F,0x01,0x63,0x05,0x21,0x04,0x00,0x04,
	0x00,0x22,0x01,0x1E,0x0E,0x05,0x00,0x05,
	0x1E,0x00,0x2F,0x24,0x7B,0x73,0x00,0x0F,
	0x20,0x08,0x01,0x03,0x01,0x0C,0x01,0x04,
	0x01,0x07,0x21,0x02,0x00,0x02,0x00,0x01,
	0x1E,0x0E,0x05,0x00,0x00,0x2F,0x20,0x84,
	0x11,0x7B,0x00,0x01,0x1E,0x10,0x05,0x00,
	0x00,0x82,0x12,0x2D,0x84,0x12,0x00,0x01,
	0x22,0x12,0x05,0x00,0x00,0x01,0x1A,0x04,
	0x00,0x0A,0x1F,0x01,0x63,0x05,0x21,0x04,
	0x00,0x04,0x00,0x22,0x01,0x1E,0x12,0x05,
	0x00,0x05,0x1E,0x00,0x01,0x7B,0x73,0x0F,
	0x7E,0x73,0x00,0x13,0x20,0x0C,0x01,0x16,
	0x01,0x0E,0x01,0x03,0x01,0x10,0x01,0x0B,
	0x01,0x04,0x21,0x02,0x00,0x02,0x00,0x01,
	0x1E,0x12,0x05,0x00,0x00,0x01,0x7B,0x73,
	0x0F,0x7E,0x00,0x05,0x21,0x04,0x00,0x04,
	0x00,0x01,0x1E,0x13,0x05,0x00,0x00,0x01,
	0x73,0x2A,0x03,0x73,0x00,0x01,0x22,0x13,
	0x05,0x00,0x00,0x2A,0x01,0x7D,0x00,0x05,
	0x21,0x04,0x00,0x04,0x00,0x01,0x1E,0x13,
	0x05,0x00,0x00,0x29,0x04,0x00,0x0A,0x1F,
	0x01,0x63,0x05,0x21,0x04,0x00,0x04,0x00,
	0x22,0x01,0x1E,0x13,0x05,0x00,0x00,0x29,
	0x84,0x12,0x7B,0x00,0x01,0x1E,0x13,0x05,
	0x00,0x00,0x2F,0x29,0x11,0x7B,0x73,0x00,
	0x01,0x0B,0x01,0x22,0x14,0x05,0x00,0x00,
	0x2F,0x01,0x7D,0x00,0x0A,0x21,0x04,0x00,
	0x04,0x00,0x21,0x00,0x80,0x00,0x80,0x01,
	0x1E,0x15,0x05,0x00,0x00,0x1F,0x11,0x7B,
	0x73,0x01,0x7D,0x00,0x01,0x13,0x01,0x1E,
	0x15,0x05,0x00,0x00,0x1F,0x11,0x7B,0x73,
	0x01,0x7E,0x00,0x01,0x1E,0x15,0x05,0x00,
	0x00,0x0F,0x00,0x15,0x05,0x00,0x00,0x1A,
	0x11,0x7D,0x00,0x01,0x1E,0x15,0x05,0x00,
	0x00,0x0B,0x73,0x00,0x15,0x05,0x00,0x00,
	0x0B,0x73,0x00,0x19,0x05,0x00,0x1E,0x00,
	0x07,0x00,0x0C,0x06,0x00,0x1E,0x00,0x07,
	0x1B,0x25,0x73,0x00,0x01,0x1E,0x15,0x06,
	0x00,0x1E,0x00,0x22,0x25,0x7F,0x73,0x00,
	0x01,0x1E,0x05,0x07,0x00,0x00,0x86,0x11,
	0x01,0x37,0x00,0x01,0x22,0x05,0x1B,0x00,
	0x00,0x1A,0x03,0x18,0x32,0x00,0x01,0x22,
	0x08,0x07,0x00,0x00,0x2E,0x00,0x08,0x07,
	0x00,0x00,0x2F,0x00,0x09,0x07,0x00,0x00,
	0x86,0x11,0x37,0x73,0x00,0x09,0x07,0x00,
	0x00,0x0E,0x37,0x73,0x00,0x0C,0x07,0x00,
	0x00,0x19,0x1B,0x32,0x00,0x05,0x21,0x02,
	0x00,0x02,0x00,0x0E,0x07,0x00,0x00,0x19,
	0x20,0x00,0x01,0x22,0x15,0x08,0x00,0x00,
	0x1F,0x10,0x1C,0x00,0x05,0x21,0x02,0x00,
	0x02,0x00,0x01,0x09,0x00,0x05,0x1E,0x00,
	0x31,0x05,0x7B,0x73,0x01,0x7E,0x73,0x00,
	0x0B,0x20,0x04,0x01,0x04,0x01,0x0E,0x21,
	0x02,0x00,0x02,0x00,0x01,0x1E,0x01,0x09,
	0x00,0x00,0x31,0x05,0x7B,0x73,0x01,0x7E,
	0x00,0x01,0x1E,0x01,0x09,0x00,0x00,0x31,
	0x05,0x7B,0x73,0x01,0x7E,0x00,0x01,0x22,
	0x01,0x09,0x00,0x00,0x1B,0x07,0x00,0x0A,
	0x1F,0x01,0x63,0x05,0x21,0x04,0x00,0x04,
	0x00,0x1E,0x01,0x1E,0x01,0x09,0x00,0x05,
	0x1E,0x00,0x22,0x7B,0x73,0x01,0x7E,0x73,
	0x00,0x13,0x20,0x0C,0x01,0x0C,0x01,0x02,
	0x01,0x04,0x01,0x12,0x01,0x10,0x01,0x0E,
	0x21,0x02,0x00,0x02,0x00,0x01,0x1E,0x01,
	0x09,0x00,0x00,0x22,0x01,0x7E,0x00,0x01,
	0x1E,0x01,0x09,0x00,0x05,0x1E,0x00,0x20,
	0x11,0x7B,0x73,0x01,0x7E,0x73,0x00,0x19,
	0x20,0x12,0x01,0x10,0x01,0x12,0x01,0x04,
	0x01,0x16,0x01,0x02,0x01,0x07,0x05,0x21,
	0x00,0x01,0x00,0x01,0x21,0x02,0x00,0x02,
	0x00,0x01,0x1E,0x01,0x09,0x00,0x00,0x20,
	0x11,0x7B,0x73,0x01,0x7E,0x00,0x01,0x1E,
	0x01,0x09,0x00,0x00,0x0F,0x19,0x7E,0x00,
	0x05,0x21,0x00,0x80,0x00,0x80,0x01,0x1E,
	0x03,0x09,0x00,0x00,0x11,0x31,0x7B,0x73,
	0x12,0x7E,0x00,0x05,0x21,0x00,0x80,0x00,
	0x80,0x01,0x22,0x03,0x09,0x00,0x00,0x29,
	0x07,0x00,0x0A,0x1F,0x00,0x64,0x05,0x21,
	0x04,0x00,0x04,0x00,0x22,0x01,0x1E,0x03,
	0x09,0x00,0x00,0x29,0x07,0x7B,0x00,0x0B,
	0x20,0x04,0x01,0x16,0x01,0x06,0x21,0x02,
	0x00,0x02,0x00,0x01,0x1E,0x03,0x09,0x00,
	0x05,0x1E,0x00,0x29,0x12,0x7B,0x73,0x00,
	0x0D,0x20,0x06,0x01,0x0D,0x01,0x04,0x01,
	0x14,0x21,0x02,0x00,0x02,0x00,0x01,0x1E,
	0x03,0x09,0x00,0x00,0x29,0x12,0x7B,0x00,
	0x05,0x21,0x04,0x00,0x04,0x00,0x01,0x1E,
	0x03,0x09,0x00,0x00,0x0B,0x73,0x31,0x01,
	0x73,0x00,0x01,0x22,0x04,0x09,0x00,0x00,
	0x30,0x07,0x7B,0x00,0x05,0x21,0x04,0x00,
	0x04,0x00,0x01,0x1E,0x05,0x09,0x00,0x00,
	0x1B,0x01,0x00,0x01,0x22,0x06,0x09,0x00,
	0x05,0x1E,0x00,0x07,0x25,0x7B,0x73,0x12,
	0x7B,0x73,0x00,0x0D,0x20,0x06,0x01,0x12,
	0x01,0x0E,0x01,0x14,0x21,0x02,0x00,0x02,
	0x00,0x01,0x1E,0x06,0x09,0x00,0x00,0x07,
	0x25,0x7B,0x73,0x12,0x7E,0x00,0x01,0x1E,
	0x1B,0x09,0x00,0x00,0x32,0x01,0x7D,0x00,
	0x01,0x1E,0x0F,0x09,0x00,0x00,0x20,0x11,
	0x19,0x7B,0x00,0x06,0x20,0x04,0x01,0x0C,
	0x01,0x0E,0x01,0x1E,0x0F,0x09,0x00,0x05,
	0x1E,0x00,0x20,0x12,0x7B,0x00,0x01,0x07,
	0x01,0x1E,0x0F,0x09,0x00,0x00,0x20,0x12,
	0x7B,0x00,0x01,0x08,0x01,0x1E,0x0F,0x09,
	0x00,0x00,0x20,0x11,0x7B,0x73,0x01,0x7E,
	0x00,0x05,0x21,0x00,0x80,0x00,0x80,0x0F,
	0x09,0x00,0x00,0x0F,0x07,0x00,0x0A,0x1F,
	0x01,0x63,0x05,0x21,0x04,0x00,0x04,0x00,
	0x22,0x01,0x1E,0x0F,0x09,0x00,0x05,0x1E,
	0x00,0x0F,0x19,0x7E,0x73,0x00,0x0B,0x20,
	0x04,0x01,0x16,0x01,0x0E,0x21,0x02,0x00,
	0x02,0x00,0x01,0x1E,0x0F,0x09,0x00,0x00,
	0x0F,0x01,0x7E,0x00,0x01,0x1E,0x0F,0x09,
	0x00,0x00,0x0B,0x73,0x01,0x00,0x01,0x22,
	0x1C,0x09,0x00,0x00,0x31,0x01,0x7D,0x00,
	0x01,0x1E,0x0C,0x09,0x00,0x00,0x22,0x7B,
	0x00,0x13,0x20,0x0C,0x01,0x14,0x01,0x02,
	0x01,0x07,0x01,0x12,0x01,0x03,0x01,0x13,
	0x21,0x00,0x80,0x00,0x80,0x01,0x1E,0x0C,
	0x09,0x00,0x00,0x1B,0x07,0x7B,0x00,0x01,
	0x1E,0x0C,0x09,0x00,0x00,0x01,0x1B,0x02,
	0x00,0x0A,0x1F,0x01,0x63,0x05,0x21,0x04,
	0x00,0x04,0x00,0x22,0x01,0x1E,0x0C,0x09,
	0x00,0x00,0x01,0x22,0x7B,0x73,0x00,0x05,
	0x21,0x04,0x00,0x04,0x00,0x01,0x1E,0x0E,
	0x09,0x00,0x00,0x01,0x73,0x20,0x01,0x73,
	0x00,0x01,0x22,0x0E,0x09,0x00,0x00,0x20,
	0x07,0x00,0x0A,0x1F,0x01,0x63,0x05,0x21,
	0x04,0x00,0x04,0x00,0x1E,0x01,0x1E,0x0E,
	0x09,0x00,0x00,0x20,0x01,0x7B,0x00,0x0A,
	0x20,0x08,0x01,0x1A,0x01,0x14,0x01,0x12,
	0x01,0x13,0x01,0x1E,0x0E,0x09,0x00,0x00,
	0x20,0x82,0x12,0x7B,0x00,0x0A,0x20,0x08,
	0x01,0x0D,0x01,0x07,0x01,0x03,0x01,0x0E,
	0x01,0x1E,0x0E,0x09,0x00,0x00,0x20,0x07,
	0x7B,0x00,0x05,0x21,0x04,0x00,0x04,0x00,
	0x01,0x1E,0x0E,0x09,0x00,0x00,0x01,0x7B,
	0x73,0x20,0x01,0x7D,0x00,0x01,0x1E,0x0E,
	0x09,0x00,0x00,0x0B,0x7B,0x73,0x20,0x01,
	0x7D,0x00,0x01,0x22,0x13,0x09,0x00,0x00,
	0x29,0x12,0x7E,0x00,0x06,0x0D,0x21,0x02,
	0x00,0x02,0x00,0x01,0x1E,0x13,0x09,0x00,
	0x00,0x29,0x07,0x7B,0x00,0x06,0x20,0x04,
	0x01,0x04,0x01,0x03,0x01,0x1E,0x13,0x09,
	0x00,0x00,0x2A,0x07,0x7D,0x00,0x0A,0x1F,
	0x01,0x63,0x05,0x21,0x04,0x00,0x04,0x00,
	0x22,0x01,0x1E,0x13,0x09,0x00,0x00,0x2A,
	0x07,0x7D,0x00,0x0B,0x21,0x04,0x00,0x04,
	0x00,0x21,0x00,0x80,0x00,0x80,0x22,0x01,
	0x1E,0x13,0x09,0x00,0x00,0x2A,0x07,0x7B,
	0x00,0x05,0x21,0x04,0x00,0x04,0x00,0x01,
	0x1E,0x13,0x09,0x00,0x00,0x2B,0x02,0x00,
	0x0A,0x1F,0x00,0x64,0x05,0x21,0x04,0x00,
	0x04,0x00,0x22,0x01,0x1E,0x13,0x09,0x00,
	0x05,0x1E,0x00,0x2B,0x12,0x7E,0x73,0x00,
	0x12,0x20,0x06,0x01,0x16,0x01,0x04,0x01,
	0x10,0x21,0x02,0x00,0x02,0x00,0x21,0x04,
	0x00,0x04,0x00,0x01,0x1E,0x13,0x09,0x00,
	0x1E,0x00,0x2B,0x12,0x7E,0x73,0x00,0x01,
	0x1E,0x13,0x09,0x00,0x1E,0x00,0x1F,0x11,
	0x2A,0x82,0x12,0x7B,0x73,0x00,0x01,0x1E,
	0x13,0x09,0x00,0x00,0x86,0x11,0x29,0x07,
	0x00,0x01,0x22,0x13,0x09,0x00,0x1E,0x00,
	0x2F,0x29,0x82,0x12,0x7B,0x73,0x00,0x01,
	0x1E,0x14,0x09,0x00,0x00,0x2F,0x07,0x00,
	0x0A,0x1F,0x01,0x63,0x05,0x21,0x04,0x00,
	0x04,0x00,0x1E,0x01,0x1E,0x14,0x09,0x00,
	0x00,0x2F,0x12,0x7F,0x00,0x0C,0x20,0x04,
	0x01,0x13,0x01,0x0E,0x20,0x04,0x01,0x0F,
	0x01,0x09,0x01,0x1E,0x14,0x09,0x00,0x00,
	0x2F,0x07,0x7F,0x00,0x05,0x21,0x04,0x00,
	0x04,0x00,0x01,0x1E,0x14,0x09,0x00,0x00,
	0x01,0x2F,0x02,0x00,0x0A,0x1F,0x01,0x63,
	0x05,0x21,0x04,0x00,0x04,0x00,0x22,0x01,
	0x1E,0x14,0x09,0x00,0x00,0x01,0x2F,0x7B,
	0x73,0x12,0x7E,0x00,0x01,0x1E,0x15,0x09,
	0x00,0x00,0x31,0x0D,0x7B,0x73,0x01,0x7E,
	0x00,0x01,0x22,0x15,0x09,0x00,0x05,0x1E,
	0x00,0x1F,0x11,0x7B,0x73,0x01,0x7E,0x73,
	0x00,0x18,0x20,0x0C,0x01,0x0D,0x01,0x0E,
	0x01,0x0C,0x01,0x04,0x01,0x10,0x01,0x13,
	0x21,0x02,0x00,0x02,0x00,0x21,0x04,0x00,
	0x04,0x00,0x01,0x1E,0x15,0x09,0x00,0x00,
	0x1F,0x11,0x7B,0x73,0x01,0x7E,0x00,0x01,
	0x1E,0x15,0x09,0x00,0x05,0x1E,0x00,0x29,
	0x12,0x7B,0x73,0x01,0x7E,0x73,0x00,0x01,
	0x1E,0x16,0x09,0x00,0x00,0x26,0x02,0x00,
	0x09,0x20,0x06,0x01,0x07,0x01,0x0C,0x01,
	0x12,0x22,0x01,0x1E,0x16,0x09,0x00,0x00,
	0x26,0x07,0x00,0x0A,0x1F,0x01,0x63,0x05,
	0x21,0x04,0x00,0x04,0x00,0x22,0x01,0x1E,
	0x16,0x09,0x00,0x05,0x1E,0x00,0x26,0x82,
	0x12,0x7E,0x73,0x00,0x06,0x14,0x21,0x02,
	0x00,0x02,0x00,0x16,0x09,0x00,0x1E,0x00,
	0x26,0x82,0x12,0x7E,0x73,0x00,0x05,0x21,
	0x04,0x00,0x04,0x00,0x01,0x1E,0x1A,0x09,
	0x00,0x1E,0x00,0x2A,0x07,0x7B,0x73,0x00,
	0x0A,0x21,0x04,0x00,0x04,0x00,0x21,0x00,
	0x80,0x00,0x80,0x01,0x1E,0x12,0x0B,0x00,
	0x00,0x1A,0x31,0x00,0x01,0x22,0x12,0x0B,
	0x00,0x00,0x1A,0x31,0x00,0x01,0x22,0x05,
	0x0B,0x00,0x00,0x01,0x31,0x00,0x05,0x0C,
	0x00,0x00,0x2F,0x84,0x12,0x1B,0x7B,0x00,
	0x01,0x1E,0x0F,0x0C,0x00,0x00,0x32,0x0A,
	0x1B,0x7F,0x00,0x05,0x21,0x00,0x80,0x00,
	0x80,0x01,0x22,0x01,0x0D,0x00,0x00,0x31,
	0x12,0x1F,0x00,0x01,0x22,0x01,0x0D,0x00,
	0x1E,0x00,0x20,0x85,0x11,0x1F,0x7B,0x73,
	0x00,0x01,0x1E,0x05,0x0D,0x00,0x1E,0x00,
	0x20,0x04,0x1F,0x7B,0x73,0x00,0x01,0x1E,
	0x09,0x0D,0x00,0x00,0x29,0x82,0x12,0x1F,
	0x00,0x01,0x22,0x05,0x0E,0x00,0x00,0x86,
	0x0B,0x01,0x20,0x00,0x01,0x22,0x05,0x0E,
	0x00,0x00,0x0C,0x20,0x00,0x01,0x22,0x05,
	0x0E,0x00,0x00,0x0E,0x20,0x00,0x07,0x0E,
	0x00,0x00,0x37,0x20,0x00,0x01,0x1E,0x0F,
	0x0E,0x00,0x00,0x20,0x06,0x20,0x00,0x01,
	0x22,0x15,0x0E,0x00,0x1E,0x00,0x2F,0x09,
	0x20,0x7B,0x6D,0x00,0x01,0x1E,0x03,0x0F,
	0x00,0x00,0x31,0x0A,0x7B,0x00,0x01,0x1E,
	0x04,0x0F,0x00,0x1E,0x00,0x30,0x0B,0x7B,
	0x73,0x00,0x0A,0x21,0x04,0x00,0x04,0x00,
	0x21,0x00,0x80,0x00,0x80,0x01,0x1E,0x05,
	0x0F,0x00,0x00,0x11,0x7B,0x73,0x01,0x7D,
	0x73,0x00,0x05,0x0F,0x00,0x00,0x0B,0x00,
	0x06,0x0F,0x00,0x00,0x25,0x0A,0x00,0x01,
	0x22,0x06,0x0F,0x00,0x1E,0x00,0x25,0x0A,
	0x7B,0x73,0x00,0x01,0x1E,0x07,0x0F,0x00,
	0x00,0x11,0x32,0x7B,0x73,0x0B,0x7D,0x00,
	0x01,0x22,0x1B,0x0F,0x00,0x00,0x32,0x0A,
	0x7F,0x00,0x05,0x21,0x00,0x80,0x00,0x80,
	0x01,0x1E,0x08,0x0F,0x00,0x00,0x1B,0x0B,
	0x00,0x09,0x0F,0x00,0x00,0x31,0x12,0x7B,
	0x73,0x0B,0x7D,0x00,0x01,0x1E,0x09,0x0F,
	0x00,0x00,0x30,0x0C,0x00,0x01,0x1E,0x09,
	0x0F,0x00,0x00,0x06,0x18,0x00,0x01,0x22,
	0x09,0x0F,0x00,0x00,0x1A,0x06,0x18,0x7F,
	0x00,0x01,0x1E,0x09,0x0F,0x00,0x00,0x06,
	0x18,0x00,0x01,0x22,0x09,0x0F,0x00,0x00,
	0x06,0x18,0x00,0x01,0x22,0x09,0x0F,0x00,
	0x00,0x06,0x18,0x00,0x01,0x22,0x0D,0x0F,
	0x00,0x00,0x11,0x7B,0x73,0x1F,0x0B,0x7D,
	0x00,0x01,0x1E,0x0D,0x0F,0x00,0x00,0x01,
	0x7B,0x73,0x1F,0x11,0x7E,0x00,0x05,0x21,
	0x04,0x00,0x04,0x00,0x01,0x1E,0x0E,0x0F,
	0x00,0x00,0x01,0x73,0x20,0x0B,0x00,0x01,
	0x22,0x0E,0x0F,0x00,0x00,0x01,0x73,0x20,
	0x0B,0x00,0x01,0x22,0x0E,0x0F,0x00,0x00,
	0x20,0x09,0x18,0x7B,0x00,0x01,0x1E,0x01,
	0x1E,0x0E,0x0F,0x00,0x00,0x01,0x20,0x7B,
	0x73,0x0B,0x7D,0x00,0x01,0x22,0x0E,0x0F,
	0x00,0x00,0x01,0x7B,0x73,0x20,0x0B,0x00,
	0x0A,0x1F,0x01,0x63,0x05,0x21,0x04,0x00,
	0x04,0x00,0x22,0x01,0x1E,0x0E,0x0F,0x00,
	0x00,0x01,0x7B,0x73,0x20,0x11,0x7B,0x00,
	0x01,0x1E,0x0F,0x0F,0x00,0x00,0x20,0x0E,
	0x7D,0x00,0x01,0x1E,0x12,0x0F,0x00,0x00,
	0x01,0x1A,0x0B,0x00,0x0A,0x1F,0x01,0x63,
	0x05,0x21,0x04,0x00,0x04,0x00,0x22,0x01,
	0x1E,0x12,0x0F,0x00,0x00,0x01,0x1A,0x0B,
	0x7B,0x00,0x06,0x14,0x21,0x04,0x00,0x04,
	0x00,0x01,0x1E,0x12,0x0F,0x00,0x00,0x01,
	0x0F,0x7B,0x00,0x13,0x0F,0x00,0x00,0x11,
	0x29,0x7B,0x73,0x0B,0x7D,0x00,0x01,0x22,
	0x13,0x0F,0x00,0x00,0x29,0x0B,0x7B,0x00,
	0x0F,0x20,0x0D,0x02,0x0E,0x07,0x01,0x09,
	0x01,0x03,0x01,0x14,0x01,0x0D,0x01,0x04,
	0x01,0x1E,0x13,0x0F,0x00,0x00,0x01,0x7B,
	0x73,0x29,0x0B,0x7D,0x00,0x01,0x22,0x13,
	0x0F,0x00,0x00,0x01,0x7B,0x73,0x29,0x0B,
	0x7D,0x00,0x01,0x22,0x13,0x0F,0x00,0x00,
	0x29,0x0A,0x7B,0x00,0x0A,0x1F,0x01,0x63,
	0x05,0x21,0x04,0x00,0x04,0x00,0x22,0x01,
	0x1E,0x14,0x0F,0x00,0x00,0x2F,0x0B,0x7D,
	0x00,0x0A,0x1F,0x00,0x64,0x05,0x21,0x04,
	0x00,0x04,0x00,0x1E,0x01,0x1E,0x14,0x0F,
	0x00,0x00,0x0B,0x2F,0x7B,0x73,0x0B,0x7D,
	0x00,0x01,0x22,0x15,0x0F,0x00,0x00,0x01,
	0x18,0x00,0x15,0x0F,0x00,0x00,0x1A,0x0E,
	0x00,0x01,0x22,0x15,0x0F,0x00,0x05,0x1E,
	0x00,0x0F,0x7E,0x73,0x00,0x14,0x20,0x08,
	0x01,0x16,0x01,0x02,0x01,0x04,0x01,0x10,
	0x21,0x02,0x00,0x02,0x00,0x21,0x04,0x00,
	0x04,0x00,0x01,0x1E,0x15,0x0F,0x00,0x00,
	0x0F,0x7E,0x73,0x00,0x05,0x21,0x00,0x80,
	0x00,0x80,0x01,0x1E,0x15,0x0F,0x00,0x1E,
	0x00,0x29,0x11,0x7B,0x73,0x00,0x01,0x1E,
	0x15,0x0F,0x00,0x00,0x2F,0x08,0x00,0x01,
	0x22,0x15,0x0F,0x00,0x00,0x0E,0x7D,0x00,
	0x01,0x22,0x19,0x0F,0x00,0x00,0x0B,0x19,
	0x7B,0x73,0x0B,0x7D,0x00,0x01,0x22,0x05,
	0x10,0x00,0x00,0x0F,0x2D,0x00,0x01,0x22,
	0x0C,0x10,0x00,0x00,0x22,0x2D,0x7F,0x00,
	0x01,0x1E,0x0F,0x10,0x00,0x1E,0x00,0x30,
	0x06,0x2D,0x7B,0x73,0x00,0x01,0x1E,0x0F,
	0x10,0x00,0x00,0x2F,0x06,0x2D,0x7B,0x73,
	0x00,0x01,0x1E,0x05,0x1C,0x00,0x00,0x0F,
	0x31,0x00,0x01,0x1E,0x05,0x12,0x00,0x00,
	0x30,0x04,0x1A,0x00,0x01,0x22,0x05,0x21,
	0x04,0x40,0x04,0x00,0x12,0x12,0x00,0x00,
	0x1A,0x00,0x01,0x13,0x00,0x1E,0x00,0x0A,
	0x29,0x00,0x03,0x13,0x00,0x00,0x2B,0x00,
	0x03,0x13,0x00,0x00,0x2B,0x00,0x03,0x13,
	0x00,0x00,0x2B,0x00,0x01,0x1E,0x03,0x13,
	0x00,0x00,0x2B,0x00,0x01,0x22,0x05,0x21,
	0x04,0x00,0x04,0x00,0x03,0x13,0x00,0x00,
	0x31,0x29,0x00,0x05,0x13,0x00,0x00,0x01,
	0x29,0x00,0x01,0x22,0x05,0x21,0x04,0x40,
	0x04,0x00,0x09,0x13,0x00,0x00,0x11,0x2C,
	0x7E,0x00,0x01,0x1E,0x0B,0x13,0x00,0x00,
	0x01,0x31,0x29,0x00,0x01,0x22,0x0B,0x13,
	0x00,0x00,0x01,0x31,0x29,0x00,0x01,0x22,
	0x0B,0x13,0x00,0x00,0x01,0x31,0x29,0x7E,
	0x00,0x01,0x1E,0x0B,0x13,0x00,0x00,0x01,
	0x31,0x29,0x00,0x01,0x22,0x0B,0x13,0x00,
	0x00,0x07,0x31,0x29,0x00,0x01,0x22,0x0C,
	0x13,0x00,0x00,0x22,0x00,0x01,0x1E,0x09,
	0x13,0x00,0x00,0x11,0x2C,0x7E,0x00,0x01,
	0x1E,0x0E,0x13,0x00,0x00,0x20,0x00,0x01,
	0x1E,0x0F,0x13,0x00,0x00,0x20,0x89,0x11,
	0x29,0x7E,0x00,0x01,0x1E,0x01,0x1E,0x0F,
	0x13,0x00,0x00,0x24,0x2A,0x7E,0x00,0x0A,
	0x21,0x02,0x00,0x02,0x00,0x21,0x02,0x00,
	0x02,0x00,0x01,0x1E,0x0F,0x13,0x00,0x00,
	0x24,0x29,0x7F,0x00,0x01,0x1E,0x15,0x13,
	0x00,0x00,0x20,0x09,0x29,0x00,0x01,0x22,
	0x03,0x14,0x00,0x00,0x36,0x00,0x08,0x14,
	0x00,0x00,0x01,0x27,0x00,0x01,0x1E,0x09,
	0x14,0x00,0x00,0x31,0x12,0x2F,0x7E,0x00,
	0x01,0x1E,0x0F,0x14,0x00,0x00,0x20,0x11,
	0x2F,0x7F,0x73,0x00,0x01,0x1E,0x12,0x14,
	0x00,0x00,0x01,0x1A,0x2F,0x7F,0x00,0x05,
	0x21,0x00,0x80,0x00,0x80,0x01,0x1E,0x01,
	0x15,0x00,0x00,0x22,0x7B,0x73,0x0E,0x7E,
	0x00,0x01,0x1E,0x0D,0x15,0x00,0x00,0x03,
	0x1F,0x0E,0x00,0x01,0x22,0x0D,0x15,0x00,
	0x00,0x1F,0x10,0x7B,0x00,0x08,0x20,0x06,
	0x01,0x06,0x01,0x08,0x01,0x0C,0x01,0x1E,
	0x0D,0x15,0x00,0x00,0x1F,0x0E,0x7B,0x00,
	0x01,0x1E,0x0E,0x15,0x00,0x00,0x12,0x20,
	0x10,0x00,0x01,0x22,0x05,0x21,0x00,0x01,
	0x00,0x00,0x0F,0x15,0x00,0x00,0x0C,0x00,
	0x14,0x15,0x00,0x00,0x2F,0x10,0x00,0x06,
	0x21,0x04,0x10,0x04,0x00,0x22,0x01,0x1E,
	0x14,0x15,0x00,0x00,0x2F,0x10,0x7D,0x00,
	0x10,0x20,0x08,0x01,0x02,0x01,0x03,0x01,
	0x10,0x01,0x0D,0x21,0x00,0x80,0x00,0x80,
	0x22,0x01,0x1E,0x14,0x15,0x00,0x00,0x2F,
	0x10,0x7B,0x00,0x0A,0x20,0x08,0x01,0x02,
	0x01,0x03,0x01,0x10,0x01,0x0D,0x01,0x1E,
	0x14,0x15,0x00,0x00,0x2F,0x0E,0x7D,0x00,
	0x06,0x21,0x00,0x80,0x00,0x80,0x22,0x01,
	0x1E,0x14,0x15,0x00,0x00,0x2F,0x0E,0x7B,
	0x00,0x01,0x1E,0x01,0x16,0x00,0x00,0x74,
	0x20,0x05,0x26,0x00,0x01,0x22,0x01,0x17,
	0x00,0x00,0x1A,0x0B,0x18,0x00,0x01,0x22,
	0x05,0x21,0x04,0x00,0x04,0x00,0x01,0x17,
	0x00,0x1E,0x00,0x03,0x18,0x73,0x00,0x01,
	0x1E,0x0C,0x05,0x17,0x00,0x00,0x1B,0x04,
	0x18,0x00,0x01,0x22,0x0F,0x17,0x00,0x00,
	0x20,0x09,0x18,0x00,0x0F,0x17,0x00,0x00,
	0x0F,0x18,0x00,0x0F,0x1A,0x00,0x00,0x86,
	0x11,0x0B,0x2A,0x00,0x01,0x22,0x05,0x21,
	0x00,0x80,0x00,0x80,0x1A,0x1A,0x00,0x00,
	0x0B,0x2A,0x00,0x01,0x22,0x1A,0x1A,0x00,
	0x00,0x0B,0x2A,0x00,0x01,0x22,0x05,0x09,
	0x00,0x19,0x1E,0x00,0x30,0x73,0x00,0x01,
	0x1E,0x05,0x09,0x00,0x00,0x1A,0x01,0x00,
	0x06,0x21,0x04,0x00,0x04,0x00,0x22,0x01,
	0x1E,0x05,0x09,0x00,0x19,0x1E,0x00,0x1A,
	0x11,0x7B,0x73,0x00,0x01,0x1E,0x13,0x05,
	0x00,0x00,0x2F,0x29,0x04,0x00,0x0A,0x1F,
	0x00,0x64,0x05,0x21,0x04,0x00,0x04,0x00,
	0x22,0x01,0x1E,0x13,0x05,0x00,0x1E,0x00,
	0x2F,0x29,0x12,0x7B,0x73,0x00,0x0A,0x21,
	0x04,0x02,0x04,0x02,0x21,0x04,0x00,0x04,
	0x00,0x01,0x22,0x13,0x05,0x00,0x05,0x1E,
	0x00,0x2F,0x29,0x12,0x7B,0x73,0x00,0x0C,
	0x20,0x0A,0x01,0x03,0x01,0x13,0x01,0x15,
	0x01,0x16,0x01,0x1A,0x01,0x22,0x13,0x05,
	0x00,0x05,0x1E,0x00,0x2F,0x29,0x12,0x7B,
	0x73,0x00,0x15,0x0C,0x20,0x12,0x01,0x02,
	0x01,0x03,0x01,0x04,0x01,0x06,0x01,0x07,
	0x01,0x0B,0x01,0x10,0x01,0x14,0x01,0x1A,
	0x01,0x22,0x13,0x05,0x00,0x05,0x1E,0x00,
	0x2F,0x29,0x12,0x7B,0x73,0x00,0x1E,0x20,
	0x12,0x01,0x02,0x01,0x04,0x01,0x0B,0x01,
	0x0C,0x01,0x0D,0x01,0x0E,0x01,0x10,0x01,
	0x12,0x01,0x14,0x21,0x02,0x00,0x02,0x00,
	0x21,0x04,0x00,0x04,0x00,0x01,0x22,0x13,
	0x05,0x00,0x1E,0x00,0x2F,0x29,0x12,0x7B,
	0x73,0x00,0x01,0x22,0x0E,0x09,0x00,0x00,
	0x21,0x02,0x00,0x0A,0x1F,0x00,0x64,0x05,
	0x21,0x04,0x00,0x04,0x00,0x22,0x01,0x1E,
	0x0E,0x09,0x00,0x1E,0x00,0x21,0x12,0x7B,
	0x73,0x00,0x0A,0x21,0x04,0x02,0x04,0x02,
	0x21,0x04,0x00,0x04,0x00,0x01,0x1E,0x0E,
	0x09,0x00,0x05,0x1E,0x00,0x21,0x12,0x7B,
	0x73,0x00,0x03,0x07,0x0E,0x05,0x01,0x1E,
	0x0E,0x09,0x00,0x05,0x1E,0x00,0x21,0x12,
	0x7B,0x73,0x00,0x05,0x07,0x0E,0x0F,0x10,
	0x13,0x01,0x1E,0x0E,0x09,0x00,0x05,0x1E,
	0x00,0x21,0x12,0x7B,0x73,0x00,0x03,0x07,
	0x0E,0x15,0x01,0x1E,0x0E,0x09,0x00,0x05,
	0x1E,0x00,0x21,0x12,0x7B,0x73,0x00,0x0E,
	0x14,0x13,0x01,0x20,0x08,0x01,0x02,0x01,
	0x10,0x01,0x14,0x01,0x17,0x22,0x01,0x22,
	0x0E,0x09,0x00,0x05,0x1E,0x00,0x21,0x12,
	0x7B,0x73,0x00,0x11,0x07,0x0E,0x01,0x20,
	0x0C,0x02,0x08,0x03,0x02,0x0C,0x06,0x01,
	0x04,0x01,0x0D,0x01,0x12,0x01,0x1E,0x0E,
	0x09,0x00,0x05,0x1E,0x00,0x21,0x12,0x7B,
	0x73,0x00,0x1D,0x07,0x0E,0x09,0x20,0x18,
	0x03,0x10,0x0D,0x09,0x02,0x17,0x14,0x02,
	0x12,0x03,0x02,0x12,0x05,0x02,0x12,0x06,
	0x01,0x08,0x01,0x07,0x01,0x13,0x01,0x14,
	0x01,0x1E,0x0E,0x09,0x00,0x1E,0x00,0x21,
	0x12,0x7B,0x73,0x00,0x02,0x07,0x0E,0x01,
	0x1E,0x0E,0x09,0x00,0x05,0x1E,0x00,0x21,
	0x12,0x7B,0x73,0x00,0x0E,0x20,0x0C,0x01,
	0x03,0x01,0x07,0x01,0x13,0x01,0x15,0x01,
	0x16,0x01,0x1A,0x01,0x1E,0x0E,0x09,0x00,
	0x05,0x1E,0x00,0x21,0x12,0x7B,0x73,0x00,
	0x15,0x0C,0x20,0x12,0x01,0x02,0x01,0x03,
	0x01,0x04,0x01,0x06,0x01,0x07,0x01,0x0B,
	0x01,0x10,0x01,0x14,0x01,0x1A,0x01,0x1E,
	0x0E,0x09,0x00,0x05,0x1E,0x00,0x21,0x12,
	0x7B,0x73,0x00,0x1E,0x20,0x12,0x01,0x02,
	0x01,0x04,0x01,0x0B,0x01,0x0C,0x01,0x0D,
	0x01,0x0E,0x01,0x10,0x01,0x12,0x01,0x14,
	0x21,0x02,0x00,0x02,0x00,0x21,0x04,0x00,
	0x04,0x00,0x01,0x1E,0x0E,0x09,0x00,0x1E,
	0x00,0x21,0x12,0x7B,0x73,0x00,0x01,0x1E,
	0x05,0x09,0x00,0x19,0x1E,0x00,0x2A,0x00,
	0x01,0x22,0x01,0x00,0x00,0x06,0x7D,0x00,
	0x01,0x00,0x00,0x03,0x06,0x00,0x01,0x00,
	0x00,0x04,0x00,0x01,0x00,0x00,0x04,0x06,
	0x00,0x01,0x00,0x00,0x07,0x00,0x01,0x22,
	0x01,0x00,0x00,0x07,0x00,0x01,0x22,0x01,
	0x00,0x00,0x03,0x00,0x06,0x20,0x04,0x01,
	0x12,0x01,0x0C,0x01,0x00,0x00,0x11,0x00,
	0x01,0x22,0x03,0x13,0x14,0x08,0x01,0x00,
	0x00,0x81,0x11,0x00,0x01,0x00,0x00,0x06,
	0x00,0x01,0x00,0x00,0x86,0x11,0x00,0x01,
	0x22,0x01,0x00,0x00,0x01,0x06,0x00,0x01,
	0x00,0x00,0x01,0x06,0x00,0x01,0x00,0x00,
	0x07,0x00,0x01,0x00,0x00,0x07,0x73,0x00,
	0x05,0x21,0x02,0x00,0x02,0x00,0x01,0x00,
	0x00,0x07,0x00,0x01,0x00,0x00,0x04,0x00,
	0x01,0x00,0x00,0x83,0x11,0x00,0x01,0x00,
	0x00,0x07,0x00,0x01,0x00,0x00,0x1B,0x05,
	0x00,0x0A,0x1F,0x00,0x64,0x05,0x21,0x04,
	0x00,0x04,0x00,0x22,0x01,0x1E,0x01,0x00,
	0x05,0x1E,0x00,0x1B,0x85,0x11,0x7B,0x73,
	0x00,0x10,0x21,0x04,0x00,0x04,0x00,0x21,
	0x02,0x00,0x02,0x00,0x21,0x04,0x00,0x04,
	0x00,0x22,0x01,0x1E,0x01,0x00,0x00,0x1B,
	0x85,0x11,0x7B,0x00,0x05,0x21,0x04,0x00,
	0x04,0x00,0x01,0x1E,0x01,0x00,0x00,0x0B,
	0x06,0x00,0x01,0x00,0x00,0x08,0x00,0x01,
	0x1E,0x01,0x00,0x00,0x1A,0x86,0x11,0x7B,
	0x73,0x00,0x0A,0x21,0x04,0x00,0x04,0x00,
	0x21,0x00,0x80,0x00,0x80,0x01,0x1E,0x01,
	0x00,0x00,0x0E,0x06,0x00,0x01,0x00,0x00,
	0x08,0x00,0x01,0x00,0x00,0x08,0x00,0x01,
	0x00,0x00,0x0B,0x00,0x01,0x00,0x00,0x08,
	0x00,0x01,0x00,0x00,0x0B,0x00,0x08,0x20,
	0x06,0x01,0x06,0x01,0x16,0x01,0x12,0x01,
	0x00,0x00,0x08,0x00,0x01,0x22,0x01,0x00,
	0x00,0x0A,0x00,0x01,0x00,0x00,0x18,0x06,
	0x00,0x01,0x00,0x00,0x26,0x06,0x00,0x01,
	0x00,0x00,0x0A,0x00,0x0A,0x1F,0x01,0x63,
	0x05,0x21,0x04,0x00,0x04,0x00,0x1E,0x01,
	0x00,0x00,0x0A,0x00,0x0A,0x1F,0x00,0x01,
	0x05,0x21,0x04,0x00,0x04,0x00,0x1E,0x01,
	0x00,0x00,0x19,0x06,0x00,0x01,0x00,0x00,
	0x07,0x00,0x01,0x00,0x00,0x03,0x00,0x02,
	0x00,0x00,0x07,0x2E,0x00,0x01,0x22,0x15,
	0x20,0x0E,0x01,0x04,0x01,0x06,0x01,0x0C,
	0x01,0x0E,0x01,0x10,0x01,0x12,0x01,0x13,
	0x21,0x02,0x00,0x02,0x00,0x02,0x00,0x00,
	0x07,0x2E,0x00,0x01,0x22,0x15,0x20,0x0E,
	0x01,0x04,0x01,0x06,0x01,0x0C,0x01,0x0E,
	0x01,0x10,0x01,0x12,0x01,0x13,0x21,0x02,
	0x00,0x02,0x00,0x02,0x00,0x00,0x19,0x2E,
	0x00,0x02,0x00,0x00,0x2F,0x00,0x01,0x1E,
	0x02,0x00,0x00,0x2F,0x00,0x01,0x1E,0x03,
	0x00,0x00,0x36,0x00,0x06,0x20,0x04,0x01,
	0x05,0x01,0x09,0x03,0x00,0x00,0x31,0x00,
	0x03,0x00,0x00,0x36,0x00,0x03,0x00,0x00,
	0x31,0x00,0x03,0x00,0x00,0x36,0x00,0x01,
	0x22,0x03,0x00,0x00,0x1C,0x00,0x03,0x00,
	0x00,0x2B,0x00,0x03,0x00,0x00,0x36,0x00,
	0x03,0x00,0x00,0x31,0x00,0x0F,0x20,0x04,
	0x01,0x05,0x01,0x0F,0x1F,0x01,0x63,0x05,
	0x21,0x04,0x00,0x04,0x00,0x01,0x1E,0x03,
	0x00,0x00,0x31,0x00,0x01,0x22,0x06,0x0F,
	0x21,0x20,0x00,0x20,0x00,0x03,0x00,0x00,
	0x31,0x00,0x08,0x20,0x06,0x01,0x0C,0x01,
	0x0E,0x01,0x12,0x03,0x00,0x00,0x31,0x00,
	0x01,0x22,0x02,0x05,0x0D,0x03,0x00,0x00,
	0x31,0x00,0x03,0x12,0x0F,0x22,0x03,0x00,
	0x00,0x36,0x00,0x03,0x00,0x00,0x36,0x00,
	0x05,0x21,0x02,0x00,0x02,0x00,0x03,0x00,
	0x00,0x31,0x29,0x00,0x03,0x00,0x00,0x31,
	0x00,0x03,0x00,0x00,0x07,0x29,0x7D,0x00,
	0x01,0x22,0x08,0x20,0x06,0x01,0x01,0x01,
	0x03,0x01,0x10,0x03,0x00,0x00,0x2A,0x00,
	0x01,0x1E,0x03,0x00,0x00,0x36,0x00,0x03,
	0x00,0x00,0x36,0x00,0x04,0x00,0x00,0x01,
	0x30,0x00,0x01,0x22,0x05,0x21,0x04,0x10,
	0x04,0x00,0x04,0x00,0x00,0x37,0x00,0x04,
	0x00,0x00,0x37,0x00,0x04,0x00,0x00,0x2F,
	0x00,0x01,0x22,0x04,0x00,0x00,0x2F,0x00,
	0x01,0x22,0x04,0x00,0x00,0x37,0x00,0x04,
	0x00,0x00,0x37,0x00,0x05,0x00,0x00,0x01,
	0x00,0x0A,0x1F,0x01,0x63,0x05,0x21,0x04,
	0x00,0x04,0x00,0x1E,0x01,0x1E,0x05,0x00,
	0x00,0x11,0x01,0x00,0x05,0x21,0x00,0x80,
	0x00,0x80,0x01,0x1E,0x05,0x00,0x00,0x04,
	0x00,0x04,0x13,0x15,0x12,0x05,0x05,0x00,
	0x00,0x04,0x00,0x02,0x04,0x1E,0x05,0x00,
	0x00,0x03,0x00,0x08,0x20,0x06,0x02,0x12,
	0x02,0x02,0x14,0x13,0x02,0x0B,0x1E,0x05,
	0x00,0x00,0x03,0x00,0x0E,0x20,0x0B,0x02,
	0x17,0x13,0x01,0x02,0x01,0x10,0x01,0x14,
	0x01,0x17,0x1E,0x02,0x12,0x1E,0x05,0x00,
	0x00,0x01,0x00,0x0A,0x20,0x08,0x01,0x1C,
	0x02,0x08,0x13,0x02,0x12,0x17,0x05,0x00,
	0x00,0x04,0x00,0x05,0x21,0x04,0x10,0x04,
	0x00,0x08,0x20,0x06,0x03,0x0E,0x13,0x05,
	0x01,0x04,0x05,0x00,0x00,0x04,0x00,0x07,
	0x1F,0x00,0x01,0x01,0x0C,0x14,0x08,0x05,
	0x00,0x00,0x04,0x00,0x02,0x08,0x22,0x01,
	0x16,0x05,0x00,0x00,0x04,0x00,0x07,0x20,
	0x04,0x01,0x0A,0x01,0x1A,0x22,0x05,0x21,
	0x01,0x00,0x01,0x00,0x05,0x00,0x00,0x11,
	0x00,0x06,0x12,0x21,0x04,0x00,0x04,0x00,
	0x05,0x00,0x00,0x81,0x11,0x00,0x05,0x00,
	0x00,0x01,0x7D,0x00,0x0E,0x20,0x0C,0x01,
	0x15,0x01,0x19,0x01,0x03,0x01,0x0E,0x01,
	0x12,0x01,0x13,0x01,0x1E,0x05,0x00,0x00,
	0x01,0x00,0x05,0x00,0x00,0x01,0x03,0x00,
	0x05,0x00,0x00,0x07,0x00,0x05,0x00,0x00,
	0x07,0x00,0x05,0x00,0x00,0x01,0x03,0x00,
	0x05,0x00,0x00,0x07,0x00,0x01,0x08,0x05,
	0x00,0x00,0x83,0x11,0x00,0x06,0x20,0x04,
	0x01,0x16,0x01,0x12,0x06,0x20,0x04,0x01,
	0x0E,0x01,0x0C,0x05,0x00,0x00,0x83,0x11,
	0x00,0x07,0x07,0x20,0x04,0x01,0x08,0x01,
	0x0E,0x05,0x00,0x00,0x81,0x11,0x00,0x05,
	0x00,0x00,0x03,0x00,0x05,0x00,0x00,0x31,
	0x04,0x00,0x01,0x22,0x05,0x00,0x00,0x1B,
	0x04,0x00,0x01,0x22,0x05,0x00,0x00,0x20,
	0x84,0x12,0x00,0x01,0x22,0x05,0x00,0x00,
	0x20,0x04,0x00,0x0A,0x1F,0x01,0x63,0x05,
	0x21,0x04,0x00,0x04,0x00,0x22,0x01,0x1E,
	0x05,0x00,0x05,0x1E,0x00,0x20,0x12,0x7B,
	0x73,0x00,0x09,0x20,0x02,0x01,0x0B,0x21,
	0x02,0x00,0x02,0x00,0x01,0x1E,0x05,0x00,
	0x05,0x1E,0x00,0x24,0x7B,0x73,0x00,0x15,
	0x20,0x0E,0x01,0x16,0x01,0x04,0x01,0x10,
	0x01,0x12,0x01,0x0D,0x01,0x14,0x01,0x13,
	0x21,0x02,0x00,0x02,0x00,0x01,0x1E,0x05,
	0x00,0x1E,0x00,0x24,0x73,0x00,0x05,0x21,
	0x04,0x00,0x04,0x00,0x01,0x1E,0x05,0x00,
	0x00,0x0B,0x73,0x01,0x00,0x01,0x22,0x05,
	0x00,0x00,0x0B,0x03,0x00,0x05,0x00,0x00,
	0x0B,0x01,0x7B,0x00,0x01,0x1E,0x05,0x00,
	0x00,0x11,0x01,0x00,0x0F,0x21,0x04,0x02,
	0x04,0x02,0x21,0x04,0x00,0x04,0x00,0x21,
	0x02,0x00,0x02,0x00,0x02,0x0E,0x22,0x05,
	0x00,0x00,0x04,0x00,0x07,0x20,0x04,0x01,
	0x0A,0x01,0x0C,0x22,0x05,0x00,0x00,0x06,
	0x01,0x00,0x0A,0x1F,0x01,0x01,0x05,0x21,
	0x04,0x00,0x04,0x00,0x22,0x01,0x0E,0x05,
	0x00,0x00,0x01,0x00,0x02,0x10,0x22,0x05,
	0x00,0x00,0x86,0x11,0x01,0x00,0x05,0x00,
	0x00,0x0E,0x03,0x00,0x05,0x00,0x00,0x0C,
	0x00,0x05,0x00,0x00,0x0E,0x00,0x05,0x00,
	0x00,0x0E,0x00,0x05,0x00,0x00,0x0E,0x19,
	0x00,0x0A,0x20,0x08,0x01,0x08,0x01,0x10,
	0x01,0x06,0x01,0x22,0x05,0x00,0x00,0x0E,
	0x00,0x05,0x00,0x00,0x18,0x03,0x00,0x05,
	0x00,0x00,0x0B,0x00,0x02,0x13,0x22,0x01,
	0x1E,0x05,0x00,0x00,0x0E,0x19,0x00,0x0E,
	0x20,0x0C,0x01,0x22,0x01,0x06,0x01,0x08,
	0x01,0x0B,0x01,0x0D,0x01,0x10,0x05,0x00,
	0x00,0x0E,0x00,0x05,0x00,0x05,0x1E,0x00,
	0x29,0x31,0x04,0x7B,0x00,0x11,0x20,0x0A,
	0x01,0x10,0x01,0x02,0x01,0x14,0x01,0x04,
	0x01,0x12,0x21,0x02,0x00,0x02,0x00,0x01,
	0x1E,0x05,0x00,0x00,0x29,0x31,0x04,0x7B,
	0x00,0x01,0x1E,0x05,0x00,0x00,0x03,0x00,
	0x0A,0x1F,0x01,0x63,0x05,0x21,0x04,0x00,
	0x04,0x00,0x22,0x01,0x1E,0x05,0x00,0x00,
	0x03,0x7D,0x00,0x08,0x20,0x06,0x01,0x16,
	0x03,0x02,0x0F,0x1E,0x01,0x1E,0x05,0x00,
	0x00,0x01,0x7B,0x00,0x01,0x1E,0x05,0x00,
	0x00,0x03,0x00,0x0A,0x1F,0x01,0x63,0x05,
	0x21,0x04,0x00,0x04,0x00,0x22,0x01,0x22,
	0x05,0x00,0x00,0x83,0x01,0x00,0x05,0x00,
	0x00,0x2A,0x04,0x7E,0x00,0x01,0x22,0x05,
	0x00,0x00,0x2A,0x04,0x7E,0x00,0x01,0x22,
	0x06,0x00,0x00,0x19,0x25,0x00,0x06,0x00,
	0x00,0x01,0x25,0x7B,0x00,0x01,0x1E,0x1B,
	0x00,0x00,0x32,0x7D,0x00,0x01,0x1E,0x07,
	0x00,0x00,0x37,0x00,0x06,0x20,0x04,0x01,
	0x09,0x01,0x05,0x07,0x00,0x00,0x37,0x32,
	0x00,0x02,0x15,0x13,0x07,0x00,0x00,0x37,
	0x00,0x03,0x01,0x18,0x05,0x07,0x00,0x00,
	0x32,0x32,0x00,0x07,0x00,0x00,0x32,0x00,
	0x05,0x21,0x02,0x00,0x02,0x00,0x07,0x00,
	0x00,0x32,0x00,0x01,0x1E,0x07,0x00,0x00,
	0x00,0x05,0x21,0x0A,0x00,0x0A,0x00,0x01,
	0x1E,0x07,0x00,0x00,0x37,0x00,0x05,0x21,
	0x02,0x00,0x02,0x00,0x07,0x00,0x00,0x1F,
	0x00,0x01,0x22,0x07,0x00,0x00,0x19,0x20,
	0x00,0x01,0x22,0x07,0x00,0x00,0x20,0x32,
	0x00,0x07,0x00,0x00,0x20,0x00,0x01,0x22,
	0x07,0x00,0x00,0x20,0x00,0x06,0x1F,0x00,
	0x01,0x01,0x05,0x1E,0x07,0x00,0x00,0x01,
	0x37,0x00,0x06,0x20,0x04,0x01,0x0E,0x01,
	0x12,0x01,0x1E,0x08,0x00,0x00,0x1B,0x00,
	0x01,0x22,0x08,0x00,0x00,0x20,0x00,0x01,
	0x22,0x08,0x00,0x00,0x20,0x00,0x01,0x22,
	0x09,0x00,0x00,0x11,0x01,0x00,0x01,0x1E,
	0x09,0x00,0x05,0x1E,0x00,0x11,0x01,0x7E,
	0x73,0x00,0x19,0x20,0x12,0x01,0x02,0x01,
	0x03,0x01,0x0D,0x01,0x0E,0x01,0x12,0x01,
	0x0C,0x01,0x10,0x01,0x04,0x01,0x13,0x21,
	0x02,0x00,0x02,0x00,0x01,0x1E,0x09,0x00,
	0x00,0x86,0x11,0x19,0x00,0x05,0x21,0x02,
	0x00,0x02,0x00,0x09,0x00,0x00,0x11,0x01,
	0x00,0x05,0x21,0x04,0x00,0x04,0x00,0x01,
	0x22,0x09,0x00,0x00,0x85,0x11,0x01,0x00,
	0x01,0x0E,0x09,0x00,0x00,0x86,0x11,0x01,
	0x00,0x09,0x00,0x05,0x1E,0x00,0x11,0x01,
	0x7E,0x73,0x00,0x19,0x20,0x12,0x01,0x02,
	0x01,0x03,0x01,0x0D,0x01,0x0E,0x01,0x12,
	0x01,0x0C,0x01,0x10,0x01,0x04,0x01,0x13,
	0x21,0x02,0x00,0x02,0x00,0x01,0x1E,0x09,
	0x00,0x00,0x11,0x01,0x7E,0x00,0x01,0x1E,
	0x09,0x00,0x00,0x11,0x07,0x00,0x0A,0x1F,
	0x01,0x63,0x05,0x21,0x04,0x00,0x04,0x00,
	0x22,0x06,0x21,0x04,0x00,0x04,0x00,0x1E,
	0x09,0x00,0x1E,0x00,0x31,0x82,0x12,0x7E,
	0x73,0x00,0x01,0x1E,0x09,0x00,0x00,0x30,
	0x02,0x00,0x0A,0x1F,0x01,0x63,0x05,0x21,
	0x04,0x00,0x04,0x00,0x22,0x01,0x1E,0x09,
	0x00,0x05,0x1E,0x00,0x30,0x12,0x7E,0x73,
	0x00,0x0E,0x20,0x07,0x01,0x0D,0x01,0x12,
	0x02,0x08,0x10,0x21,0x02,0x00,0x02,0x00,
	0x01,0x1E,0x09,0x00,0x1E,0x00,0x30,0x82,
	0x12,0x7E,0x73,0x00,0x05,0x21,0x04,0x00,
	0x04,0x00,0x01,0x1E,0x09,0x00,0x00,0x03,
	0x01,0x00,0x09,0x00,0x00,0x01,0x00,0x09,
	0x00,0x00,0x01,0x00,0x09,0x00,0x00,0x07,
	0x00,0x06,0x21,0x04,0x00,0x04,0x00,0x1E,
	0x01,0x1E,0x09,0x00,0x05,0x1E,0x00,0x01,
	0x7B,0x73,0x00,0x0F,0x20,0x08,0x01,0x07,
	0x01,0x0E,0x01,0x16,0x01,0x12,0x21,0x02,
	0x00,0x02,0x00,0x01,0x1E,0x09,0x00,0x1E,
	0x00,0x01,0x7B,0x73,0x00,0x01,0x1E,0x09,
	0x00,0x00,0x12,0x07,0x00,0x03,0x03,0x13,
	0x22,0x09,0x00,0x00,0x12,0x87,0x01,0x00,
	0x02,0x14,0x1E,0x09,0x00,0x00,0x04,0x00,
	0x02,0x12,0x06,0x01,0x0E,0x09,0x00,0x00,
	0x81,0x11,0x00,0x01,0x0E,0x09,0x00,0x00,
	0x07,0x00,0x02,0x08,0x22,0x09,0x00,0x00,
	0x01,0x00,0x05,0x21,0x04,0x00,0x04,0x00,
	0x05,0x21,0x04,0x00,0x04,0x00,0x09,0x00,
	0x00,0x01,0x01,0x00,0x09,0x00,0x00,0x02,
	0x00,0x09,0x00,0x00,0x20,0x05,0x00,0x05,
	0x21,0x04,0x00,0x04,0x00,0x01,0x22,0x09,
	0x00,0x00,0x0B,0x01,0x00,0x09,0x00,0x00,
	0x0B,0x73,0x01,0x00,0x05,0x21,0x04,0x00,
	0x04,0x00,0x01,0x22,0x09,0x00,0x00,0x0B,
	0x01,0x00,0x09,0x00,0x00,0x11,0x07,0x00,
	0x0A,0x1F,0x01,0x63,0x05,0x21,0x04,0x00,
	0x04,0x00,0x22,0x06,0x21,0x04,0x00,0x04,
	0x00,0x1E,0x09,0x00,0x00,0x0B,0x01,0x00,
	0x01,0x1E,0x09,0x00,0x00,0x29,0x12,0x00,
	0x0A,0x21,0x04,0x00,0x04,0x00,0x21,0x00,
	0x80,0x00,0x80,0x01,0x22,0x09,0x00,0x05,
	0x1E,0x00,0x29,0x12,0x00,0x06,0x13,0x21,
	0x02,0x00,0x02,0x00,0x01,0x22,0x09,0x00,
	0x00,0x07,0x00,0x01,0x22,0x01,0x0C,0x09,
	0x00,0x00,0x0E,0x01,0x00,0x0A,0x00,0x00,
	0x18,0x00,0x01,0x22,0x05,0x21,0x02,0x00,
	0x02,0x00,0x0B,0x00,0x00,0x31,0x00,0x01,
	0x22,0x0B,0x00,0x00,0x31,0x00,0x01,0x22,
	0x0B,0x00,0x00,0x20,0x00,0x01,0x1E,0x0C,
	0x00,0x00,0x30,0x00,0x01,0x15,0x01,0x1E,
	0x0C,0x00,0x00,0x31,0x00,0x06,0x20,0x04,
	0x01,0x01,0x01,0x0F,0x01,0x1E,0x0C,0x00,
	0x00,0x1F,0x00,0x06,0x20,0x04,0x01,0x01,
	0x01,0x0F,0x01,0x1E,0x0C,0x00,0x00,0x1F,
	0x00,0x06,0x20,0x04,0x01,0x01,0x01,0x0F,
	0x01,0x1E,0x0C,0x00,0x00,0x07,0x1B,0x00,
	0x0A,0x1F,0x01,0x63,0x05,0x21,0x04,0x00,
	0x04,0x00,0x22,0x01,0x1E,0x0C,0x00,0x1E,
	0x00,0x01,0x1B,0x7B,0x73,0x00,0x05,0x21,
	0x01,0x10,0x01,0x00,0x01,0x1E,0x0D,0x00,
	0x00,0x1F,0x00,0x01,0x22,0x0D,0x00,0x00,
	0x31,0x05,0x1F,0x00,0x01,0x22,0x06,0x20,
	0x04,0x01,0x05,0x01,0x09,0x0D,0x00,0x00,
	0x31,0x12,0x1F,0x00,0x01,0x22,0x0D,0x00,
	0x00,0x20,0x00,0x01,0x22,0x0D,0x00,0x00,
	0x1F,0x00,0x01,0x22,0x0E,0x00,0x00,0x21,
	0x00,0x07,0x20,0x05,0x01,0x1E,0x02,0x14,
	0x08,0x0E,0x00,0x00,0x32,0x21,0x00,0x0E,
	0x00,0x00,0x31,0x21,0x00,0x0E,0x00,0x00,
	0x29,0x20,0x00,0x01,0x22,0x0F,0x00,0x00,
	0x11,0x0B,0x00,0x01,0x22,0x0F,0x00,0x00,
	0x0B,0x00,0x0F,0x00,0x00,0x0B,0x00,0x0F,
	0x00,0x00,0x81,0x12,0x0B,0x00,0x02,0x03,
	0x22,0x0F,0x00,0x00,0x84,0x11,0x0B,0x00,
	0x02,0x10,0x22,0x05,0x21,0x01,0x00,0x01,
	0x00,0x0F,0x00,0x00,0x0E,0x00,0x02,0x08,
	0x13,0x0F,0x00,0x00,0x01,0x00,0x01,0x06,
	0x05,0x21,0x01,0x00,0x01,0x00,0x0F,0x00,
	0x00,0x0B,0x00,0x0F,0x00,0x00,0x1C,0x0B,
	0x00,0x05,0x21,0x02,0x00,0x02,0x00,0x0F,
	0x00,0x00,0x0B,0x00,0x0F,0x00,0x00,0x0B,
	0x00,0x0F,0x00,0x00,0x01,0x0B,0x00,0x0F,
	0x00,0x00,0x0C,0x00,0x0F,0x00,0x00,0x1B,
	0x0B,0x7D,0x00,0x02,0x12,0x14,0x01,0x1E,
	0x0F,0x00,0x00,0x1B,0x11,0x7F,0x00,0x08,
	0x20,0x06,0x01,0x14,0x01,0x02,0x01,0x04,
	0x01,0x22,0x0F,0x00,0x00,0x1B,0x0A,0x7F,
	0x00,0x05,0x21,0x04,0x00,0x04,0x00,0x01,
	0x22,0x0F,0x00,0x00,0x20,0x0A,0x00,0x01,
	0x22,0x0F,0x00,0x00,0x0B,0x0B,0x00,0x0F,
	0x00,0x00,0x0B,0x00,0x07,0x20,0x05,0x02,
	0x0C,0x06,0x01,0x04,0x01,0x12,0x0F,0x00,
	0x00,0x09,0x00,0x08,0x20,0x06,0x02,0x0C,
	0x02,0x02,0x0C,0x06,0x01,0x04,0x0F,0x00,
	0x00,0x0D,0x00,0x06,0x20,0x04,0x01,0x06,
	0x01,0x13,0x02,0x14,0x1E,0x0F,0x00,0x00,
	0x0D,0x00,0x05,0x20,0x02,0x01,0x0B,0x1E,
	0x0F,0x00,0x00,0x0D,0x00,0x0B,0x20,0x09,
	0x02,0x14,0x13,0x01,0x17,0x01,0x07,0x01,
	0x08,0x02,0x04,0x1E,0x0F,0x00,0x00,0x0D,
	0x00,0x06,0x20,0x04,0x01,0x08,0x01,0x17,
	0x07,0x20,0x04,0x01,0x06,0x01,0x0C,0x1E,
	0x0F,0x00,0x00,0x0E,0x00,0x0F,0x00,0x05,
	0x1E,0x00,0x0F,0x7B,0x73,0x00,0x14,0x20,
	0x08,0x01,0x10,0x01,0x1A,0x01,0x04,0x01,
	0x12,0x21,0x02,0x00,0x02,0x00,0x21,0x04,
	0x00,0x04,0x00,0x01,0x1E,0x0F,0x00,0x05,
	0x1E,0x00,0x0F,0x7B,0x73,0x00,0x14,0x20,
	0x08,0x01,0x0A,0x01,0x02,0x01,0x16,0x01,
	0x14,0x21,0x02,0x00,0x02,0x00,0x21,0x04,
	0x00,0x04,0x00,0x01,0x1E,0x0F,0x00,0x05,
	0x1E,0x00,0x0F,0x7B,0x73,0x00,0x14,0x20,
	0x08,0x01,0x0A,0x01,0x02,0x01,0x16,0x01,
	0x14,0x21,0x02,0x00,0x02,0x00,0x21,0x04,
	0x00,0x04,0x00,0x01,0x1E,0x0F,0x00,0x05,
	0x1E,0x00,0x0F,0x7B,0x73,0x00,0x14,0x20,
	0x08,0x01,0x10,0x01,0x1A,0x01,0x04,0x01,
	0x12,0x21,0x02,0x00,0x02,0x00,0x21,0x04,
	0x00,0x04,0x00,0x01,0x1E,0x0F,0x00,0x1E,
	0x00,0x1A,0x8B,0x11,0x7B,0x73,0x00,0x0A,
	0x21,0x04,0x00,0x04,0x00,0x21,0x00,0x80,
	0x00,0x80,0x01,0x1E,0x0F,0x00,0x00,0x0B,
	0x00,0x01,0x22,0x0F,0x00,0x00,0x0E,0x0B,
	0x00,0x0F,0x00,0x00,0x0E,0x00,0x0F,0x00,
	0x00,0x0E,0x00,0x0F,0x00,0x00,0x0E,0x00,
	0x0F,0x00,0x00,0x0E,0x7B,0x00,0x01,0x22,
	0x0F,0x00,0x00,0x0D,0x00,0x02,0x0C,0x04,
	0x0F,0x00,0x00,0x0E,0x00,0x01,0x14,0x02,
	0x12,0x1E,0x0F,0x00,0x00,0x0E,0x00,0x01,
	0x1E,0x0F,0x00,0x00,0x0E,0x00,0x06,0x20,
	0x04,0x01,0x19,0x01,0x03,0x03,0x14,0x08,
	0x1E,0x0F,0x00,0x00,0x0B,0x00,0x10,0x20,
	0x0E,0x01,0x03,0x01,0x06,0x01,0x07,0x01,
	0x0D,0x01,0x10,0x01,0x19,0x01,0x13,0x01,
	0x12,0x0F,0x00,0x00,0x11,0x00,0x10,0x12,
	0x21,0x04,0x08,0x04,0x00,0x20,0x08,0x05,
	0x21,0x02,0x00,0x02,0x00,0x01,0x1E,0x0F,
	0x00,0x00,0x89,0x11,0x00,0x08,0x20,0x04,
	0x01,0x02,0x01,0x10,0x0C,0x05,0x0F,0x00,
	0x00,0x0E,0x00,0x01,0x10,0x0F,0x00,0x00,
	0x09,0x00,0x01,0x19,0x01,0x0E,0x0F,0x00,
	0x00,0x09,0x00,0x01,0x14,0x05,0x21,0x04,
	0x40,0x04,0x00,0x0F,0x00,0x00,0x08,0x00,
	0x02,0x03,0x08,0x0F,0x00,0x00,0x0B,0x00,
	0x0C,0x20,0x0A,0x01,0x19,0x01,0x06,0x01,
	0x03,0x01,0x10,0x01,0x0D,0x0F,0x00,0x00,
	0x0A,0x00,0x03,0x07,0x08,0x14,0x0F,0x00,
	0x00,0x08,0x00,0x0F,0x00,0x00,0x18,0x0B,
	0x00,0x0F,0x00,0x00,0x0B,0x00,0x0A,0x12,
	0x20,0x07,0x02,0x08,0x14,0x01,0x07,0x01,
	0x22,0x0F,0x00,0x00,0x0B,0x00,0x09,0x0C,
	0x20,0x06,0x01,0x02,0x01,0x13,0x01,0x22,
	0x0F,0x00,0x00,0x0B,0x00,0x0F,0x1F,0x00,
	0x01,0x0A,0x20,0x08,0x01,0x14,0x01,0x08,
	0x01,0x0E,0x01,0x0C,0x13,0x0F,0x00,0x00,
	0x0B,0x00,0x0B,0x20,0x09,0x01,0x0D,0x01,
	0x14,0x01,0x02,0x02,0x0E,0x0B,0x0F,0x00,
	0x00,0x0B,0x00,0x0E,0x1F,0x01,0x01,0x05,
	0x21,0x04,0x00,0x04,0x00,0x21,0x02,0x00,
	0x02,0x00,0x01,0x1E,0x0F,0x00,0x00,0x08,
	0x00,0x0F,0x00,0x00,0x29,0x31,0x86,0x11,
	0x00,0x01,0x22,0x0F,0x00,0x00,0x0C,0x00,
	0x10,0x00,0x00,0x1C,0x2D,0x00,0x02,0x15,
	0x22,0x10,0x00,0x00,0x25,0x00,0x1C,0x00,
	0x00,0x31,0x7D,0x00,0x01,0x1E,0x12,0x00,
	0x00,0x1A,0x00,0x01,0x22,0x12,0x00,0x12,
	0x1E,0x00,0x1C,0x00,0x13,0x00,0x00,0x2B,
	0x00,0x13,0x00,0x00,0x2B,0x00,0x14,0x00,
	0x00,0x28,0x00,0x08,0x05,0x12,0x1F,0x00,
	0x01,0x01,0x0E,0x1E,0x14,0x00,0x00,0x28,
	0x00,0x05,0x0F,0x15,0x07,0x08,0x1E,0x14,
	0x00,0x00,0x28,0x00,0x0A,0x1F,0x01,0x63,
	0x05,0x21,0x02,0x00,0x02,0x00,0x1E,0x14,
	0x00,0x00,0x28,0x00,0x03,0x0F,0x0F,0x0D,
	0x01,0x1E,0x14,0x00,0x00,0x27,0x00,0x01,
	0x22,0x14,0x00,0x00,0x28,0x00,0x01,0x22,
	0x0F,0x21,0x02,0x00,0x02,0x00,0x1F,0x00,
	0x01,0x05,0x21,0x04,0x00,0x04,0x00,0x22,
	0x14,0x00,0x00,0x27,0x00,0x14,0x00,0x00,
	0x07,0x2F,0x00,0x01,0x22,0x05,0x21,0x04,
	0x01,0x04,0x00,0x14,0x00,0x1E,0x00,0x01,
	0x2F,0x7E,0x73,0x00,0x09,0x05,0x20,0x06,
	0x01,0x06,0x01,0x0E,0x01,0x0C,0x01,0x1E,
	0x14,0x00,0x00,0x29,0x2F,0x00,0x01,0x22,
	0x15,0x00,0x00,0x03,0x0E,0x00,0x15,0x00,
	0x00,0x10,0x00,0x07,0x20,0x04,0x01,0x0D,
	0x01,0x02,0x22,0x15,0x00,0x00,0x0D,0x00,
	0x15,0x00,0x00,0x04,0x18,0x00,0x15,0x00,
	0x00,0x10,0x7B,0x00,0x11,0x20,0x0A,0x01,
	0x16,0x01,0x0C,0x01,0x0E,0x01,0x07,0x01,
	0x08,0x21,0x02,0x00,0x02,0x00,0x01,0x1E,
	0x15,0x00,0x00,0x0E,0x7B,0x00,0x01,0x1E,
	0x15,0x00,0x00,0x0E,0x00,0x15,0x00,0x00,
	0x0E,0x00,0x15,0x00,0x00,0x01,0x0E,0x00,
	0x15,0x00,0x00,0x82,0x12,0x0E,0x00,0x08,
	0x20,0x06,0x01,0x0E,0x01,0x04,0x01,0x1E,
	0x15,0x00,0x00,0x02,0x00,0x01,0x02,0x15,
	0x00,0x00,0x8E,0x12,0x00,0x15,0x00,0x00,
	0x20,0x11,0x00,0x01,0x22,0x15,0x00,0x00,
	0x0B,0x0E,0x00,0x15,0x00,0x00,0x0B,0x18,
	0x00,0x15,0x00,0x00,0x0B,0x00,0x02,0x0C,
	0x06,0x15,0x00,0x00,0x0B,0x0E,0x00,0x01,
	0x22,0x15,0x00,0x00,0x0B,0x0E,0x00,0x01,
	0x04,0x15,0x00,0x1E,0x00,0x2D,0x09,0x7B,
	0x00,0x0F,0x20,0x08,0x01,0x05,0x05,0x21,
	0x04,0x00,0x04,0x00,0x21,0x00,0x80,0x00,
	0x80,0x01,0x1E,0x15,0x00,0x05,0x1E,0x00,
	0x29,0x12,0x00,0x01,0x0E,0x01,0x1E,0x15,
	0x00,0x00,0x29,0x8E,0x12,0x00,0x0A,0x21,
	0x04,0x00,0x04,0x00,0x21,0x00,0x80,0x00,
	0x80,0x01,0x1E,0x15,0x00,0x00,0x10,0x00,
	0x01,0x03,0x15,0x00,0x00,0x11,0x10,0x00,
	0x01,0x0E,0x15,0x00,0x00,0x19,0x0E,0x00,
	0x15,0x00,0x00,0x07,0x00,0x17,0x00,0x00,
	0x1C,0x00,0x01,0x22,0x01,0x0F,0x17,0x00,
	0x00,0x18,0x00,0x17,0x00,0x00,0x1A,0x26,
	0x00,0x01,0x22,0x17,0x00,0x00,0x1A,0x00,
	0x01,0x1E,0x1A,0x00,0x00,0x29,0x2F,0x00,
	0x00,0x30,0x00,0x02,0x05,0x05,0x01,0x1E,
	0x00,0x1A,0x00,0x02,0x05,0x05,0x01,0x1E,
	0x05,0x00,0x00,0x1A,0x11,0x00,0x02,0x08,
	0x14,0x01,0x1E,0x05,0x00,0x00,0x30,0x04,
	0x00,0x0A,0x1F,0x00,0x64,0x05,0x21,0x04,
	0x00,0x04,0x00,0x1E,0x01,0x1E,0x05,0x00,
	0x1E,0x00,0x30,0x73,0x00,0x0A,0x21,0x04,
	0x02,0x04,0x02,0x21,0x04,0x00,0x04,0x00,
	0x01,0x22,0x05,0x00,0x05,0x1E,0x00,0x30,
	0x00,0x03,0x07,0x0E,0x05,0x01,0x22,0x05,
	0x00,0x05,0x1E,0x00,0x30,0x00,0x05,0x07,
	0x0E,0x0F,0x10,0x13,0x01,0x22,0x05,0x00,
	0x05,0x1E,0x00,0x30,0x00,0x03,0x07,0x0E,
	0x15,0x01,0x22,0x05,0x00,0x05,0x1E,0x00,
	0x30,0x00,0x0E,0x14,0x13,0x01,0x20,0x08,
	0x01,0x02,0x01,0x10,0x01,0x14,0x01,0x17,
	0x22,0x01,0x22,0x05,0x00,0x05,0x1E,0x00,
	0x30,0x00,0x11,0x07,0x0E,0x01,0x20,0x0C,
	0x02,0x08,0x03,0x02,0x0C,0x06,0x01,0x04,
	0x01,0x0D,0x01,0x12,0x01,0x22,0x05,0x00,
	0x05,0x1E,0x00,0x30,0x00,0x1D,0x07,0x0E,
	0x09,0x20,0x18,0x03,0x10,0x0D,0x09,0x02,
	0x17,0x14,0x02,0x12,0x03,0x02,0x12,0x05,
	0x02,0x12,0x06,0x01,0x08,0x01,0x07,0x01,
	0x13,0x01,0x14,0x01,0x22,0x05,0x00,0x1E,
	0x00,0x30,0x00,0x02,0x07,0x0E,0x01,0x22,
	0x05,0x00,0x05,0x1E,0x00,0x30,0x00,0x0E,
	0x20,0x0C,0x01,0x03,0x01,0x07,0x01,0x13,
	0x01,0x15,0x01,0x16,0x01,0x1A,0x01,0x22,
	0x05,0x00,0x05,0x1E,0x00,0x30,0x00,0x15,
	0x0C,0x20,0x12,0x01,0x02,0x01,0x03,0x01,
	0x04,0x01,0x06,0x01,0x07,0x01,0x0B,0x01,
	0x10,0x01,0x14,0x01,0x1A,0x01,0x22,0x05,
	0x00,0x05,0x1E,0x00,0x30,0x00,0x1E,0x20,
	0x12,0x01,0x02,0x01,0x04,0x01,0x0B,0x01,
	0x0C,0x01,0x0D,0x01,0x0E,0x01,0x10,0x01,
	0x12,0x01,0x14,0x21,0x02,0x00,0x02,0x00,
	0x21,0x04,0x00,0x04,0x00,0x01,0x22,0x05,
	0x00,0x1E,0x00,0x30,0x00,0x01,0x22,0x05,
	0x00,0x00,0x1A,0x11,0x00,0x0A,0x1F,0x00,
	0x64,0x05,0x21,0x04,0x00,0x04,0x00,0x22,
	0x01,0x1E,0x05,0x00,0x1E,0x00,0x1A,0x11,
	0x7B,0x73,0x00,0x0A,0x21,0x04,0x02,0x04,
	0x02,0x21,0x04,0x00,0x04,0x00,0x01,0x1E,
	0x05,0x00,0x05,0x1E,0x00,0x1A,0x11,0x7B,
	0x73,0x00,0x03,0x07,0x0E,0x05,0x01,0x1E,
	0x05,0x00,0x05,0x1E,0x00,0x1A,0x11,0x7B,
	0x73,0x00,0x05,0x07,0x0E,0x0F,0x10,0x13,
	0x01,0x1E,0x05,0x00,0x05,0x1E,0x00,0x1A,
	0x11,0x7B,0x73,0x00,0x11,0x07,0x0E,0x01,
	0x20,0x0C,0x02,0x08,0x03,0x02,0x0C,0x06,
	0x01,0x04,0x01,0x0D,0x01,0x12,0x01,0x1E,
	0x05,0x00,0x05,0x1E,0x00,0x1A,0x11,0x7B,
	0x73,0x00,0x1D,0x07,0x0E,0x09,0x20,0x18,
	0x03,0x10,0x0D,0x09,0x02,0x17,0x14,0x02,
	0x12,0x03,0x02,0x12,0x05,0x02,0x12,0x06,
	0x01,0x08,0x01,0x07,0x01,0x13,0x01,0x14,
	0x01,0x1E,0x05,0x00,0x1E,0x00,0x1A,0x11,
	0x7B,0x73,0x00,0x02,0x07,0x0E,0x01,0x1E,
	0x05,0x00,0x05,0x1E,0x00,0x1A,0x11,0x7B,
	0x73,0x00,0x0E,0x20,0x0C,0x01,0x03,0x01,
	0x07,0x01,0x13,0x01,0x15,0x01,0x16,0x01,
	0x1A,0x01,0x1E,0x05,0x00,0x05,0x1E,0x00,
	0x1A,0x11,0x7B,0x73,0x00,0x15,0x0C,0x20,
	0x12,0x01,0x02,0x01,0x03,0x01,0x04,0x01,
	0x06,0x01,0x07,0x01,0x0B,0x01,0x10,0x01,
	0x14,0x01,0x1A,0x01,0x1E,0x05,0x00,0x05,
	0x1E,0x00,0x1A,0x11,0x7B,0x73,0x00,0x20,
	0x20,0x14,0x01,0x02,0x01,0x04,0x01,0x06,
	0x01,0x0B,0x01,0x0C,0x01,0x0D,0x01,0x0E,
	0x01,0x10,0x01,0x12,0x01,0x14,0x21,0x02,
	0x00,0x02,0x00,0x21,0x04,0x00,0x04,0x00,
	0x01,0x1E,0x05,0x00,0x1E,0x00,0x1A,0x11,
	0x7B,0x73,0x00,0x01,0x1E,0x1D,0x00,0x1E,
	0x00,0x2A,0x00,0x01,0x22,0x13,0x00,0x1E,
	0x00,0x2A,0x00,0x01,0x22,0x05,0x00,0x00,
	0x29,0x04,0x00,0x01,0x22,0x05,0x00,0x05,
	0x1E,0x00,0x2A,0x12,0x7B,0x00,0x0B,0x20,
	0x04,0x01,0x13,0x01,0x1A,0x21,0x02,0x00,
	0x02,0x00,0x01,0x22,0x05,0x00,0x1E,0x00,
	0x2A,0x00,0x02,0x08,0x13,0x01,0x22,0x05,
	0x00,0x1E,0x00,0x2A,0x00,0x0F,0x0F,0x1F,
	0x01,0x63,0x05,0x21,0x04,0x00,0x04,0x00,
	0x21,0x02,0x00,0x02,0x00,0x01,0x22,0x13,
	0x00,0x00,0x29,0x00,0x01,0x22,0x00,0x29,
	0x00,0x0F,0x21,0x02,0x00,0x02,0x00,0x1F,
	0x00,0x64,0x05,0x21,0x04,0x00,0x04,0x00,
	0x22,0x01,0x1E,0x1E,0x00,0x2A,0x00,0x01,
	0x22,0x00,0x74,0x00,0x1D,0x00,0x1E,0x00,
	0x30,0x00,0x01,0x22,0x0C,0x1D,0x00,0x1E,
	0x00,0x22,0x00,0x05,0x21,0x04,0x00,0x04,
	0x00,0x01,0x22,0x0C,0x1D,0x00,0x1E,0x00,
	0x1B,0x00,0x1D,0x00,0x1E,0x00,0x1F,0x00,
	0x01,0x22,0x12,0x1D,0x00,0x1E,0x00,0x1A,
	0x00,0x01,0x22,0x16,0x1D,0x00,0x1E,0x00,
	0x26,0x11,0x00,0x05,0x21,0x04,0x00,0x04,
	0x00,0x01,0x22,0x16,0x1D,0x00,0x1E,0x00,
	0x26,0x00,0x0E,0x00,0x1E,0x00,0x20,0x00,
	0x0F,0x21,0x02,0x00,0x02,0x00,0x1F,0x01,
	0x01,0x05,0x21,0x04,0x00,0x04,0x00,0x22,
	0x0E,0x00,0x1E,0x00,0x24,0x00,0x00,0x11,
	0x00,0x01,0x22,0x00,0x06,0x00,0x00,0x11,
	0x00,0x01,0x22,0x00,0x06,0x00,0x00,0x85,
	0x11,0x00,0x01,0x0E,0x00,0x86,0x11,0x00,
	0x00,0x11,0x00,0x01,0x22,0x00,0x06,0x00,
	0x00,0x06,0x00,0x12,0x1F,0x00,0x01,0x05,
	0x21,0x02,0x00,0x02,0x00,0x1F,0x01,0x63,
	0x05,0x21,0x04,0x00,0x04,0x00,0x03,0x0C,
	0x0D,0x1E,0x00,0x0A,0x00,0x07,0x1C,0x1F,
	0x00,0x01,0x01,0x13,0x1E,0x0F,0x20,0x0D,
	0x02,0x13,0x08,0x01,0x04,0x01,0x0C,0x01,
	0x0E,0x01,0x12,0x01,0x14,0x00,0x05,0x00,
	0x09,0x1F,0x00,0x64,0x05,0x21,0x04,0x00,
	0x04,0x00,0x08,0x0C,0x20,0x04,0x01,0x06,
	0x01,0x10,0x1E,0x00,0x8A,0x11,0x00,0x07,
	0x0C,0x21,0x04,0x00,0x04,0x00,0x1E,0x00,
	0x0A,0x00,0x01,0x1C,0x0B,0x12,0x20,0x08,
	0x05,0x21,0x04,0x00,0x04,0x00,0x01,0x22,
	0x00,0x05,0x00,0x03,0x1C,0x05,0x1E,0x00,
	0x03,0x00,0x05,0x21,0x04,0x10,0x04,0x00,
	0x08,0x13,0x14,0x20,0x04,0x01,0x05,0x01,
	0x19,0x00,0x05,0x00,0x0A,0x20,0x08,0x02,
	0x10,0x13,0x02,0x04,0x07,0x01,0x18,0x00,
	0x03,0x00,0x02,0x17,0x22,0x0F,0x20,0x08,
	0x01,0x06,0x01,0x0E,0x01,0x04,0x01,0x16,
	0x21,0x02,0x00,0x02,0x00,0x00,0x0A,0x00,
	0x0B,0x17,0x20,0x08,0x05,0x21,0x02,0x00,
	0x00,0x00,0x01,0x22,0x05,0x21,0x84,0x00,
	0x04,0x00,0x00,0x06,0x00,0x11,0x12,0x20,
	0x0E,0x09,0x1F,0x01,0x63,0x05,0x21,0x04,
	0x40,0x04,0x00,0x01,0x22,0x01,0x1E,0x00,
	0x86,0x11,0x00,0x05,0x21,0x04,0x00,0x04,
	0x00,0x01,0x1E,0x00,0x03,0x00,0x08,0x21,
	0x04,0x00,0x04,0x00,0x0C,0x05,0x1E,0x00,
	0x03,0x00,0x01,0x22,0x08,0x20,0x06,0x02,
	0x13,0x19,0x02,0x14,0x08,0x00,0x05,0x00,
	0x02,0x0C,0x16,0x00,0x03,0x00,0x03,0x0E,
	0x07,0x05,0x00,0x85,0x12,0x00,0x10,0x21,
	0x00,0x01,0x00,0x01,0x21,0x04,0x00,0x04,
	0x00,0x21,0x02,0x00,0x02,0x00,0x1E,0x00,
	0x85,0x11,0x00,0x0A,0x21,0x04,0x00,0x04,
	0x00,0x21,0x04,0x02,0x04,0x02,0x00,0x86,
	0x11,0x00,0x07,0x21,0x04,0x00,0x04,0x00,
	0x01,0x1E,0x00,0x83,0x11,0x00,0x0F,0x1F,
	0x00,0x02,0x05,0x21,0x04,0x00,0x04,0x00,
	0x21,0x02,0x00,0x02,0x00,0x1E,0x00,0x83,
	0x11,0x00,0x01,0x16,0x06,0x12,0x21,0x02,
	0x00,0x02,0x00,0x00,0x85,0x11,0x00,0x0A,
	0x1F,0x01,0x63,0x05,0x21,0x04,0x40,0x04,
	0x00,0x1E,0x00,0x85,0x11,0x00,0x00,0x2E,
	0x00,0x00,0x36,0x00,0x06,0x20,0x04,0x01,
	0x05,0x01,0x09,0x00,0x31,0x00,0x00,0x36,
	0x00,0x06,0x20,0x04,0x01,0x05,0x01,0x09,
	0x00,0x31,0x00,0x00,0x29,0x00,0x06,0x20,
	0x04,0x01,0x05,0x01,0x09,0x00,0x31,0x00,
	0x00,0x36,0x00,0x0D,0x05,0x21,0x04,0x00,
	0x04,0x00,0x21,0x04,0x00,0x04,0x00,0x0F,
	0x22,0x00,0x29,0x00,0x01,0x22,0x02,0x01,
	0x05,0x00,0x29,0x00,0x08,0x20,0x06,0x01,
	0x09,0x01,0x05,0x01,0x19,0x00,0x31,0x00,
	0x00,0x30,0x00,0x00,0x03,0x00,0x00,0x84,
	0x11,0x00,0x01,0x12,0x00,0x01,0x00,0x01,
	0x22,0x00,0x04,0x00,0x00,0x03,0x00,0x00,
	0x01,0x00,0x0A,0x1F,0x01,0x63,0x05,0x21,
	0x04,0x00,0x04,0x00,0x22,0x01,0x1E,0x00,
	0x00,0x05,0x21,0x01,0x00,0x01,0x00,0x01,
	0x1E,0x00,0x84,0x11,0x00,0x02,0x18,0x05,
	0x00,0x81,0x11,0x00,0x02,0x1A,0x22,0x08,
	0x20,0x06,0x01,0x12,0x01,0x0E,0x01,0x02,
	0x00,0x81,0x11,0x00,0x12,0x12,0x21,0x02,
	0x00,0x02,0x00,0x20,0x0A,0x05,0x21,0x02,
	0x00,0x02,0x00,0x01,0x22,0x01,0x1E,0x00,
	0x01,0x00,0x06,0x1C,0x21,0x0A,0x00,0x02,
	0x00,0x00,0x84,0x11,0x00,0x11,0x20,0x0F,
	0x0B,0x12,0x21,0x02,0x00,0x02,0x00,0x21,
	0x04,0x00,0x04,0x00,0x02,0x12,0x12,0x00,
	0x84,0x12,0x00,0x0A,0x21,0x04,0x00,0x04,
	0x00,0x21,0x04,0x02,0x04,0x02,0x00,0x11,
	0x00,0x06,0x12,0x21,0x04,0x00,0x04,0x00,
	0x00,0x81,0x12,0x00,0x0B,0x21,0x04,0x00,
	0x04,0x00,0x21,0x02,0x00,0x02,0x00,0x1E,
	0x00,0x84,0x12,0x00,0x00,0x25,0x00,0x00,
	0x32,0x00,0x00,0x32,0x00,0x00,0x37,0x00,
	0x06,0x20,0x04,0x01,0x05,0x01,0x09,0x00,
	0x32,0x00,0x00,0x32,0x00,0x00,0x2C,0x00,
	0x06,0x20,0x04,0x01,0x05,0x01,0x09,0x00,
	0x32,0x00,0x00,0x37,0x00,0x06,0x20,0x04,
	0x01,0x05,0x01,0x09,0x00,0x32,0x00,0x00,
	0x32,0x00,0x01,0x22,0x0E,0x05,0x20,0x0B,
	0x02,0x0C,0x04,0x01,0x01,0x01,0x05,0x01,
	0x14,0x01,0x19,0x00,0x32,0x00,0x01,0x22,
	0x13,0x09,0x20,0x10,0x01,0x04,0x01,0x06,
	0x01,0x07,0x01,0x0C,0x01,0x0D,0x01,0x12,
	0x01,0x16,0x01,0x1A,0x00,0x32,0x00,0x01,
	0x22,0x02,0x19,0x0E,0x00,0x32,0x00,0x14,
	0x1F,0x00,0x01,0x01,0x07,0x21,0x02,0x00,
	0x02,0x00,0x1F,0x01,0x63,0x05,0x21,0x04,
	0x00,0x04,0x00,0x22,0x02,0x19,0x1E,0x00,
	0x37,0x00,0x08,0x20,0x06,0x01,0x09,0x01,
	0x19,0x01,0x05,0x00,0x32,0x00,0x00,0x0E,
	0x32,0x00,0x00,0x18,0x32,0x00,0x06,0x20,
	0x04,0x01,0x01,0x01,0x09,0x00,0x32,0x00,
	0x01,0x05,0x00,0x32,0x00,0x01,0x22,0x00,
	0x10,0x32,0x00,0x17,0x20,0x15,0x03,0x09,
	0x14,0x19,0x03,0x0F,0x15,0x13,0x04,0x0D,
	0x05,0x0E,0x14,0x03,0x1E,0x05,0x04,0x01,
	0x12,0x01,0x0C,0x00,0x18,0x32,0x00,0x01,
	0x1E,0x00,0x32,0x00,0x00,0x1C,0x00,0x00,
	0x1C,0x00,0x00,0x1C,0x00,0x00,0x1C,0x00,
	0x00,0x1C,0x00,0x00,0x00,0x01,0x22,0x00,
	0x00,0x03,0x18,0x05,0x22,0x00,0x1C,0x00,
	0x00,0x01,0x00,0x00,0x19,0x00,0x05,0x21,
	0x02,0x00,0x02,0x00,0x05,0x21,0x02,0x00,
	0x02,0x00,0x00,0x01,0x00,0x00,0x01,0x00,
	0x00,0x07,0x00,0x12,0x12,0x21,0x02,0x00,
	0x02,0x00,0x20,0x0A,0x05,0x21,0x02,0x00,
	0x02,0x00,0x01,0x22,0x01,0x1E,0x00,0x82,
	0x12,0x00,0x01,0x22,0x11,0x20,0x0F,0x0B,
	0x12,0x21,0x02,0x00,0x02,0x00,0x21,0x04,
	0x00,0x04,0x00,0x02,0x12,0x12,0x00,0x01,
	0x00,0x0A,0x21,0x04,0x00,0x04,0x00,0x21,
	0x02,0x00,0x02,0x00,0x02,0x12,0x22,0x00,
	0x11,0x00,0x09,0x1F,0x00,0x64,0x05,0x21,
	0x04,0x00,0x04,0x00,0x0A,0x12,0x1F,0x00,
	0x64,0x05,0x21,0x04,0x00,0x04,0x00,0x00,
	0x07,0x00,0x03,0x0C,0x03,0x1E,0x01,0x0D,
	0x00,0x87,0x12,0x00,0x08,0x20,0x04,0x01,
	0x0E,0x01,0x0C,0x04,0x1E,0x00,0x07,0x00,
	0x07,0x07,0x21,0x00,0x01,0x00,0x01,0x1E,
	0x00,0x07,0x00,0x02,0x07,0x08,0x00,0x01,
	0x00,0x0C,0x20,0x09,0x02,0x0B,0x13,0x01,
	0x13,0x01,0x0D,0x01,0x14,0x1E,0x01,0x1E,
	0x00,0x07,0x00,0x0A,0x1F,0x00,0x64,0x05,
	0x21,0x04,0x00,0x04,0x00,0x22,0x01,0x1E,
	0x00,0x01,0x00,0x01,0x1E,0x00,0x07,0x00,
	0x10,0x21,0x04,0x00,0x04,0x00,0x21,0x20,
	0x00,0x20,0x00,0x21,0x02,0x00,0x02,0x00,
	0x1E,0x00,0x07,0x00,0x0A,0x1F,0x01,0x63,
	0x05,0x21,0x04,0x00,0x04,0x00,0x22,0x09,
	0x20,0x05,0x02,0x14,0x08,0x01,0x0E,0x05,
	0x1E,0x00,0x82,0x12,0x00,0x0A,0x1F,0x01,
	0x63,0x05,0x21,0x04,0x00,0x04,0x00,0x1E,
	0x00,0x82,0x12,0x00,0x0A,0x21,0x04,0x00,
	0x04,0x00,0x21,0x04,0x02,0x04,0x02,0x00,
	0x82,0x12,0x00,0x07,0x21,0x04,0x00,0x04,
	0x00,0x09,0x1E,0x00,0x87,0x12,0x00,0x0B,
	0x21,0x04,0x00,0x04,0x00,0x21,0x02,0x00,
	0x02,0x00,0x1E,0x00,0x82,0x12,0x00,0x00,
	0x19,0x00,0x0A,0x21,0x02,0x00,0x02,0x00,
	0x21,0x02,0x00,0x02,0x00,0x00,0x37,0x00,
	0x00,0x19,0x00,0x00,0x2C,0x00,0x00,0x19,
	0x00,0x00,0x37,0x00,0x00,0x31,0x00,0x00,
	0x1B,0x00,0x00,0x22,0x00,0x05,0x21,0x04,
	0x10,0x04,0x00,0x02,0x05,0x1E,0x00,0x1B,
	0x00,0x00,0x1F,0x11,0x00,0x07,0x20,0x05,
	0x02,0x08,0x14,0x01,0x13,0x01,0x1E,0x00,
	0x1F,0x00,0x00,0x20,0x00,0x0F,0x00,0x00,
	0x0B,0x00,0x01,0x22,0x00,0x0A,0x00,0x06,
	0x0E,0x21,0x04,0x00,0x04,0x00,0x00,0x0B,
	0x00,0x00,0x0B,0x00,0x01,0x22,0x00,0x0B,
	0x00,0x00,0x0B,0x00,0x00,0x09,0x18,0x00,
	0x01,0x1E,0x08,0x0E,0x1F,0x00,0x01,0x01,
	0x03,0x05,0x1E,0x00,0x0B,0x00,0x07,0x20,
	0x04,0x01,0x04,0x01,0x17,0x22,0x04,0x0E,
	0x1D,0x14,0x22,0x00,0x0D,0x00,0x01,0x17,
	0x07,0x0C,0x20,0x04,0x01,0x06,0x01,0x16,
	0x00,0x06,0x00,0x07,0x20,0x05,0x02,0x0C,
	0x16,0x01,0x18,0x00,0x0B,0x00,0x0A,0x20,
	0x08,0x01,0x0E,0x01,0x10,0x01,0x12,0x01,
	0x14,0x03,0x0C,0x0C,0x1E,0x00,0x0B,0x00,
	0x06,0x0C,0x21,0x04,0x10,0x04,0x00,0x00,
	0x8B,0x11,0x00,0x12,0x12,0x21,0x02,0x00,
	0x02,0x00,0x20,0x0A,0x05,0x21,0x02,0x00,
	0x02,0x00,0x01,0x22,0x01,0x1E,0x00,0x0B,
	0x00,0x01,0x22,0x01,0x12,0x00,0x8A,0x11,
	0x00,0x11,0x20,0x0F,0x0B,0x12,0x21,0x02,
	0x00,0x02,0x00,0x21,0x04,0x00,0x04,0x00,
	0x02,0x12,0x12,0x00,0x8A,0x11,0x00,0x0D,
	0x12,0x20,0x0A,0x05,0x21,0x04,0x00,0x04,
	0x00,0x01,0x22,0x01,0x1E,0x00,0x0B,0x00,
	0x0B,0x20,0x09,0x02,0x08,0x07,0x01,0x0D,
	0x01,0x08,0x01,0x10,0x03,0x13,0x14,0x1E,
	0x00,0x0A,0x00,0x03,0x0E,0x07,0x1E,0x00,
	0x09,0x00,0x0C,0x20,0x0A,0x01,0x0C,0x01,
	0x02,0x01,0x04,0x01,0x08,0x01,0x07,0x02,
	0x16,0x05,0x00,0x09,0x00,0x07,0x20,0x04,
	0x01,0x03,0x01,0x13,0x1E,0x03,0x0D,0x05,
	0x1E,0x00,0x09,0x00,0x07,0x20,0x04,0x01,
	0x04,0x01,0x0E,0x1E,0x03,0x0E,0x05,0x1E,
	0x00,0x0E,0x00,0x07,0x20,0x05,0x01,0x0D,
	0x02,0x12,0x10,0x03,0x16,0x05,0x1E,0x00,
	0x0E,0x00,0x08,0x20,0x06,0x02,0x0C,0x22,
	0x02,0x08,0x17,0x08,0x20,0x05,0x01,0x0D,
	0x02,0x13,0x05,0x1E,0x00,0x0E,0x00,0x06,
	0x20,0x04,0x01,0x14,0x01,0x17,0x03,0x0D,
	0x02,0x1E,0x00,0x0E,0x00,0x0A,0x20,0x07,
	0x02,0x17,0x14,0x01,0x04,0x01,0x14,0x1E,
	0x01,0x1E,0x00,0x0B,0x00,0x07,0x20,0x05,
	0x02,0x12,0x14,0x01,0x02,0x03,0x14,0x08,
	0x1E,0x00,0x06,0x00,0x02,0x04,0x07,0x00,
	0x06,0x00,0x05,0x13,0x14,0x0C,0x05,0x1E,
	0x00,0x0B,0x00,0x03,0x1B,0x05,0x1E,0x00,
	0x0B,0x00,0x08,0x21,0x04,0x00,0x04,0x00,
	0x0C,0x05,0x1E,0x00,0x0B,0x00,0x0A,0x1F,
	0x01,0x63,0x05,0x21,0x04,0x00,0x04,0x00,
	0x22,0x01,0x1E,0x00,0x0B,0x00,0x01,0x1E,
	0x00,0x86,0x11,0x00,0x10,0x21,0x00,0x01,
	0x00,0x01,0x21,0x04,0x00,0x04,0x00,0x21,
	0x02,0x00,0x02,0x00,0x1E,0x00,0x86,0x11,
	0x00,0x0A,0x21,0x04,0x00,0x04,0x00,0x21,
	0x04,0x02,0x04,0x02,0x00,0x8B,0x11,0x00,
	0x10,0x21,0x04,0x00,0x04,0x00,0x21,0x02,
	0x00,0x02,0x00,0x21,0x04,0x00,0x04,0x00,
	0x1E,0x00,0x8B,0x11,0x00,0x0F,0x1F,0x00,
	0x02,0x05,0x21,0x04,0x00,0x04,0x00,0x21,
	0x02,0x00,0x02,0x00,0x1E,0x00,0x86,0x11,
	0x00,0x0A,0x1F,0x01,0x63,0x05,0x21,0x04,
	0x00,0x04,0x00,0x1E,0x00,0x86,0x11,0x00,
	0x00,0x00,0x01,0x22,0x08,0x20,0x06,0x01,
	0x13,0x01,0x0E,0x01,0x14,0x00,0x2D,0x00,
	0x00,0x31,0x00,0x00,0x31,0x00,0x00,0x31,
	0x00,0x0B,0x21,0x01,0x00,0x01,0x00,0x21,
	0x02,0x00,0x02,0x00,0x22,0x00,0x31,0x00,
	0x11,0x20,0x0F,0x04,0x05,0x14,0x14,0x05,
	0x03,0x05,0x15,0x12,0x02,0x05,0x14,0x02,
	0x0F,0x12,0x00,0x18,0x31,0x00,0x00,0x1A,
	0x00,0x00,0x29,0x00,0x00,0x29,0x00,0x00,
	0x29,0x00,0x00,0x29,0x00,0x00,0x29,0x00,
	0x00,0x2A,0x00,0x03,0x15,0x02,0x22,0x06,
	0x20,0x04,0x01,0x19,0x01,0x09,0x00,0x2A,
	0x00,0x05,0x21,0x00,0x80,0x00,0x80,0x03,
	0x05,0x12,0x16,0x00,0x2A,0x00,0x03,0x05,
	0x12,0x10,0x02,0x05,0x12,0x00,0x2A,0x00,
	0x01,0x17,0x07,0x20,0x04,0x01,0x19,0x01,
	0x05,0x1E,0x00,0x2A,0x00,0x05,0x21,0x00,
	0x80,0x00,0x80,0x01,0x0D,0x00,0x2A,0x00,
	0x0E,0x21,0x02,0x00,0x02,0x00,0x20,0x07,
	0x02,0x08,0x22,0x01,0x06,0x01,0x10,0x02,
	0x05,0x1E,0x00,0x2A,0x00,0x10,0x01,0x05,
	0x20,0x0C,0x01,0x06,0x01,0x0D,0x01,0x10,
	0x01,0x14,0x01,0x0E,0x01,0x22,0x00,0x2A,
	0x00,0x02,0x05,0x05,0x02,0x05,0x1E,0x00,
	0x2A,0x00,0x07,0x09,0x20,0x04,0x01,0x0F,
	0x01,0x15,0x00,0x2A,0x00,0x0D,0x15,0x01,
	0x1F,0x00,0x01,0x01,0x0C,0x20,0x04,0x01,
	0x03,0x01,0x10,0x00,0x2A,0x00,0x0A,0x01,
	0x20,0x07,0x03,0x12,0x08,0x10,0x02,0x08,
	0x10,0x02,0x05,0x1E,0x00,0x2A,0x00,0x06,
	0x05,0x21,0x00,0x01,0x00,0x01,0x02,0x05,
	0x1E,0x00,0x2A,0x00,0x0D,0x0F,0x20,0x0A,
	0x01,0x10,0x01,0x0E,0x01,0x08,0x01,0x0C,
	0x01,0x12,0x02,0x05,0x1E,0x00,0x2A,0x00,
	0x09,0x15,0x20,0x06,0x01,0x03,0x01,0x0D,
	0x01,0x06,0x05,0x21,0x02,0x00,0x02,0x00,
	0x00,0x29,0x00,0x00,0x2F,0x00,0x00,0x0E,
	0x00,0x00,0x0E,0x00,0x00,0x0E,0x00,0x00,
	0x03,0x00,0x02,0x02,0x22,0x09,0x12,0x20,
	0x06,0x01,0x09,0x01,0x19,0x01,0x05,0x00,
	0x10,0x00,0x08,0x12,0x20,0x04,0x01,0x05,
	0x01,0x19,0x1E,0x00,0x11,0x00,0x01,0x22,
	0x06,0x12,0x21,0x04,0x00,0x04,0x00,0x00,
	0x10,0x00,0x01,0x22,0x11,0x20,0x0A,0x01,
	0x07,0x01,0x02,0x01,0x12,0x01,0x13,0x01,
	0x14,0x21,0x02,0x00,0x02,0x00,0x00,0x02,
	0x00,0x02,0x02,0x1E,0x06,0x13,0x21,0x02,
	0x00,0x02,0x00,0x00,0x11,0x00,0x0D,0x12,
	0x20,0x0A,0x05,0x21,0x04,0x00,0x04,0x00,
	0x01,0x22,0x01,0x1E,0x00,0x90,0x11,0x00,
	0x11,0x20,0x0F,0x0B,0x12,0x21,0x02,0x00,
	0x02,0x00,0x21,0x04,0x00,0x04,0x00,0x02,
	0x12,0x12,0x00,0x0D,0x00,0x09,0x20,0x06,
	0x01,0x10,0x01,0x06,0x01,0x02,0x22,0x08,
	0x20,0x06,0x02,0x0C,0x0C,0x02,0x13,0x08,
	0x00,0x89,0x11,0x00,0x03,0x13,0x03,0x0C,
	0x00,0x0E,0x00,0x05,0x21,0x04,0x00,0x04,
	0x00,0x03,0x14,0x08,0x22,0x00,0x89,0x11,
	0x00,0x05,0x21,0x04,0x00,0x04,0x00,0x13,
	0x20,0x06,0x01,0x0D,0x01,0x0E,0x01,0x0C,
	0x21,0x04,0x00,0x04,0x00,0x21,0x02,0x00,
	0x02,0x00,0x1E,0x00,0x89,0x11,0x00,0x07,
	0x20,0x05,0x01,0x18,0x02,0x04,0x07,0x00,
	0x0E,0x00,0x07,0x21,0x04,0x00,0x04,0x00,
	0x0C,0x05,0x00,0x89,0x11,0x00,0x0A,0x21,
	0x04,0x00,0x04,0x00,0x21,0x04,0x00,0x04,
	0x00,0x00,0x8E,0x11,0x00,0x10,0x21,0x04,
	0x00,0x04,0x00,0x21,0x02,0x00,0x02,0x00,
	0x21,0x04,0x00,0x04,0x00,0x22,0x00,0x89,
	0x11,0x00,0x0A,0x21,0x04,0x00,0x04,0x00,
	0x21,0x04,0x02,0x04,0x02,0x00,0x10,0x00,
	0x0C,0x20,0x0A,0x01,0x03,0x01,0x06,0x01,
	0x0D,0x01,0x02,0x01,0x10,0x0E,0x21,0x04,
	0x00,0x04,0x00,0x1F,0x01,0x01,0x05,0x21,
	0x02,0x00,0x02,0x00,0x00,0x10,0x00,0x05,
	0x21,0x04,0x40,0x04,0x00,0x0B,0x0C,0x21,
	0x02,0x00,0x02,0x00,0x21,0x00,0x80,0x00,
	0x80,0x00,0x0E,0x00,0x0F,0x1F,0x00,0x02,
	0x05,0x21,0x04,0x00,0x04,0x00,0x21,0x02,
	0x00,0x02,0x00,0x1E,0x00,0x89,0x11,0x00,
	0x0A,0x1F,0x01,0x63,0x05,0x21,0x04,0x00,
	0x04,0x00,0x1E,0x00,0x0E,0x00,0x01,0x1E,
	0x00,0x89,0x11,0x00,0x00,0x26,0x00,0x00,
	0x25,0x00,0x05,0x21,0x14,0x00,0x04,0x00,
	0x00,0x26,0x00,0x00,0x18,0x00,0x00,0x2A,
	0x00,0x01,0x22,0x00,0x29,0x31,0x00,0x00,
	0x19,0x00,0x00,0x01,0x00,0x01,0x22,0x00,
	0x19,0x00,0x01,0x22,0x00,0x02,0x00,0x00,
	0x01,0x00,0x01,0x22,0x00,0x19,0x00,0x00,
	0x19,0x00,0x01,0x1E,0x00,0x07,0x00,0x0A,
	0x1F,0x01,0x63,0x05,0x21,0x04,0x00,0x04,
	0x00,0x22,0x01,0x1E,0x00,0x07,0x00,0x0F,
	0x20,0x0C,0x02,0x13,0x10,0x02,0x08,0x14,
	0x01,0x08,0x01,0x18,0x01,0x1A,0x22,0x1E,
	0x00,0x01,0x7B,0x00,0x0F,0x21,0x04,0x00,
	0x04,0x00,0x21,0x04,0x00,0x04,0x00,0x21,
	0x00,0x80,0x00,0x80,0x01,0x1E,0x00,0x01,
	0x00,0x01,0x1E,0x00,0x07,0x00,0x09,0x1F,
	0x01,0x63,0x05,0x21,0x04,0x00,0x04,0x00,
	0x02,0x05,0x1E,0x00,0x07,0x00,0x0F,0x1F,
	0x01,0x63,0x05,0x21,0x04,0x00,0x04,0x00,
	0x21,0x02,0x00,0x02,0x00,0x1E,0x00,0x02,
	0x00,0x0A,0x21,0x04,0x00,0x04,0x00,0x21,
	0x04,0x02,0x04,0x02,0x00,0x82,0x12,0x00,
	0x0A,0x1F,0x01,0x63,0x05,0x21,0x04,0x00,
	0x04,0x00,0x1E,0x00,0x82,0x12,0x00,0x00,
	0x2A,0x00,0x00,0x00
};
