const unsigned char main_dict[]={
0x00, 0x00, 0x04, 0xDF, 0x00, 0x00, 0x65, 0x14, 	
0x00, 0x00, 0x00, 0x02, 0x00, 0x00, 0x00, 0x00, 	
0x00, 0x00, 0x00, 0x04, 0x00, 0x00, 0x00, 0x00, 	
0x00, 0x00, 0x00, 0x13, 0x00, 0x00, 0x00, 0x1A, 	
0x00, 0x00, 0x00, 0x22, 0x00, 0x00, 0x00, 0x2B, 	
0x00, 0x00, 0x00, 0x34, 0x00, 0x00, 0x00, 0x39, 	
0x00, 0x00, 0x00, 0x45, 0x00, 0x00, 0x00, 0x55, 	
0x00, 0x00, 0x00, 0x66, 0x00, 0x00, 0x00, 0x7A, 	
0x00, 0x00, 0x00, 0x8A, 0x00, 0x00, 0x00, 0x93, 	
0x00, 0x00, 0x00, 0x9C, 0x00, 0x00, 0x00, 0xAE, 	
0x00, 0x00, 0x00, 0xC7, 0x00, 0x00, 0x00, 0xDB, 	
0x00, 0x00, 0x00, 0xEB, 0x00, 0x00, 0x01, 0x00, 	
0x00, 0x00, 0x01, 0x12, 0x00, 0x00, 0x01, 0x24, 	
0x00, 0x00, 0x01, 0x37, 0x00, 0x00, 0x01, 0x41, 	
0x00, 0x00, 0x01, 0x5C, 0x00, 0x00, 0x01, 0x79, 	
0x00, 0x00, 0x01, 0x8A, 0x00, 0x00, 0x01, 0xA0, 	
0x00, 0x00, 0x01, 0xB6, 0x00, 0x00, 0x01, 0xCA, 	
0x00, 0x00, 0x01, 0xE1, 0x00, 0x00, 0x01, 0xEA, 	
0x00, 0x00, 0x01, 0xF9, 0x00, 0x00, 0x02, 0x04, 	
0x00, 0x00, 0x02, 0x0F, 0x00, 0x00, 0x02, 0x1F, 	
0x00, 0x00, 0x02, 0x34, 0x00, 0x00, 0x02, 0x4B, 	
0x00, 0x00, 0x02, 0x5F, 0x00, 0x00, 0x02, 0x7A, 	
0x00, 0x00, 0x02, 0x8E, 0x00, 0x00, 0x02, 0x9F, 	
0x00, 0x00, 0x02, 0xB2, 0x00, 0x00, 0x02, 0xC2, 	
0x00, 0x00, 0x02, 0xCF, 0x00, 0x00, 0x02, 0xE9, 	
0x00, 0x00, 0x02, 0xF5, 0x00, 0x00, 0x03, 0x01, 	
0x00, 0x00, 0x03, 0x13, 0x00, 0x00, 0x03, 0x26, 	
0x00, 0x00, 0x03, 0x3A, 0x00, 0x00, 0x03, 0x44, 	
0x00, 0x00, 0x03, 0x55, 0x00, 0x00, 0x03, 0x66, 	
0x00, 0x00, 0x03, 0x70, 0x00, 0x00, 0x03, 0x7A, 	
0x00, 0x00, 0x03, 0x84, 0x00, 0x00, 0x03, 0x98, 	
0x00, 0x00, 0x03, 0xB1, 0x00, 0x00, 0x03, 0xC0, 	
0x00, 0x00, 0x03, 0xC9, 0x00, 0x00, 0x03, 0xDC, 	
0x00, 0x00, 0x03, 0xED, 0x00, 0x00, 0x04, 0x01, 	
0x00, 0x00, 0x04, 0x10, 0x00, 0x00, 0x04, 0x19, 	
0x00, 0x00, 0x04, 0x21, 0x00, 0x00, 0x04, 0x2B, 	
0x00, 0x00, 0x04, 0x32, 0x00, 0x00, 0x04, 0x39, 	
0x00, 0x00, 0x04, 0x41, 0x00, 0x00, 0x04, 0x49, 	
0x00, 0x00, 0x04, 0x4E, 0x00, 0x00, 0x04, 0x54, 	
0x00, 0x00, 0x04, 0x5C, 0x00, 0x00, 0x04, 0x64, 	
0x00, 0x00, 0x04, 0x6B, 0x00, 0x00, 0x04, 0x72, 	
0x00, 0x00, 0x04, 0x79, 0x00, 0x00, 0x04, 0x80, 	
0x00, 0x00, 0x04, 0x87, 0x00, 0x00, 0x04, 0x90, 	
0x00, 0x00, 0x04, 0x9D, 0x00, 0x00, 0x04, 0xA9, 	
0x00, 0x00, 0x04, 0xB1, 0x00, 0x00, 0x04, 0xBE, 	
0x00, 0x00, 0x04, 0xD0, 0x00, 0x00, 0x04, 0xDB, 	
0x00, 0x00, 0x04, 0xE0, 0x00, 0x00, 0x04, 0xEF, 	
0x00, 0x00, 0x05, 0x07, 0x00, 0x00, 0x05, 0x0F, 	
0x00, 0x00, 0x05, 0x1F, 0x00, 0x00, 0x05, 0x32, 	
0x00, 0x00, 0x05, 0x48, 0x00, 0x00, 0x05, 0x5B, 	
0x00, 0x00, 0x05, 0x77, 0x00, 0x00, 0x05, 0x8B, 	
0x00, 0x00, 0x05, 0x9F, 0x00, 0x00, 0x05, 0xB7, 	
0x00, 0x00, 0x05, 0xC9, 0x00, 0x00, 0x05, 0xDD, 	
0x00, 0x00, 0x05, 0xED, 0x00, 0x00, 0x05, 0xFF, 	
0x00, 0x00, 0x06, 0x12, 0x00, 0x00, 0x06, 0x22, 	
0x00, 0x00, 0x06, 0x33, 0x00, 0x00, 0x06, 0x44, 	
0x00, 0x00, 0x06, 0x58, 0x00, 0x00, 0x06, 0x68, 	
0x00, 0x00, 0x06, 0x70, 0x00, 0x00, 0x06, 0x85, 	
0x00, 0x00, 0x06, 0x95, 0x00, 0x00, 0x06, 0xA7, 	
0x00, 0x00, 0x06, 0xB8, 0x00, 0x00, 0x06, 0xCE, 	
0x00, 0x00, 0x06, 0xE5, 0x00, 0x00, 0x06, 0xFD, 	
0x00, 0x00, 0x07, 0x11, 0x00, 0x00, 0x07, 0x1C, 	
0x00, 0x00, 0x07, 0x35, 0x00, 0x00, 0x07, 0x5C, 	
0x00, 0x00, 0x07, 0x6E, 0x00, 0x00, 0x07, 0x85, 	
0x00, 0x00, 0x07, 0x97, 0x00, 0x00, 0x07, 0xA9, 	
0x00, 0x00, 0x07, 0xC5, 0x00, 0x00, 0x07, 0xD9, 	
0x00, 0x00, 0x07, 0xED, 0x00, 0x00, 0x07, 0xF5, 	
0x00, 0x00, 0x08, 0x05, 0x00, 0x00, 0x08, 0x10, 	
0x00, 0x00, 0x08, 0x1C, 0x00, 0x00, 0x08, 0x32, 	
0x00, 0x00, 0x08, 0x44, 0x00, 0x00, 0x08, 0x5C, 	
0x00, 0x00, 0x08, 0x74, 0x00, 0x00, 0x08, 0x86, 	
0x00, 0x00, 0x08, 0x9B, 0x00, 0x00, 0x08, 0xAE, 	
0x00, 0x00, 0x08, 0xC5, 0x00, 0x00, 0x08, 0xDA, 	
0x00, 0x00, 0x08, 0xEA, 0x00, 0x00, 0x09, 0x0C, 	
0x00, 0x00, 0x09, 0x1F, 0x00, 0x00, 0x09, 0x2B, 	
0x00, 0x00, 0x09, 0x3A, 0x00, 0x00, 0x09, 0x51, 	
0x00, 0x00, 0x09, 0x5F, 0x00, 0x00, 0x09, 0x6D, 	
0x00, 0x00, 0x09, 0x7E, 0x00, 0x00, 0x09, 0x89, 	
0x00, 0x00, 0x09, 0x95, 0x00, 0x00, 0x09, 0xAB, 	
0x00, 0x00, 0x09, 0xBE, 0x00, 0x00, 0x09, 0xCC, 	
0x00, 0x00, 0x09, 0xE7, 0x00, 0x00, 0x09, 0xED, 	
0x00, 0x00, 0x09, 0xF9, 0x00, 0x00, 0x0A, 0x04, 	
0x00, 0x00, 0x0A, 0x11, 0x00, 0x00, 0x0A, 0x26, 	
0x00, 0x00, 0x0A, 0x39, 0x00, 0x00, 0x0A, 0x50, 	
0x00, 0x00, 0x0A, 0x69, 0x00, 0x00, 0x0A, 0x73, 	
0x00, 0x00, 0x0A, 0x87, 0x00, 0x00, 0x0A, 0x9A, 	
0x00, 0x00, 0x0A, 0xA6, 0x00, 0x00, 0x0A, 0xB8, 	
0x00, 0x00, 0x0A, 0xC7, 0x00, 0x00, 0x0A, 0xDF, 	
0x00, 0x00, 0x0A, 0xF3, 0x00, 0x00, 0x0B, 0x03, 	
0x00, 0x00, 0x0B, 0x10, 0x00, 0x00, 0x0B, 0x1E, 	
0x00, 0x00, 0x0B, 0x38, 0x00, 0x00, 0x0B, 0x51, 	
0x00, 0x00, 0x0B, 0x6A, 0x00, 0x00, 0x0B, 0x7A, 	
0x00, 0x00, 0x0B, 0x89, 0x00, 0x00, 0x0B, 0x9D, 	
0x00, 0x00, 0x0B, 0xB0, 0x00, 0x00, 0x0B, 0xC4, 	
0x00, 0x00, 0x0B, 0xD7, 0x00, 0x00, 0x0B, 0xEE, 	
0x00, 0x00, 0x0C, 0x03, 0x00, 0x00, 0x0C, 0x17, 	
0x00, 0x00, 0x0C, 0x26, 0x00, 0x00, 0x0C, 0x33, 	
0x00, 0x00, 0x0C, 0x47, 0x00, 0x00, 0x0C, 0x54, 	
0x00, 0x00, 0x0C, 0x67, 0x00, 0x00, 0x0C, 0x7E, 	
0x00, 0x00, 0x0C, 0x93, 0x00, 0x00, 0x0C, 0xAD, 	
0x00, 0x00, 0x0C, 0xBC, 0x00, 0x00, 0x0C, 0xD1, 	
0x00, 0x00, 0x0C, 0xE4, 0x00, 0x00, 0x0C, 0xF9, 	
0x00, 0x00, 0x0D, 0x05, 0x00, 0x00, 0x0D, 0x11, 	
0x00, 0x00, 0x0D, 0x24, 0x00, 0x00, 0x0D, 0x30, 	
0x00, 0x00, 0x0D, 0x44, 0x00, 0x00, 0x0D, 0x53, 	
0x00, 0x00, 0x0D, 0x6B, 0x00, 0x00, 0x0D, 0x7F, 	
0x00, 0x00, 0x0D, 0x8F, 0x00, 0x00, 0x0D, 0x9F, 	
0x00, 0x00, 0x0D, 0xB3, 0x00, 0x00, 0x0D, 0xC2, 	
0x00, 0x00, 0x0D, 0xD7, 0x00, 0x00, 0x0D, 0xE5, 	
0x00, 0x00, 0x0D, 0xF2, 0x00, 0x00, 0x0D, 0xFE, 	
0x00, 0x00, 0x0E, 0x15, 0x00, 0x00, 0x0E, 0x30, 	
0x00, 0x00, 0x0E, 0x41, 0x00, 0x00, 0x0E, 0x4F, 	
0x00, 0x00, 0x0E, 0x63, 0x00, 0x00, 0x0E, 0x7B, 	
0x00, 0x00, 0x0E, 0x8C, 0x00, 0x00, 0x0E, 0x9A, 	
0x00, 0x00, 0x0E, 0xAF, 0x00, 0x00, 0x0E, 0xC0, 	
0x00, 0x00, 0x0E, 0xD4, 0x00, 0x00, 0x0E, 0xE5, 	
0x00, 0x00, 0x0E, 0xF4, 0x00, 0x00, 0x0F, 0x05, 	
0x00, 0x00, 0x0F, 0x15, 0x00, 0x00, 0x0F, 0x26, 	
0x00, 0x00, 0x0F, 0x31, 0x00, 0x00, 0x0F, 0x46, 	
0x00, 0x00, 0x0F, 0x55, 0x00, 0x00, 0x0F, 0x5F, 	
0x00, 0x00, 0x0F, 0x70, 0x00, 0x00, 0x0F, 0x87, 	
0x00, 0x00, 0x0F, 0x90, 0x00, 0x00, 0x0F, 0xA0, 	
0x00, 0x00, 0x0F, 0xA6, 0x00, 0x00, 0x0F, 0xB8, 	
0x00, 0x00, 0x0F, 0xCB, 0x00, 0x00, 0x0F, 0xDE, 	
0x00, 0x00, 0x0F, 0xE8, 0x00, 0x00, 0x0F, 0xFA, 	
0x00, 0x00, 0x10, 0x0D, 0x00, 0x00, 0x10, 0x22, 	
0x00, 0x00, 0x10, 0x39, 0x00, 0x00, 0x10, 0x49, 	
0x00, 0x00, 0x10, 0x60, 0x00, 0x00, 0x10, 0x6D, 	
0x00, 0x00, 0x10, 0x81, 0x00, 0x00, 0x10, 0x97, 	
0x00, 0x00, 0x10, 0xA7, 0x00, 0x00, 0x10, 0xB9, 	
0x00, 0x00, 0x10, 0xCE, 0x00, 0x00, 0x10, 0xE6, 	
0x00, 0x00, 0x10, 0xFB, 0x00, 0x00, 0x11, 0x09, 	
0x00, 0x00, 0x11, 0x1B, 0x00, 0x00, 0x11, 0x2D, 	
0x00, 0x00, 0x11, 0x3C, 0x00, 0x00, 0x11, 0x48, 	
0x00, 0x00, 0x11, 0x58, 0x00, 0x00, 0x11, 0x66, 	
0x00, 0x00, 0x11, 0x79, 0x00, 0x00, 0x11, 0x88, 	
0x00, 0x00, 0x11, 0x94, 0x00, 0x00, 0x11, 0xA0, 	
0x00, 0x00, 0x11, 0xB7, 0x00, 0x00, 0x11, 0xC9, 	
0x00, 0x00, 0x11, 0xD8, 0x00, 0x00, 0x11, 0xEA, 	
0x00, 0x00, 0x11, 0xFE, 0x00, 0x00, 0x12, 0x13, 	
0x00, 0x00, 0x12, 0x24, 0x00, 0x00, 0x12, 0x3A, 	
0x00, 0x00, 0x12, 0x52, 0x00, 0x00, 0x12, 0x5F, 	
0x00, 0x00, 0x12, 0x74, 0x00, 0x00, 0x12, 0x8B, 	
0x00, 0x00, 0x12, 0x9A, 0x00, 0x00, 0x12, 0xAA, 	
0x00, 0x00, 0x12, 0xB8, 0x00, 0x00, 0x12, 0xCE, 	
0x00, 0x00, 0x12, 0xE0, 0x00, 0x00, 0x12, 0xF4, 	
0x00, 0x00, 0x13, 0x04, 0x00, 0x00, 0x13, 0x13, 	
0x00, 0x00, 0x13, 0x27, 0x00, 0x00, 0x13, 0x32, 	
0x00, 0x00, 0x13, 0x40, 0x00, 0x00, 0x13, 0x4C, 	
0x00, 0x00, 0x13, 0x57, 0x00, 0x00, 0x13, 0x63, 	
0x00, 0x00, 0x13, 0x73, 0x00, 0x00, 0x13, 0x85, 	
0x00, 0x00, 0x13, 0x96, 0x00, 0x00, 0x13, 0xA7, 	
0x00, 0x00, 0x13, 0xB8, 0x00, 0x00, 0x13, 0xCC, 	
0x00, 0x00, 0x13, 0xE2, 0x00, 0x00, 0x13, 0xF6, 	
0x00, 0x00, 0x14, 0x07, 0x00, 0x00, 0x14, 0x22, 	
0x00, 0x00, 0x14, 0x35, 0x00, 0x00, 0x14, 0x50, 	
0x00, 0x00, 0x14, 0x6C, 0x00, 0x00, 0x14, 0x80, 	
0x00, 0x00, 0x14, 0x99, 0x00, 0x00, 0x14, 0xAE, 	
0x00, 0x00, 0x14, 0xBD, 0x00, 0x00, 0x14, 0xD1, 	
0x00, 0x00, 0x14, 0xEF, 0x00, 0x00, 0x15, 0x06, 	
0x00, 0x00, 0x15, 0x1B, 0x00, 0x00, 0x15, 0x2B, 	
0x00, 0x00, 0x15, 0x39, 0x00, 0x00, 0x15, 0x4C, 	
0x00, 0x00, 0x15, 0x5D, 0x00, 0x00, 0x15, 0x73, 	
0x00, 0x00, 0x15, 0x80, 0x00, 0x00, 0x15, 0x90, 	
0x00, 0x00, 0x15, 0x9C, 0x00, 0x00, 0x15, 0xAB, 	
0x00, 0x00, 0x15, 0xBC, 0x00, 0x00, 0x15, 0xC9, 	
0x00, 0x00, 0x15, 0xDC, 0x00, 0x00, 0x15, 0xF2, 	
0x00, 0x00, 0x16, 0x04, 0x00, 0x00, 0x16, 0x19, 	
0x00, 0x00, 0x16, 0x31, 0x00, 0x00, 0x16, 0x43, 	
0x00, 0x00, 0x16, 0x5D, 0x00, 0x00, 0x16, 0x6D, 	
0x00, 0x00, 0x16, 0x7E, 0x00, 0x00, 0x16, 0x91, 	
0x00, 0x00, 0x16, 0xA0, 0x00, 0x00, 0x16, 0xAD, 	
0x00, 0x00, 0x16, 0xBC, 0x00, 0x00, 0x16, 0xCC, 	
0x00, 0x00, 0x16, 0xE6, 0x00, 0x00, 0x16, 0xF6, 	
0x00, 0x00, 0x17, 0x00, 0x00, 0x00, 0x17, 0x11, 	
0x00, 0x00, 0x17, 0x26, 0x00, 0x00, 0x17, 0x35, 	
0x00, 0x00, 0x17, 0x3B, 0x00, 0x00, 0x17, 0x51, 	
0x00, 0x00, 0x17, 0x5F, 0x00, 0x00, 0x17, 0x67, 	
0x00, 0x00, 0x17, 0x78, 0x00, 0x00, 0x17, 0x8C, 	
0x00, 0x00, 0x17, 0xA4, 0x00, 0x00, 0x17, 0xB4, 	
0x00, 0x00, 0x17, 0xC0, 0x00, 0x00, 0x17, 0xD3, 	
0x00, 0x00, 0x17, 0xE5, 0x00, 0x00, 0x17, 0xF1, 	
0x00, 0x00, 0x18, 0x07, 0x00, 0x00, 0x18, 0x18, 	
0x00, 0x00, 0x18, 0x2A, 0x00, 0x00, 0x18, 0x41, 	
0x00, 0x00, 0x18, 0x50, 0x00, 0x00, 0x18, 0x63, 	
0x00, 0x00, 0x18, 0x78, 0x00, 0x00, 0x18, 0x8F, 	
0x00, 0x00, 0x18, 0x9B, 0x00, 0x00, 0x18, 0xAA, 	
0x00, 0x00, 0x18, 0xC0, 0x00, 0x00, 0x18, 0xCF, 	
0x00, 0x00, 0x18, 0xDD, 0x00, 0x00, 0x18, 0xF0, 	
0x00, 0x00, 0x19, 0x03, 0x00, 0x00, 0x19, 0x1A, 	
0x00, 0x00, 0x19, 0x30, 0x00, 0x00, 0x19, 0x41, 	
0x00, 0x00, 0x19, 0x59, 0x00, 0x00, 0x19, 0x68, 	
0x00, 0x00, 0x19, 0x77, 0x00, 0x00, 0x19, 0x84, 	
0x00, 0x00, 0x19, 0x9B, 0x00, 0x00, 0x19, 0xAC, 	
0x00, 0x00, 0x19, 0xC1, 0x00, 0x00, 0x19, 0xCE, 	
0x00, 0x00, 0x19, 0xDB, 0x00, 0x00, 0x19, 0xEC, 	
0x00, 0x00, 0x19, 0xFC, 0x00, 0x00, 0x1A, 0x0F, 	
0x00, 0x00, 0x1A, 0x21, 0x00, 0x00, 0x1A, 0x35, 	
0x00, 0x00, 0x1A, 0x46, 0x00, 0x00, 0x1A, 0x56, 	
0x00, 0x00, 0x1A, 0x62, 0x00, 0x00, 0x1A, 0x78, 	
0x00, 0x00, 0x1A, 0x8E, 0x00, 0x00, 0x1A, 0x9D, 	
0x00, 0x00, 0x1A, 0xAD, 0x00, 0x00, 0x1A, 0xBB, 	
0x00, 0x00, 0x1A, 0xCF, 0x00, 0x00, 0x1A, 0xEE, 	
0x00, 0x00, 0x1B, 0x03, 0x00, 0x00, 0x1B, 0x1A, 	
0x00, 0x00, 0x1B, 0x2F, 0x00, 0x00, 0x1B, 0x44, 	
0x00, 0x00, 0x1B, 0x57, 0x00, 0x00, 0x1B, 0x6E, 	
0x00, 0x00, 0x1B, 0x86, 0x00, 0x00, 0x1B, 0x9C, 	
0x00, 0x00, 0x1B, 0xB3, 0x00, 0x00, 0x1B, 0xD1, 	
0x00, 0x00, 0x1B, 0xDE, 0x00, 0x00, 0x1B, 0xF0, 	
0x00, 0x00, 0x1C, 0x03, 0x00, 0x00, 0x1C, 0x17, 	
0x00, 0x00, 0x1C, 0x30, 0x00, 0x00, 0x1C, 0x40, 	
0x00, 0x00, 0x1C, 0x52, 0x00, 0x00, 0x1C, 0x65, 	
0x00, 0x00, 0x1C, 0x7A, 0x00, 0x00, 0x1C, 0x90, 	
0x00, 0x00, 0x1C, 0xA2, 0x00, 0x00, 0x1C, 0xB8, 	
0x00, 0x00, 0x1C, 0xCE, 0x00, 0x00, 0x1C, 0xD3, 	
0x00, 0x00, 0x1C, 0xE6, 0x00, 0x00, 0x1C, 0xF2, 	
0x00, 0x00, 0x1D, 0x01, 0x00, 0x00, 0x1D, 0x17, 	
0x00, 0x00, 0x1D, 0x23, 0x00, 0x00, 0x1D, 0x3D, 	
0x00, 0x00, 0x1D, 0x4F, 0x00, 0x00, 0x1D, 0x66, 	
0x00, 0x00, 0x1D, 0x75, 0x00, 0x00, 0x1D, 0x8B, 	
0x00, 0x00, 0x1D, 0xA2, 0x00, 0x00, 0x1D, 0xB8, 	
0x00, 0x00, 0x1D, 0xCB, 0x00, 0x00, 0x1D, 0xE3, 	
0x00, 0x00, 0x1D, 0xF5, 0x00, 0x00, 0x1D, 0xFD, 	
0x00, 0x00, 0x1E, 0x0C, 0x00, 0x00, 0x1E, 0x1B, 	
0x00, 0x00, 0x1E, 0x34, 0x00, 0x00, 0x1E, 0x50, 	
0x00, 0x00, 0x1E, 0x62, 0x00, 0x00, 0x1E, 0x6D, 	
0x00, 0x00, 0x1E, 0x89, 0x00, 0x00, 0x1E, 0x98, 	
0x00, 0x00, 0x1E, 0xA6, 0x00, 0x00, 0x1E, 0xB4, 	
0x00, 0x00, 0x1E, 0xC8, 0x00, 0x00, 0x1E, 0xDE, 	
0x00, 0x00, 0x1E, 0xEF, 0x00, 0x00, 0x1F, 0x03, 	
0x00, 0x00, 0x1F, 0x17, 0x00, 0x00, 0x1F, 0x2B, 	
0x00, 0x00, 0x1F, 0x31, 0x00, 0x00, 0x1F, 0x40, 	
0x00, 0x00, 0x1F, 0x55, 0x00, 0x00, 0x1F, 0x65, 	
0x00, 0x00, 0x1F, 0x74, 0x00, 0x00, 0x1F, 0x85, 	
0x00, 0x00, 0x1F, 0x96, 0x00, 0x00, 0x1F, 0xAB, 	
0x00, 0x00, 0x1F, 0xBF, 0x00, 0x00, 0x1F, 0xCE, 	
0x00, 0x00, 0x1F, 0xE4, 0x00, 0x00, 0x1F, 0xF0, 	
0x00, 0x00, 0x1F, 0xFE, 0x00, 0x00, 0x20, 0x0B, 	
0x00, 0x00, 0x20, 0x22, 0x00, 0x00, 0x20, 0x2F, 	
0x00, 0x00, 0x20, 0x3F, 0x00, 0x00, 0x20, 0x51, 	
0x00, 0x00, 0x20, 0x64, 0x00, 0x00, 0x20, 0x73, 	
0x00, 0x00, 0x20, 0x7F, 0x00, 0x00, 0x20, 0x92, 	
0x00, 0x00, 0x20, 0x9D, 0x00, 0x00, 0x20, 0xAC, 	
0x00, 0x00, 0x20, 0xC0, 0x00, 0x00, 0x20, 0xD8, 	
0x00, 0x00, 0x20, 0xE9, 0x00, 0x00, 0x20, 0xFC, 	
0x00, 0x00, 0x21, 0x08, 0x00, 0x00, 0x21, 0x14, 	
0x00, 0x00, 0x21, 0x29, 0x00, 0x00, 0x21, 0x3C, 	
0x00, 0x00, 0x21, 0x4C, 0x00, 0x00, 0x21, 0x5C, 	
0x00, 0x00, 0x21, 0x6B, 0x00, 0x00, 0x21, 0x7B, 	
0x00, 0x00, 0x21, 0x8A, 0x00, 0x00, 0x21, 0x95, 	
0x00, 0x00, 0x21, 0xA7, 0x00, 0x00, 0x21, 0xB1, 	
0x00, 0x00, 0x21, 0xBE, 0x00, 0x00, 0x21, 0xC4, 	
0x00, 0x00, 0x21, 0xD0, 0x00, 0x00, 0x21, 0xDE, 	
0x00, 0x00, 0x21, 0xF3, 0x00, 0x00, 0x22, 0x05, 	
0x00, 0x00, 0x22, 0x1E, 0x00, 0x00, 0x22, 0x35, 	
0x00, 0x00, 0x22, 0x48, 0x00, 0x00, 0x22, 0x55, 	
0x00, 0x00, 0x22, 0x6C, 0x00, 0x00, 0x22, 0x8F, 	
0x00, 0x00, 0x22, 0x9F, 0x00, 0x00, 0x22, 0xB7, 	
0x00, 0x00, 0x22, 0xC8, 0x00, 0x00, 0x22, 0xD6, 	
0x00, 0x00, 0x22, 0xE9, 0x00, 0x00, 0x22, 0xF3, 	
0x00, 0x00, 0x23, 0x01, 0x00, 0x00, 0x23, 0x0C, 	
0x00, 0x00, 0x23, 0x25, 0x00, 0x00, 0x23, 0x2F, 	
0x00, 0x00, 0x23, 0x39, 0x00, 0x00, 0x23, 0x4F, 	
0x00, 0x00, 0x23, 0x64, 0x00, 0x00, 0x23, 0x80, 	
0x00, 0x00, 0x23, 0x8D, 0x00, 0x00, 0x23, 0x9C, 	
0x00, 0x00, 0x23, 0xB2, 0x00, 0x00, 0x23, 0xC7, 	
0x00, 0x00, 0x23, 0xD6, 0x00, 0x00, 0x23, 0xE5, 	
0x00, 0x00, 0x23, 0xFB, 0x00, 0x00, 0x24, 0x0C, 	
0x00, 0x00, 0x24, 0x1F, 0x00, 0x00, 0x24, 0x34, 	
0x00, 0x00, 0x24, 0x3F, 0x00, 0x00, 0x24, 0x57, 	
0x00, 0x00, 0x24, 0x6C, 0x00, 0x00, 0x24, 0x72, 	
0x00, 0x00, 0x24, 0x84, 0x00, 0x00, 0x24, 0x96, 	
0x00, 0x00, 0x24, 0xA9, 0x00, 0x00, 0x24, 0xBC, 	
0x00, 0x00, 0x24, 0xCD, 0x00, 0x00, 0x24, 0xE2, 	
0x00, 0x00, 0x24, 0xF8, 0x00, 0x00, 0x25, 0x09, 	
0x00, 0x00, 0x25, 0x15, 0x00, 0x00, 0x25, 0x27, 	
0x00, 0x00, 0x25, 0x34, 0x00, 0x00, 0x25, 0x45, 	
0x00, 0x00, 0x25, 0x59, 0x00, 0x00, 0x25, 0x65, 	
0x00, 0x00, 0x25, 0x7A, 0x00, 0x00, 0x25, 0x89, 	
0x00, 0x00, 0x25, 0x9B, 0x00, 0x00, 0x25, 0xAC, 	
0x00, 0x00, 0x25, 0xC6, 0x00, 0x00, 0x25, 0xD8, 	
0x00, 0x00, 0x25, 0xEC, 0x00, 0x00, 0x26, 0x01, 	
0x00, 0x00, 0x26, 0x17, 0x00, 0x00, 0x26, 0x2A, 	
0x00, 0x00, 0x26, 0x40, 0x00, 0x00, 0x26, 0x48, 	
0x00, 0x00, 0x26, 0x56, 0x00, 0x00, 0x26, 0x5E, 	
0x00, 0x00, 0x26, 0x6E, 0x00, 0x00, 0x26, 0x82, 	
0x00, 0x00, 0x26, 0x9D, 0x00, 0x00, 0x26, 0xB4, 	
0x00, 0x00, 0x26, 0xCD, 0x00, 0x00, 0x26, 0xDE, 	
0x00, 0x00, 0x26, 0xF2, 0x00, 0x00, 0x26, 0xF7, 	
0x00, 0x00, 0x27, 0x03, 0x00, 0x00, 0x27, 0x14, 	
0x00, 0x00, 0x27, 0x27, 0x00, 0x00, 0x27, 0x39, 	
0x00, 0x00, 0x27, 0x40, 0x00, 0x00, 0x27, 0x4A, 	
0x00, 0x00, 0x27, 0x5F, 0x00, 0x00, 0x27, 0x73, 	
0x00, 0x00, 0x27, 0x86, 0x00, 0x00, 0x27, 0x95, 	
0x00, 0x00, 0x27, 0xAD, 0x00, 0x00, 0x27, 0xC4, 	
0x00, 0x00, 0x27, 0xDA, 0x00, 0x00, 0x27, 0xEA, 	
0x00, 0x00, 0x28, 0x05, 0x00, 0x00, 0x28, 0x18, 	
0x00, 0x00, 0x28, 0x2C, 0x00, 0x00, 0x28, 0x4A, 	
0x00, 0x00, 0x28, 0x61, 0x00, 0x00, 0x28, 0x74, 	
0x00, 0x00, 0x28, 0x89, 0x00, 0x00, 0x28, 0xA9, 	
0x00, 0x00, 0x28, 0xC2, 0x00, 0x00, 0x28, 0xD6, 	
0x00, 0x00, 0x28, 0xE2, 0x00, 0x00, 0x28, 0xEF, 	
0x00, 0x00, 0x29, 0x04, 0x00, 0x00, 0x29, 0x13, 	
0x00, 0x00, 0x29, 0x2F, 0x00, 0x00, 0x29, 0x4B, 	
0x00, 0x00, 0x29, 0x5D, 0x00, 0x00, 0x29, 0x71, 	
0x00, 0x00, 0x29, 0x88, 0x00, 0x00, 0x29, 0xA1, 	
0x00, 0x00, 0x29, 0xB4, 0x00, 0x00, 0x29, 0xBF, 	
0x00, 0x00, 0x29, 0xD5, 0x00, 0x00, 0x29, 0xE4, 	
0x00, 0x00, 0x29, 0xF5, 0x00, 0x00, 0x2A, 0x09, 	
0x00, 0x00, 0x2A, 0x1E, 0x00, 0x00, 0x2A, 0x27, 	
0x00, 0x00, 0x2A, 0x2D, 0x00, 0x00, 0x2A, 0x38, 	
0x00, 0x00, 0x2A, 0x49, 0x00, 0x00, 0x2A, 0x54, 	
0x00, 0x00, 0x2A, 0x61, 0x00, 0x00, 0x2A, 0x77, 	
0x00, 0x00, 0x2A, 0x8C, 0x00, 0x00, 0x2A, 0x95, 	
0x00, 0x00, 0x2A, 0xA4, 0x00, 0x00, 0x2A, 0xB4, 	
0x00, 0x00, 0x2A, 0xC7, 0x00, 0x00, 0x2A, 0xD7, 	
0x00, 0x00, 0x2A, 0xE8, 0x00, 0x00, 0x2A, 0xF6, 	
0x00, 0x00, 0x2B, 0x0B, 0x00, 0x00, 0x2B, 0x1C, 	
0x00, 0x00, 0x2B, 0x2B, 0x00, 0x00, 0x2B, 0x44, 	
0x00, 0x00, 0x2B, 0x4A, 0x00, 0x00, 0x2B, 0x55, 	
0x00, 0x00, 0x2B, 0x64, 0x00, 0x00, 0x2B, 0x6F, 	
0x00, 0x00, 0x2B, 0x80, 0x00, 0x00, 0x2B, 0x90, 	
0x00, 0x00, 0x2B, 0x9A, 0x00, 0x00, 0x2B, 0xA8, 	
0x00, 0x00, 0x2B, 0xB6, 0x00, 0x00, 0x2B, 0xD1, 	
0x00, 0x00, 0x2B, 0xE5, 0x00, 0x00, 0x2B, 0xF7, 	
0x00, 0x00, 0x2C, 0x06, 0x00, 0x00, 0x2C, 0x13, 	
0x00, 0x00, 0x2C, 0x26, 0x00, 0x00, 0x2C, 0x42, 	
0x00, 0x00, 0x2C, 0x58, 0x00, 0x00, 0x2C, 0x66, 	
0x00, 0x00, 0x2C, 0x77, 0x00, 0x00, 0x2C, 0x87, 	
0x00, 0x00, 0x2C, 0x92, 0x00, 0x00, 0x2C, 0x9F, 	
0x00, 0x00, 0x2C, 0xAE, 0x00, 0x00, 0x2C, 0xB4, 	
0x00, 0x00, 0x2C, 0xBF, 0x00, 0x00, 0x2C, 0xCC, 	
0x00, 0x00, 0x2C, 0xD9, 0x00, 0x00, 0x2C, 0xED, 	
0x00, 0x00, 0x2C, 0xFE, 0x00, 0x00, 0x2D, 0x1B, 	
0x00, 0x00, 0x2D, 0x31, 0x00, 0x00, 0x2D, 0x4B, 	
0x00, 0x00, 0x2D, 0x63, 0x00, 0x00, 0x2D, 0x78, 	
0x00, 0x00, 0x2D, 0x81, 0x00, 0x00, 0x2D, 0x96, 	
0x00, 0x00, 0x2D, 0xA5, 0x00, 0x00, 0x2D, 0xB6, 	
0x00, 0x00, 0x2D, 0xC6, 0x00, 0x00, 0x2D, 0xDD, 	
0x00, 0x00, 0x2D, 0xEC, 0x00, 0x00, 0x2D, 0xFA, 	
0x00, 0x00, 0x2E, 0x04, 0x00, 0x00, 0x2E, 0x12, 	
0x00, 0x00, 0x2E, 0x22, 0x00, 0x00, 0x2E, 0x33, 	
0x00, 0x00, 0x2E, 0x48, 0x00, 0x00, 0x2E, 0x58, 	
0x00, 0x00, 0x2E, 0x6F, 0x00, 0x00, 0x2E, 0x7C, 	
0x00, 0x00, 0x2E, 0x8F, 0x00, 0x00, 0x2E, 0x9E, 	
0x00, 0x00, 0x2E, 0xB0, 0x00, 0x00, 0x2E, 0xC4, 	
0x00, 0x00, 0x2E, 0xDB, 0x00, 0x00, 0x2E, 0xE6, 	
0x00, 0x00, 0x2E, 0xF5, 0x00, 0x00, 0x2F, 0x01, 	
0x00, 0x00, 0x2F, 0x0F, 0x00, 0x00, 0x2F, 0x20, 	
0x00, 0x00, 0x2F, 0x34, 0x00, 0x00, 0x2F, 0x43, 	
0x00, 0x00, 0x2F, 0x4E, 0x00, 0x00, 0x2F, 0x5B, 	
0x00, 0x00, 0x2F, 0x66, 0x00, 0x00, 0x2F, 0x76, 	
0x00, 0x00, 0x2F, 0x80, 0x00, 0x00, 0x2F, 0x86, 	
0x00, 0x00, 0x2F, 0x98, 0x00, 0x00, 0x2F, 0xA5, 	
0x00, 0x00, 0x2F, 0xBA, 0x00, 0x00, 0x2F, 0xC4, 	
0x00, 0x00, 0x2F, 0xD8, 0x00, 0x00, 0x2F, 0xE7, 	
0x00, 0x00, 0x2F, 0xF6, 0x00, 0x00, 0x30, 0x06, 	
0x00, 0x00, 0x30, 0x1A, 0x00, 0x00, 0x30, 0x2E, 	
0x00, 0x00, 0x30, 0x51, 0x00, 0x00, 0x30, 0x77, 	
0x00, 0x00, 0x30, 0x89, 0x00, 0x00, 0x30, 0x96, 	
0x00, 0x00, 0x30, 0xA6, 0x00, 0x00, 0x30, 0xB8, 	
0x00, 0x00, 0x30, 0xCC, 0x00, 0x00, 0x30, 0xDC, 	
0x00, 0x00, 0x30, 0xF1, 0x00, 0x00, 0x31, 0x06, 	
0x00, 0x00, 0x31, 0x0E, 0x00, 0x00, 0x31, 0x23, 	
0x00, 0x00, 0x31, 0x2C, 0x00, 0x00, 0x31, 0x3D, 	
0x00, 0x00, 0x31, 0x4E, 0x00, 0x00, 0x31, 0x5D, 	
0x00, 0x00, 0x31, 0x6A, 0x00, 0x00, 0x31, 0x7E, 	
0x00, 0x00, 0x31, 0x8C, 0x00, 0x00, 0x31, 0xA5, 	
0x00, 0x00, 0x31, 0xB6, 0x00, 0x00, 0x31, 0xC3, 	
0x00, 0x00, 0x31, 0xDD, 0x00, 0x00, 0x31, 0xF4, 	
0x00, 0x00, 0x32, 0x08, 0x00, 0x00, 0x32, 0x16, 	
0x00, 0x00, 0x32, 0x22, 0x00, 0x00, 0x32, 0x30, 	
0x00, 0x00, 0x32, 0x3E, 0x00, 0x00, 0x32, 0x49, 	
0x00, 0x00, 0x32, 0x60, 0x00, 0x00, 0x32, 0x78, 	
0x00, 0x00, 0x32, 0x85, 0x00, 0x00, 0x32, 0x93, 	
0x00, 0x00, 0x32, 0xA4, 0x00, 0x00, 0x32, 0xB8, 	
0x00, 0x00, 0x32, 0xC8, 0x00, 0x00, 0x32, 0xD7, 	
0x00, 0x00, 0x32, 0xEF, 0x00, 0x00, 0x32, 0xFD, 	
0x00, 0x00, 0x33, 0x0E, 0x00, 0x00, 0x33, 0x21, 	
0x00, 0x00, 0x33, 0x2F, 0x00, 0x00, 0x33, 0x3A, 	
0x00, 0x00, 0x33, 0x46, 0x00, 0x00, 0x33, 0x59, 	
0x00, 0x00, 0x33, 0x66, 0x00, 0x00, 0x33, 0x72, 	
0x00, 0x00, 0x33, 0x87, 0x00, 0x00, 0x33, 0x9B, 	
0x00, 0x00, 0x33, 0xB3, 0x00, 0x00, 0x33, 0xC9, 	
0x00, 0x00, 0x33, 0xDF, 0x00, 0x00, 0x33, 0xEA, 	
0x00, 0x00, 0x33, 0xFA, 0x00, 0x00, 0x34, 0x0B, 	
0x00, 0x00, 0x34, 0x1C, 0x00, 0x00, 0x34, 0x2B, 	
0x00, 0x00, 0x34, 0x36, 0x00, 0x00, 0x34, 0x44, 	
0x00, 0x00, 0x34, 0x5B, 0x00, 0x00, 0x34, 0x61, 	
0x00, 0x00, 0x34, 0x70, 0x00, 0x00, 0x34, 0x7D, 	
0x00, 0x00, 0x34, 0x8D, 0x00, 0x00, 0x34, 0xA1, 	
0x00, 0x00, 0x34, 0xB8, 0x00, 0x00, 0x34, 0xCD, 	
0x00, 0x00, 0x34, 0xDA, 0x00, 0x00, 0x34, 0xED, 	
0x00, 0x00, 0x35, 0x08, 0x00, 0x00, 0x35, 0x22, 	
0x00, 0x00, 0x35, 0x3C, 0x00, 0x00, 0x35, 0x56, 	
0x00, 0x00, 0x35, 0x6B, 0x00, 0x00, 0x35, 0x81, 	
0x00, 0x00, 0x35, 0x9C, 0x00, 0x00, 0x35, 0xB6, 	
0x00, 0x00, 0x35, 0xD1, 0x00, 0x00, 0x35, 0xED, 	
0x00, 0x00, 0x36, 0x03, 0x00, 0x00, 0x36, 0x1B, 	
0x00, 0x00, 0x36, 0x3A, 0x00, 0x00, 0x36, 0x62, 	
0x00, 0x00, 0x36, 0x7B, 0x00, 0x00, 0x36, 0x8D, 	
0x00, 0x00, 0x36, 0xA0, 0x00, 0x00, 0x36, 0xB1, 	
0x00, 0x00, 0x36, 0xC3, 0x00, 0x00, 0x36, 0xD9, 	
0x00, 0x00, 0x36, 0xF0, 0x00, 0x00, 0x36, 0xFC, 	
0x00, 0x00, 0x37, 0x0D, 0x00, 0x00, 0x37, 0x2D, 	
0x00, 0x00, 0x37, 0x3D, 0x00, 0x00, 0x37, 0x50, 	
0x00, 0x00, 0x37, 0x55, 0x00, 0x00, 0x37, 0x5F, 	
0x00, 0x00, 0x37, 0x6B, 0x00, 0x00, 0x37, 0x78, 	
0x00, 0x00, 0x37, 0x8B, 0x00, 0x00, 0x37, 0x9C, 	
0x00, 0x00, 0x37, 0xA6, 0x00, 0x00, 0x37, 0xB1, 	
0x00, 0x00, 0x37, 0xC6, 0x00, 0x00, 0x37, 0xD8, 	
0x00, 0x00, 0x37, 0xED, 0x00, 0x00, 0x37, 0xFB, 	
0x00, 0x00, 0x38, 0x02, 0x00, 0x00, 0x38, 0x15, 	
0x00, 0x00, 0x38, 0x2D, 0x00, 0x00, 0x38, 0x36, 	
0x00, 0x00, 0x38, 0x44, 0x00, 0x00, 0x38, 0x53, 	
0x00, 0x00, 0x38, 0x67, 0x00, 0x00, 0x38, 0x79, 	
0x00, 0x00, 0x38, 0x8D, 0x00, 0x00, 0x38, 0x97, 	
0x00, 0x00, 0x38, 0x9D, 0x00, 0x00, 0x38, 0xAC, 	
0x00, 0x00, 0x38, 0xBA, 0x00, 0x00, 0x38, 0xCA, 	
0x00, 0x00, 0x38, 0xDA, 0x00, 0x00, 0x38, 0xED, 	
0x00, 0x00, 0x39, 0x00, 0x00, 0x00, 0x39, 0x17, 	
0x00, 0x00, 0x39, 0x2C, 0x00, 0x00, 0x39, 0x46, 	
0x00, 0x00, 0x39, 0x63, 0x00, 0x00, 0x39, 0x77, 	
0x00, 0x00, 0x39, 0x8E, 0x00, 0x00, 0x39, 0xA1, 	
0x00, 0x00, 0x39, 0xB5, 0x00, 0x00, 0x39, 0xC7, 	
0x00, 0x00, 0x39, 0xDA, 0x00, 0x00, 0x39, 0xEB, 	
0x00, 0x00, 0x39, 0xFB, 0x00, 0x00, 0x3A, 0x0C, 	
0x00, 0x00, 0x3A, 0x24, 0x00, 0x00, 0x3A, 0x3F, 	
0x00, 0x00, 0x3A, 0x51, 0x00, 0x00, 0x3A, 0x60, 	
0x00, 0x00, 0x3A, 0x6B, 0x00, 0x00, 0x3A, 0x81, 	
0x00, 0x00, 0x3A, 0x98, 0x00, 0x00, 0x3A, 0xB0, 	
0x00, 0x00, 0x3A, 0xBF, 0x00, 0x00, 0x3A, 0xCF, 	
0x00, 0x00, 0x3A, 0xE5, 0x00, 0x00, 0x3A, 0xF2, 	
0x00, 0x00, 0x3B, 0x00, 0x00, 0x00, 0x3B, 0x14, 	
0x00, 0x00, 0x3B, 0x26, 0x00, 0x00, 0x3B, 0x35, 	
0x00, 0x00, 0x3B, 0x46, 0x00, 0x00, 0x3B, 0x59, 	
0x00, 0x00, 0x3B, 0x62, 0x00, 0x00, 0x3B, 0x73, 	
0x00, 0x00, 0x3B, 0x8A, 0x00, 0x00, 0x3B, 0xA2, 	
0x00, 0x00, 0x3B, 0xB1, 0x00, 0x00, 0x3B, 0xC4, 	
0x00, 0x00, 0x3B, 0xDC, 0x00, 0x00, 0x3B, 0xFA, 	
0x00, 0x00, 0x3C, 0x0D, 0x00, 0x00, 0x3C, 0x1B, 	
0x00, 0x00, 0x3C, 0x2F, 0x00, 0x00, 0x3C, 0x48, 	
0x00, 0x00, 0x3C, 0x5F, 0x00, 0x00, 0x3C, 0x7A, 	
0x00, 0x00, 0x3C, 0x98, 0x00, 0x00, 0x3C, 0xB0, 	
0x00, 0x00, 0x3C, 0xC9, 0x00, 0x00, 0x3C, 0xE1, 	
0x00, 0x00, 0x3C, 0xFD, 0x00, 0x00, 0x3D, 0x12, 	
0x00, 0x00, 0x3D, 0x2B, 0x00, 0x00, 0x3D, 0x44, 	
0x00, 0x00, 0x3D, 0x62, 0x00, 0x00, 0x3D, 0x7F, 	
0x00, 0x00, 0x3D, 0x95, 0x00, 0x00, 0x3D, 0xAD, 	
0x00, 0x00, 0x3D, 0xC5, 0x00, 0x00, 0x3D, 0xE1, 	
0x00, 0x00, 0x3D, 0xFA, 0x00, 0x00, 0x3E, 0x12, 	
0x00, 0x00, 0x3E, 0x2C, 0x00, 0x00, 0x3E, 0x43, 	
0x00, 0x00, 0x3E, 0x5B, 0x00, 0x00, 0x3E, 0x79, 	
0x00, 0x00, 0x3E, 0x92, 0x00, 0x00, 0x3E, 0xA7, 	
0x00, 0x00, 0x3E, 0xBF, 0x00, 0x00, 0x3E, 0xD8, 	
0x00, 0x00, 0x3E, 0xF7, 0x00, 0x00, 0x3F, 0x0F, 	
0x00, 0x00, 0x3F, 0x25, 0x00, 0x00, 0x3F, 0x43, 	
0x00, 0x00, 0x3F, 0x5A, 0x00, 0x00, 0x3F, 0x71, 	
0x00, 0x00, 0x3F, 0x7D, 0x00, 0x00, 0x3F, 0x99, 	
0x00, 0x00, 0x3F, 0xB6, 0x00, 0x00, 0x3F, 0xC6, 	
0x00, 0x00, 0x3F, 0xDA, 0x00, 0x00, 0x3F, 0xEF, 	
0x00, 0x00, 0x40, 0x10, 0x00, 0x00, 0x40, 0x26, 	
0x00, 0x00, 0x40, 0x36, 0x00, 0x00, 0x40, 0x45, 	
0x00, 0x00, 0x40, 0x55, 0x00, 0x00, 0x40, 0x63, 	
0x00, 0x00, 0x40, 0x6E, 0x00, 0x00, 0x40, 0x7F, 	
0x00, 0x00, 0x40, 0x98, 0x00, 0x00, 0x40, 0xA3, 	
0x00, 0x00, 0x40, 0xB7, 0x00, 0x00, 0x40, 0xCD, 	
0x00, 0x00, 0x40, 0xDE, 0x00, 0x00, 0x40, 0xEF, 	
0x00, 0x00, 0x41, 0x02, 0x00, 0x00, 0x41, 0x14, 	
0x00, 0x00, 0x41, 0x21, 0x00, 0x00, 0x41, 0x35, 	
0x00, 0x00, 0x41, 0x42, 0x00, 0x00, 0x41, 0x51, 	
0x00, 0x00, 0x41, 0x67, 0x00, 0x00, 0x41, 0x7A, 	
0x00, 0x00, 0x41, 0x8E, 0x00, 0x00, 0x41, 0x94, 	
0x00, 0x00, 0x41, 0xAE, 0x00, 0x00, 0x41, 0xBD, 	
0x00, 0x00, 0x41, 0xCD, 0x00, 0x00, 0x41, 0xDE, 	
0x00, 0x00, 0x41, 0xF7, 0x00, 0x00, 0x42, 0x0D, 	
0x00, 0x00, 0x42, 0x1F, 0x00, 0x00, 0x42, 0x33, 	
0x00, 0x00, 0x42, 0x4A, 0x00, 0x00, 0x42, 0x5D, 	
0x00, 0x00, 0x42, 0x71, 0x00, 0x00, 0x42, 0x8A, 	
0x00, 0x00, 0x42, 0xA3, 0x00, 0x00, 0x42, 0xC0, 	
0x00, 0x00, 0x42, 0xD5, 0x00, 0x00, 0x42, 0xE8, 	
0x00, 0x00, 0x42, 0xFD, 0x00, 0x00, 0x43, 0x14, 	
0x00, 0x00, 0x43, 0x2A, 0x00, 0x00, 0x43, 0x3F, 	
0x00, 0x00, 0x43, 0x54, 0x00, 0x00, 0x43, 0x63, 	
0x00, 0x00, 0x43, 0x77, 0x00, 0x00, 0x43, 0x8D, 	
0x00, 0x00, 0x43, 0x98, 0x00, 0x00, 0x43, 0xA6, 	
0x00, 0x00, 0x43, 0xB6, 0x00, 0x00, 0x43, 0xC3, 	
0x00, 0x00, 0x43, 0xD0, 0x00, 0x00, 0x43, 0xE8, 	
0x00, 0x00, 0x43, 0xFE, 0x00, 0x00, 0x44, 0x13, 	
0x00, 0x00, 0x44, 0x26, 0x00, 0x00, 0x44, 0x3C, 	
0x00, 0x00, 0x44, 0x4F, 0x00, 0x00, 0x44, 0x65, 	
0x00, 0x00, 0x44, 0x77, 0x00, 0x00, 0x44, 0x86, 	
0x00, 0x00, 0x44, 0x96, 0x00, 0x00, 0x44, 0xA7, 	
0x00, 0x00, 0x44, 0xB8, 0x00, 0x00, 0x44, 0xDD, 	
0x00, 0x00, 0x44, 0xF3, 0x00, 0x00, 0x45, 0x09, 	
0x00, 0x00, 0x45, 0x24, 0x00, 0x00, 0x45, 0x35, 	
0x00, 0x00, 0x45, 0x49, 0x00, 0x00, 0x45, 0x59, 	
0x00, 0x00, 0x45, 0x65, 0x00, 0x00, 0x45, 0x77, 	
0x00, 0x00, 0x45, 0x91, 0x00, 0x00, 0x45, 0xA2, 	
0x00, 0x00, 0x45, 0xB7, 0x00, 0x00, 0x45, 0xC5, 	
0x00, 0x00, 0x45, 0xD5, 0x00, 0x00, 0x45, 0xE7, 	
0x00, 0x00, 0x45, 0xED, 0x00, 0x00, 0x45, 0xFA, 	
0x00, 0x00, 0x46, 0x0E, 0x00, 0x00, 0x46, 0x20, 	
0x00, 0x00, 0x46, 0x2C, 0x00, 0x00, 0x46, 0x3A, 	
0x00, 0x00, 0x46, 0x42, 0x00, 0x00, 0x46, 0x56, 	
0x00, 0x00, 0x46, 0x68, 0x00, 0x00, 0x46, 0x78, 	
0x00, 0x00, 0x46, 0x88, 0x00, 0x00, 0x46, 0xA7, 	
0x00, 0x00, 0x46, 0xBE, 0x00, 0x00, 0x46, 0xD1, 	
0x00, 0x00, 0x46, 0xE2, 0x00, 0x00, 0x46, 0xF0, 	
0x00, 0x00, 0x47, 0x00, 0x00, 0x00, 0x47, 0x16, 	
0x00, 0x00, 0x47, 0x26, 0x00, 0x00, 0x47, 0x33, 	
0x00, 0x00, 0x47, 0x48, 0x00, 0x00, 0x47, 0x5B, 	
0x00, 0x00, 0x47, 0x66, 0x00, 0x00, 0x47, 0x74, 	
0x00, 0x00, 0x47, 0x85, 0x00, 0x00, 0x47, 0x97, 	
0x00, 0x00, 0x47, 0xAB, 0x00, 0x00, 0x47, 0xBE, 	
0x00, 0x00, 0x47, 0xD8, 0x00, 0x00, 0x47, 0xE5, 	
0x00, 0x00, 0x47, 0xF0, 0x00, 0x00, 0x47, 0xFD, 	
0x00, 0x00, 0x48, 0x0D, 0x00, 0x00, 0x48, 0x1E, 	
0x00, 0x00, 0x48, 0x38, 0x00, 0x00, 0x48, 0x49, 	
0x00, 0x00, 0x48, 0x60, 0x00, 0x00, 0x48, 0x75, 	
0x00, 0x00, 0x48, 0x87, 0x00, 0x00, 0x48, 0x9D, 	
0x00, 0x00, 0x48, 0xB1, 0x00, 0x00, 0x48, 0xBB, 	
0x00, 0x00, 0x48, 0xCD, 0x00, 0x00, 0x48, 0xD6, 	
0x00, 0x00, 0x48, 0xE5, 0x00, 0x00, 0x48, 0xEF, 	
0x00, 0x00, 0x48, 0xFC, 0x00, 0x00, 0x49, 0x0F, 	
0x00, 0x00, 0x49, 0x1C, 0x00, 0x00, 0x49, 0x26, 	
0x00, 0x00, 0x49, 0x2F, 0x00, 0x00, 0x49, 0x38, 	
0x00, 0x00, 0x49, 0x47, 0x00, 0x00, 0x49, 0x5F, 	
0x00, 0x00, 0x49, 0x70, 0x00, 0x00, 0x49, 0x83, 	
0x00, 0x00, 0x49, 0x96, 0x00, 0x00, 0x49, 0xA7, 	
0x00, 0x00, 0x49, 0xC6, 0x00, 0x00, 0x49, 0xD4, 	
0x00, 0x00, 0x49, 0xE2, 0x00, 0x00, 0x49, 0xE8, 	
0x00, 0x00, 0x4A, 0x03, 0x00, 0x00, 0x4A, 0x16, 	
0x00, 0x00, 0x4A, 0x23, 0x00, 0x00, 0x4A, 0x34, 	
0x00, 0x00, 0x4A, 0x49, 0x00, 0x00, 0x4A, 0x5F, 	
0x00, 0x00, 0x4A, 0x6D, 0x00, 0x00, 0x4A, 0x73, 	
0x00, 0x00, 0x4A, 0x83, 0x00, 0x00, 0x4A, 0x90, 	
0x00, 0x00, 0x4A, 0xA7, 0x00, 0x00, 0x4A, 0xBA, 	
0x00, 0x00, 0x4A, 0xD1, 0x00, 0x00, 0x4A, 0xE0, 	
0x00, 0x00, 0x4A, 0xF9, 0x00, 0x00, 0x4B, 0x0C, 	
0x00, 0x00, 0x4B, 0x21, 0x00, 0x00, 0x4B, 0x39, 	
0x00, 0x00, 0x4B, 0x4E, 0x00, 0x00, 0x4B, 0x61, 	
0x00, 0x00, 0x4B, 0x75, 0x00, 0x00, 0x4B, 0x88, 	
0x00, 0x00, 0x4B, 0x99, 0x00, 0x00, 0x4B, 0xA6, 	
0x00, 0x00, 0x4B, 0xB5, 0x00, 0x00, 0x4B, 0xCC, 	
0x00, 0x00, 0x4B, 0xDC, 0x00, 0x00, 0x4B, 0xF2, 	
0x00, 0x00, 0x4C, 0x0A, 0x00, 0x00, 0x4C, 0x28, 	
0x00, 0x00, 0x4C, 0x38, 0x00, 0x00, 0x4C, 0x4C, 	
0x00, 0x00, 0x4C, 0x5D, 0x00, 0x00, 0x4C, 0x69, 	
0x00, 0x00, 0x4C, 0x7C, 0x00, 0x00, 0x4C, 0x8B, 	
0x00, 0x00, 0x4C, 0x97, 0x00, 0x00, 0x4C, 0xA8, 	
0x00, 0x00, 0x4C, 0xB9, 0x00, 0x00, 0x4C, 0xC8, 	
0x00, 0x00, 0x4C, 0xDE, 0x00, 0x00, 0x4C, 0xEE, 	
0x00, 0x00, 0x4D, 0x0E, 0x00, 0x00, 0x4D, 0x27, 	
0x00, 0x00, 0x4D, 0x42, 0x00, 0x00, 0x4D, 0x68, 	
0x00, 0x00, 0x4D, 0x7D, 0x00, 0x00, 0x4D, 0x98, 	
0x00, 0x00, 0x4D, 0xAD, 0x00, 0x00, 0x4D, 0xBD, 	
0x00, 0x00, 0x4D, 0xCE, 0x00, 0x00, 0x4D, 0xE4, 	
0x00, 0x00, 0x4D, 0xF6, 0x00, 0x00, 0x4E, 0x0A, 	
0x00, 0x00, 0x4E, 0x1D, 0x00, 0x00, 0x4E, 0x34, 	
0x00, 0x00, 0x4E, 0x45, 0x00, 0x00, 0x4E, 0x64, 	
0x00, 0x00, 0x4E, 0x75, 0x00, 0x00, 0x4E, 0x88, 	
0x00, 0x00, 0x4E, 0x9B, 0x00, 0x00, 0x4E, 0xAD, 	
0x00, 0x00, 0x4E, 0xBA, 0x00, 0x00, 0x4E, 0xCA, 	
0x00, 0x00, 0x4E, 0xDC, 0x00, 0x00, 0x4E, 0xE5, 	
0x00, 0x00, 0x4E, 0xF8, 0x00, 0x00, 0x4F, 0x0C, 	
0x00, 0x00, 0x4F, 0x1F, 0x00, 0x00, 0x4F, 0x2E, 	
0x00, 0x00, 0x4F, 0x3F, 0x00, 0x00, 0x4F, 0x4F, 	
0x00, 0x00, 0x4F, 0x5B, 0x00, 0x00, 0x4F, 0x6B, 	
0x00, 0x00, 0x4F, 0x7E, 0x00, 0x00, 0x4F, 0x8E, 	
0x00, 0x00, 0x4F, 0xA8, 0x00, 0x00, 0x4F, 0xBD, 	
0x00, 0x00, 0x4F, 0xC2, 0x00, 0x00, 0x4F, 0xCB, 	
0x00, 0x00, 0x4F, 0xE5, 0x00, 0x00, 0x4F, 0xFE, 	
0x00, 0x00, 0x50, 0x11, 0x00, 0x00, 0x50, 0x1F, 	
0x00, 0x00, 0x50, 0x2F, 0x00, 0x00, 0x50, 0x40, 	
0x00, 0x00, 0x50, 0x50, 0x00, 0x00, 0x50, 0x57, 	
0x00, 0x00, 0x50, 0x62, 0x00, 0x00, 0x50, 0x68, 	
0x00, 0x00, 0x50, 0x70, 0x00, 0x00, 0x50, 0x79, 	
0x00, 0x00, 0x50, 0x8F, 0x00, 0x00, 0x50, 0xA2, 	
0x00, 0x00, 0x50, 0xB7, 0x00, 0x00, 0x50, 0xCE, 	
0x00, 0x00, 0x50, 0xE1, 0x00, 0x00, 0x50, 0xEC, 	
0x00, 0x00, 0x50, 0xF8, 0x00, 0x00, 0x51, 0x05, 	
0x00, 0x00, 0x51, 0x14, 0x00, 0x00, 0x51, 0x1F, 	
0x00, 0x00, 0x51, 0x2C, 0x00, 0x00, 0x51, 0x3A, 	
0x00, 0x00, 0x51, 0x55, 0x00, 0x00, 0x51, 0x65, 	
0x00, 0x00, 0x51, 0x7A, 0x00, 0x00, 0x51, 0x85, 	
0x00, 0x00, 0x51, 0x93, 0x00, 0x00, 0x51, 0xA1, 	
0x00, 0x00, 0x51, 0xB5, 0x00, 0x00, 0x51, 0xCC, 	
0x00, 0x00, 0x51, 0xE0, 0x00, 0x00, 0x51, 0xF8, 	
0x00, 0x00, 0x52, 0x08, 0x00, 0x00, 0x52, 0x1A, 	
0x00, 0x00, 0x52, 0x2A, 0x00, 0x00, 0x52, 0x38, 	
0x00, 0x00, 0x52, 0x4C, 0x00, 0x00, 0x52, 0x5E, 	
0x00, 0x00, 0x52, 0x77, 0x00, 0x00, 0x52, 0x84, 	
0x00, 0x00, 0x52, 0x95, 0x00, 0x00, 0x52, 0xA2, 	
0x00, 0x00, 0x52, 0xBB, 0x00, 0x00, 0x52, 0xCC, 	
0x00, 0x00, 0x52, 0xE5, 0x00, 0x00, 0x52, 0xF2, 	
0x00, 0x00, 0x53, 0x09, 0x00, 0x00, 0x53, 0x21, 	
0x00, 0x00, 0x53, 0x32, 0x00, 0x00, 0x53, 0x4A, 	
0x00, 0x00, 0x53, 0x5A, 0x00, 0x00, 0x53, 0x6B, 	
0x00, 0x00, 0x53, 0x7B, 0x00, 0x00, 0x53, 0x8E, 	
0x00, 0x00, 0x53, 0xA0, 0x00, 0x00, 0x53, 0xA7, 	
0x00, 0x00, 0x53, 0xB7, 0x00, 0x00, 0x53, 0xBF, 	
0x00, 0x00, 0x53, 0xCC, 0x00, 0x00, 0x53, 0xDC, 	
0x00, 0x00, 0x53, 0xEE, 0x00, 0x00, 0x53, 0xFA, 	
0x00, 0x00, 0x54, 0x08, 0x00, 0x00, 0x54, 0x13, 	
0x00, 0x00, 0x54, 0x27, 0x00, 0x00, 0x54, 0x37, 	
0x00, 0x00, 0x54, 0x48, 0x00, 0x00, 0x54, 0x59, 	
0x00, 0x00, 0x54, 0x62, 0x00, 0x00, 0x54, 0x70, 	
0x00, 0x00, 0x54, 0x7B, 0x00, 0x00, 0x54, 0x8D, 	
0x00, 0x00, 0x54, 0xA0, 0x00, 0x00, 0x54, 0xAC, 	
0x00, 0x00, 0x54, 0xB9, 0x00, 0x00, 0x54, 0xC0, 	
0x00, 0x00, 0x54, 0xCC, 0x00, 0x00, 0x54, 0xE1, 	
0x00, 0x00, 0x54, 0xF4, 0x00, 0x00, 0x55, 0x03, 	
0x00, 0x00, 0x55, 0x0D, 0x00, 0x00, 0x55, 0x17, 	
0x00, 0x00, 0x55, 0x29, 0x00, 0x00, 0x55, 0x3B, 	
0x00, 0x00, 0x55, 0x45, 0x00, 0x00, 0x55, 0x61, 	
0x00, 0x00, 0x55, 0x75, 0x00, 0x00, 0x55, 0x8C, 	
0x00, 0x00, 0x55, 0x98, 0x00, 0x00, 0x55, 0xA5, 	
0x00, 0x00, 0x55, 0xB2, 0x00, 0x00, 0x55, 0xC0, 	
0x00, 0x00, 0x55, 0xC8, 0x00, 0x00, 0x55, 0xD2, 	
0x00, 0x00, 0x55, 0xDE, 0x00, 0x00, 0x55, 0xEB, 	
0x00, 0x00, 0x55, 0xFA, 0x00, 0x00, 0x56, 0x08, 	
0x00, 0x00, 0x56, 0x11, 0x00, 0x00, 0x56, 0x18, 	
0x00, 0x00, 0x56, 0x1D, 0x00, 0x00, 0x56, 0x2F, 	
0x00, 0x00, 0x56, 0x41, 0x00, 0x00, 0x56, 0x50, 	
0x00, 0x00, 0x56, 0x60, 0x00, 0x00, 0x56, 0x6A, 	
0x00, 0x21, 0x00, 0x22, 0x14, 0x0E, 0x1F, 0x03, 	
0x21, 0x1B, 0x21, 0x12, 0x01, 0x25, 0x01, 0x1B, 	
0x16, 0x0F, 0x00, 0x00, 0x22, 0x00, 0x21, 0x09, 	
0x23, 0x00, 0x00, 0x23, 0x00, 0x1F, 0x08, 0x03, 	
0x1D, 0x00, 0x00, 0x24, 0x00, 0x1F, 0x04, 0x12, 	
0x01, 0x13, 0x00, 0x00, 0x25, 0x00, 0x22, 0x0B, 	
0x13, 0x1B, 0x0D, 0x00, 0x00, 0x26, 0x00, 0x06, 	
0x00, 0x00, 0x27, 0x00, 0x01, 0x22, 0x04, 0x1B, 	
0x23, 0x13, 0x04, 0x18, 0x00, 0x00, 0x28, 0x00, 	
0x22, 0x01, 0x13, 0x0D, 0x23, 0x03, 0x1D, 0x0B, 	
0x1C, 0x13, 0x0D, 0x23, 0x00, 0x00, 0x29, 0x00, 	
0x22, 0x01, 0x13, 0x0D, 0x23, 0x03, 0x1D, 0x18, 	
0x03, 0x13, 0x25, 0x0D, 0x23, 0x00, 0x00, 0x29, 	
0x61, 0x64, 0x6F, 0x70, 0x74, 0x69, 0x6F, 0x6E, 	
0x73, 0x00, 0x01, 0x1F, 0x04, 0x22, 0x23, 0x16, 	
0x0F, 0x00, 0x00, 0x29, 0x61, 0x66, 0x66, 0x6C, 	
0x75, 0x65, 0x6E, 0x74, 0x00, 0x01, 0x18, 0x12, 	
0x0C, 0x00, 0x00, 0x29, 0x62, 0x75, 0x73, 0x00, 	
0x1E, 0x0C, 0x00, 0x00, 0x29, 0x62, 0x75, 0x74, 	
0x00, 0x1E, 0x0C, 0x00, 0x00, 0x29, 0x63, 0x6F, 	
0x6E, 0x66, 0x6C, 0x75, 0x65, 0x6E, 0x74, 0x00, 	
0x21, 0x0F, 0x18, 0x12, 0x0C, 0x00, 0x00, 0x29, 	
0x63, 0x6F, 0x6E, 0x74, 0x72, 0x61, 0x63, 0x74, 	
0x69, 0x6F, 0x6E, 0x73, 0x00, 0x21, 0x0F, 0x23, 	
0x13, 0x01, 0x21, 0x23, 0x16, 0x0F, 0x00, 0x00, 	
0x29, 0x63, 0x6F, 0x6E, 0x76, 0x65, 0x72, 0x67, 	
0x65, 0x6E, 0x74, 0x00, 0x21, 0x0F, 0x1C, 0x03, 	
0x13, 0x19, 0x00, 0x00, 0x29, 0x63, 0x6F, 0x6E, 	
0x76, 0x69, 0x65, 0x6E, 0x74, 0x00, 0x21, 0x0F, 	
0x1C, 0x08, 0x00, 0x00, 0x29, 0x63, 0x6F, 0xEF, 	
0x6E, 0x63, 0x69, 0x64, 0x65, 0x6E, 0x74, 0x00, 	
0x21, 0x04, 0x0E, 0x1B, 0x08, 0x1F, 0x0D, 0x00, 	
0x00, 0x29, 0x64, 0x69, 0x63, 0x74, 0x69, 0x6F, 	
0x6E, 0x73, 0x00, 0x1F, 0x08, 0x21, 0x23, 0x16, 	
0x0F, 0x00, 0x00, 0x29, 0x64, 0x69, 0x66, 0x66, 	
0x6C, 0x75, 0x65, 0x6E, 0x74, 0x00, 0x1F, 0x08, 	
0x18, 0x12, 0x0C, 0x00, 0x00, 0x29, 0x64, 0x69, 	
0x76, 0x65, 0x72, 0x67, 0x65, 0x6E, 0x74, 0x00, 	
0x1F, 0x08, 0x1C, 0x03, 0x13, 0x19, 0x00, 0x00, 	
0x29, 0x64, 0x69, 0x78, 0x00, 0x1F, 0x08, 0x1B, 	
0x00, 0x00, 0x29, 0x64, 0xE9, 0x63, 0x6F, 0x6E, 	
0x6E, 0x65, 0x63, 0x74, 0x69, 0x6F, 0x6E, 0x73, 	
0x00, 0x1F, 0x06, 0x21, 0x04, 0x26, 0x03, 0x21, 	
0x23, 0x16, 0x0F, 0x00, 0x00, 0x29, 0x64, 0xE9, 	
0x63, 0x6F, 0x6E, 0x74, 0x72, 0x61, 0x63, 0x74, 	
0x69, 0x6F, 0x6E, 0x73, 0x00, 0x1F, 0x06, 0x21, 	
0x0F, 0x23, 0x13, 0x01, 0x21, 0x23, 0x16, 0x0F, 	
0x00, 0x00, 0x29, 0x64, 0xE9, 0x66, 0x6C, 0x75, 	
0x65, 0x6E, 0x74, 0x00, 0x1F, 0x06, 0x18, 0x12, 	
0x0C, 0x00, 0x00, 0x29, 0x64, 0xE9, 0x73, 0x65, 	
0x72, 0x74, 0x69, 0x6F, 0x6E, 0x73, 0x00, 0x1F, 	
0x06, 0x1D, 0x03, 0x13, 0x23, 0x16, 0x0F, 0x00, 	
0x00, 0x29, 0x65, 0x78, 0x65, 0x6D, 0x70, 0x74, 	
0x69, 0x6F, 0x6E, 0x73, 0x00, 0x03, 0x20, 0x1D, 	
0x0D, 0x22, 0x23, 0x16, 0x0F, 0x00, 0x00, 0x29, 	
0x65, 0x78, 0x70, 0xE9, 0x64, 0x69, 0x65, 0x6E, 	
0x74, 0x00, 0x03, 0x21, 0x1B, 0x22, 0x06, 0x1F, 	
0x08, 0x00, 0x00, 0x29, 0x65, 0x78, 0xE9, 0x63, 	
0x75, 0x74, 0x69, 0x6F, 0x6E, 0x73, 0x00, 0x06, 	
0x20, 0x1D, 0x06, 0x21, 0x0C, 0x23, 0x16, 0x0F, 	
0x00, 0x00, 0x29, 0x66, 0x61, 0x74, 0x00, 0x18, 	
0x01, 0x00, 0x00, 0x29, 0x66, 0x65, 0x72, 0x6D, 	
0x65, 0x6E, 0x74, 0x00, 0x18, 0x03, 0x13, 0x25, 	
0x00, 0x00, 0x29, 0x66, 0x69, 0x65, 0x72, 0x00, 	
0x18, 0x16, 0x06, 0x00, 0x00, 0x29, 0x66, 0x69, 	
0x6C, 0x73, 0x00, 0x18, 0x08, 0x12, 0x00, 0x00, 	
0x29, 0x69, 0x6E, 0x66, 0x6C, 0x75, 0x65, 0x6E, 	
0x74, 0x00, 0x0E, 0x18, 0x12, 0x0C, 0x00, 0x00, 	
0x29, 0x69, 0x6E, 0x6A, 0x65, 0x63, 0x74, 0x69, 	
0x6F, 0x6E, 0x73, 0x00, 0x0E, 0x19, 0x03, 0x21, 	
0x23, 0x16, 0x0F, 0x00, 0x00, 0x29, 0x69, 0x6E, 	
0x73, 0x70, 0x65, 0x63, 0x74, 0x69, 0x6F, 0x6E, 	
0x73, 0x00, 0x0E, 0x1B, 0x22, 0x03, 0x21, 0x23, 	
0x16, 0x0F, 0x00, 0x00, 0x29, 0x69, 0x6E, 0x74, 	
0x65, 0x6E, 0x74, 0x69, 0x6F, 0x6E, 0x73, 0x00, 	
0x0E, 0x23, 0x0D, 0x23, 0x16, 0x0F, 0x00, 0x00, 	
0x29, 0x69, 0x6E, 0x74, 0x65, 0x72, 0x63, 0x65, 	
0x70, 0x74, 0x69, 0x6F, 0x6E, 0x73, 0x00, 0x0E, 	
0x23, 0x03, 0x13, 0x1B, 0x03, 0x22, 0x23, 0x16, 	
0x0F, 0x00, 0x00, 0x29, 0x69, 0x6E, 0x76, 0x65, 	
0x6E, 0x74, 0x69, 0x6F, 0x6E, 0x73, 0x00, 0x0E, 	
0x1C, 0x0D, 0x23, 0x16, 0x0F, 0x00, 0x00, 0x29, 	
0x6D, 0x65, 0x6E, 0x74, 0x69, 0x6F, 0x6E, 0x73, 	
0x00, 0x25, 0x0D, 0x23, 0x16, 0x0F, 0x00, 0x00, 	
0x29, 0x6E, 0xE9, 0x67, 0x6C, 0x69, 0x67, 0x65, 	
0x6E, 0x74, 0x00, 0x26, 0x06, 0x20, 0x12, 0x08, 	
0x19, 0x00, 0x00, 0x29, 0x6F, 0x70, 0x74, 0x69, 	
0x6F, 0x6E, 0x73, 0x00, 0x04, 0x22, 0x23, 0x16, 	
0x0F, 0x00, 0x00, 0x29, 0x70, 0x61, 0x72, 0x65, 	
0x6E, 0x74, 0x00, 0x22, 0x01, 0x13, 0x00, 0x00, 	
0x29, 0x70, 0x65, 0x72, 0x73, 0xE9, 0x63, 0x75, 	
0x74, 0x69, 0x6F, 0x6E, 0x73, 0x00, 0x22, 0x03, 	
0x13, 0x1B, 0x06, 0x21, 0x0C, 0x23, 0x16, 0x0F, 	
0x00, 0x00, 0x29, 0x70, 0x6C, 0x61, 0x69, 0x64, 	
0x00, 0x22, 0x12, 0x03, 0x00, 0x00, 0x29, 0x70, 	
0x6C, 0x75, 0x73, 0x00, 0x22, 0x12, 0x0C, 0x1B, 	
0x00, 0x00, 0x29, 0x70, 0x6F, 0x72, 0x74, 0x69, 	
0x6F, 0x6E, 0x73, 0x00, 0x22, 0x04, 0x13, 0x23, 	
0x16, 0x0F, 0x00, 0x00, 0x29, 0x70, 0x72, 0xE9, 	
0x73, 0x69, 0x64, 0x65, 0x6E, 0x74, 0x00, 0x22, 	
0x13, 0x06, 0x1D, 0x08, 0x1F, 0x00, 0x00, 0x29, 	
0x72, 0x65, 0x6C, 0x61, 0x74, 0x69, 0x6F, 0x6E, 	
0x73, 0x00, 0x13, 0x06, 0x12, 0x01, 0x23, 0x16, 	
0x0F, 0x00, 0x00, 0x29, 0x72, 0x6F, 0x74, 0x00, 	
0x13, 0x09, 0x23, 0x00, 0x00, 0x29, 0x72, 0xE9, 	
0x63, 0x75, 0x72, 0x65, 0x6E, 0x74, 0x00, 0x13, 	
0x06, 0x21, 0x0C, 0x13, 0x00, 0x00, 0x29, 0x72, 	
0xE9, 0x73, 0x69, 0x64, 0x65, 0x6E, 0x74, 0x00, 	
0x13, 0x06, 0x1D, 0x08, 0x1F, 0x00, 0x00, 0x29, 	
0x73, 0x65, 0x6E, 0x73, 0x00, 0x1B, 0x0D, 0x00, 	
0x00, 0x29, 0x73, 0x69, 0x78, 0x00, 0x1B, 0x08, 	
0x1B, 0x00, 0x00, 0x29, 0x74, 0x6F, 0x75, 0x73, 	
0x00, 0x23, 0x0B, 0x00, 0x00, 0x29, 0x74, 0x72, 	
0x61, 0x63, 0x74, 0x69, 0x6F, 0x6E, 0x73, 0x00, 	
0x23, 0x13, 0x01, 0x21, 0x23, 0x16, 0x0F, 0x00, 	
0x00, 0x29, 0x74, 0x72, 0x61, 0x6E, 0x73, 0x6C, 	
0x61, 0x74, 0x69, 0x6F, 0x6E, 0x73, 0x00, 0x23, 	
0x13, 0x0D, 0x1B, 0x12, 0x01, 0x23, 0x16, 0x0F, 	
0x00, 0x00, 0x29, 0x76, 0x69, 0x6F, 0x6C, 0x65, 	
0x6E, 0x74, 0x00, 0x1C, 0x08, 0x04, 0x12, 0x00, 	
0x00, 0x29, 0x76, 0x69, 0x73, 0x00, 0x1C, 0x08, 	
0x00, 0x00, 0x29, 0xE9, 0x6A, 0x65, 0x63, 0x74, 	
0x69, 0x6F, 0x6E, 0x73, 0x00, 0x06, 0x19, 0x03, 	
0x21, 0x16, 0x0F, 0x00, 0x00, 0x29, 0xE9, 0x6D, 	
0x65, 0x72, 0x67, 0x65, 0x6E, 0x74, 0x00, 0x06, 	
0x25, 0x03, 0x13, 0x19, 0x00, 0x00, 0x29, 0xE9, 	
0x71, 0x75, 0x69, 0x76, 0x61, 0x6C, 0x65, 0x6E, 	
0x74, 0x00, 0x06, 0x21, 0x08, 0x1C, 0x01, 0x12, 	
0x00, 0x00, 0x29, 0xE9, 0x76, 0x69, 0x64, 0x65, 	
0x6E, 0x74, 0x00, 0x06, 0x1C, 0x08, 0x1F, 0x00, 	
0x00, 0x2A, 0x00, 0x06, 0x23, 0x14, 0x01, 0x12, 	
0x00, 0x00, 0x2B, 0x00, 0x22, 0x12, 0x0C, 0x1B, 	
0x00, 0x00, 0x2C, 0x00, 0x1C, 0x08, 0x13, 0x20, 	
0x0C, 0x12, 0x00, 0x00, 0x2D, 0x00, 0x25, 0x14, 	
0x0E, 0x00, 0x00, 0x2E, 0x00, 0x22, 0x14, 0x0E, 	
0x00, 0x00, 0x2F, 0x00, 0x1B, 0x12, 0x01, 0x17, 	
0x00, 0x00, 0x30, 0x00, 0x1D, 0x06, 0x13, 0x04, 	
0x00, 0x00, 0x31, 0x00, 0x10, 0x00, 0x00, 0x32, 	
0x00, 0x1F, 0x07, 0x00, 0x00, 0x33, 0x00, 0x23, 	
0x13, 0x14, 0x01, 0x00, 0x00, 0x34, 0x00, 0x21, 	
0x01, 0x23, 0x13, 0x00, 0x00, 0x35, 0x00, 0x1B, 	
0x0E, 0x21, 0x00, 0x00, 0x36, 0x00, 0x1B, 0x08, 	
0x1B, 0x00, 0x00, 0x37, 0x00, 0x1B, 0x03, 0x23, 	
0x00, 0x00, 0x38, 0x00, 0x15, 0x08, 0x23, 0x00, 	
0x00, 0x39, 0x00, 0x26, 0x0A, 0x18, 0x00, 0x00, 	
0x3A, 0x00, 0x1F, 0x07, 0x22, 0x14, 0x0E, 0x00, 	
0x00, 0x3B, 0x00, 0x22, 0x14, 0x0E, 0x1C, 0x08, 	
0x13, 0x20, 0x0C, 0x12, 0x00, 0x00, 0x3C, 0x00, 	
0x0E, 0x18, 0x06, 0x13, 0x16, 0x0A, 0x13, 0x01, 	
0x00, 0x00, 0x3D, 0x00, 0x06, 0x20, 0x01, 0x12, 	
0x00, 0x00, 0x3E, 0x00, 0x1B, 0x0C, 0x22, 0x06, 	
0x13, 0x16, 0x0A, 0x13, 0x01, 0x00, 0x00, 0x3F, 	
0x00, 0x22, 0x14, 0x0E, 0x1F, 0x0E, 0x23, 0x06, 	
0x13, 0x04, 0x20, 0x01, 0x1B, 0x16, 0x0F, 0x00, 	
0x00, 0x40, 0x00, 0x0D, 0x22, 0x03, 0x13, 0x1B, 	
0x0D, 0x1F, 0x00, 0x00, 0x61, 0x00, 0x01, 0x00, 	
0x00, 0x61, 0x2E, 0x66, 0x2E, 0x61, 0x2E, 0x74, 	
0x2E, 0x00, 0x01, 0x18, 0x01, 0x23, 0x00, 0x00, 	
0x61, 0x63, 0x63, 0x65, 0x6C, 0x65, 0x72, 0x61, 	
0x6E, 0x64, 0x6F, 0x00, 0x01, 0x21, 0x1B, 0x06, 	
0x12, 0x06, 0x13, 0x0D, 0x1F, 0x09, 0x00, 0x00, 	
0x61, 0x63, 0x65, 0x00, 0x03, 0x1B, 0x00, 0x00, 	
0x61, 0x64, 0x61, 0x67, 0x69, 0x6F, 0x00, 0x01, 	
0x1F, 0x01, 0x1F, 0x19, 0x16, 0x09, 0x00, 0x00, 	
0x61, 0x66, 0x72, 0x69, 0x6B, 0x61, 0x61, 0x6E, 	
0x73, 0x00, 0x01, 0x18, 0x13, 0x08, 0x21, 0x0D, 	
0x1B, 0x00, 0x00, 0x61, 0x66, 0x74, 0x65, 0x72, 	
0x2D, 0x73, 0x68, 0x61, 0x76, 0x65, 0x00, 0x01, 	
0x18, 0x23, 0x0A, 0x13, 0x17, 0x03, 0x1C, 0x00, 	
0x00, 0x61, 0x67, 0x65, 0x72, 0x61, 0x74, 0x75, 	
0x6D, 0x00, 0x01, 0x19, 0x06, 0x13, 0x01, 0x23, 	
0x04, 0x25, 0x00, 0x00, 0x61, 0x67, 0x67, 0x69, 	
0x6F, 0x72, 0x6E, 0x61, 0x6D, 0x65, 0x6E, 0x74, 	
0x6F, 0x00, 0x01, 0x19, 0x16, 0x04, 0x13, 0x26, 	
0x01, 0x25, 0x03, 0x26, 0x23, 0x09, 0x00, 0x00, 	
0x61, 0x67, 0x69, 0x74, 0x2D, 0x70, 0x72, 0x6F, 	
0x70, 0x00, 0x01, 0x19, 0x08, 0x23, 0x22, 0x13, 	
0x04, 0x22, 0x00, 0x00, 0x61, 0x67, 0x6E, 0x75, 	
0x73, 0x2D, 0x64, 0x65, 0x69, 0x00, 0x01, 0x20, 	
0x26, 0x0C, 0x1B, 0x1F, 0x06, 0x08, 0x00, 0x00, 	
0x61, 0x67, 0x75, 0x61, 0x72, 0x64, 0x69, 0x65, 	
0x6E, 0x74, 0x65, 0x00, 0x01, 0x20, 0x14, 0x01, 	
0x13, 0x1F, 0x16, 0x0D, 0x23, 0x06, 0x00, 0x00, 	
0x61, 0x69, 0x67, 0x75, 0x69, 0x73, 0x61, 0x67, 	
0x65, 0x00, 0x06, 0x20, 0x08, 0x1D, 0x01, 0x19, 	
0x00, 0x00, 0x61, 0x69, 0x67, 0x75, 0x69, 0x73, 	
0x65, 0x6D, 0x65, 0x6E, 0x74, 0x00, 0x06, 0x20, 	
0x08, 0x1D, 0x25, 0x0D, 0x00, 0x00, 0x61, 0x69, 	
0x67, 0x75, 0x69, 0x73, 0x65, 0x72, 0x00, 0x06, 	
0x20, 0x08, 0x1D, 0x06, 0x00, 0x00, 0x61, 0x69, 	
0x67, 0x75, 0x69, 0x73, 0x65, 0x75, 0x72, 0x00, 	
0x06, 0x20, 0x08, 0x1D, 0x0A, 0x13, 0x00, 0x00, 	
0x61, 0x69, 0x67, 0x75, 0x69, 0x73, 0x6F, 0x69, 	
0x72, 0x00, 0x06, 0x20, 0x08, 0x1D, 0x14, 0x01, 	
0x13, 0x00, 0x00, 0x61, 0x69, 0x72, 0x65, 0x64, 	
0x61, 0x6C, 0x65, 0x00, 0x03, 0x13, 0x1F, 0x03, 	
0x12, 0x00, 0x00, 0x61, 0x6B, 0x75, 0x61, 0x76, 	
0x69, 0x74, 0x00, 0x01, 0x21, 0x14, 0x01, 0x1C, 	
0x08, 0x23, 0x00, 0x00, 0x61, 0x6B, 0x76, 0x61, 	
0x76, 0x69, 0x74, 0x00, 0x01, 0x21, 0x14, 0x01, 	
0x1C, 0x08, 0x23, 0x00, 0x00, 0x61, 0x6C, 0x63, 	
0x68, 0xE9, 0x6D, 0x69, 0x6C, 0x6C, 0x65, 0x00, 	
0x01, 0x12, 0x21, 0x06, 0x25, 0x08, 0x16, 0x00, 	
0x00, 0x61, 0x6C, 0x63, 0x6F, 0x79, 0x6C, 0x65, 	
0x00, 0x01, 0x12, 0x21, 0x04, 0x08, 0x12, 0x00, 	
0x00, 0x61, 0x6C, 0x65, 0x00, 0x03, 0x12, 0x00, 	
0x00, 0x61, 0x6C, 0x6C, 0x65, 0x67, 0x72, 0x65, 	
0x74, 0x74, 0x6F, 0x00, 0x01, 0x12, 0x06, 0x20, 	
0x13, 0x06, 0x23, 0x09, 0x00, 0x00, 0x61, 0x6C, 	
0x6C, 0x65, 0x67, 0x72, 0x6F, 0x00, 0x01, 0x12, 	
0x06, 0x20, 0x13, 0x09, 0x00, 0x00, 0x61, 0x6C, 	
0x6C, 0xE9, 0x6C, 0x75, 0x69, 0x61, 0x00, 0x01, 	
0x12, 0x06, 0x12, 0x0B, 0x16, 0x01, 0x00, 0x00, 	
0x61, 0x6C, 0x6D, 0x61, 0x6E, 0x61, 0x63, 0x68, 	
0x00, 0x01, 0x12, 0x25, 0x01, 0x26, 0x01, 0x00, 	
0x00, 0x61, 0x6C, 0x70, 0x65, 0x6E, 0x73, 0x74, 	
0x6F, 0x63, 0x6B, 0x00, 0x01, 0x12, 0x22, 0x03, 	
0x26, 0x1B, 0x23, 0x04, 0x21, 0x00, 0x00, 0x61, 	
0x6D, 0x62, 0x6C, 0x79, 0x6F, 0x73, 0x63, 0x6F, 	
0x70, 0x65, 0x00, 0x0D, 0x1E, 0x12, 0x08, 0x04, 	
0x1B, 0x21, 0x04, 0x22, 0x00, 0x00, 0x61, 0x6D, 	
0x65, 0x6E, 0x75, 0x69, 0x73, 0x65, 0x6D, 0x65, 	
0x6E, 0x74, 0x00, 0x01, 0x25, 0x05, 0x26, 0x15, 	
0x08, 0x1D, 0x25, 0x0D, 0x00, 0x00, 0x61, 0x6D, 	
0x65, 0x6E, 0x75, 0x69, 0x73, 0x65, 0x72, 0x00, 	
0x01, 0x25, 0x05, 0x26, 0x15, 0x08, 0x1D, 0x06, 	
0x00, 0x00, 0x61, 0x6D, 0x69, 0x63, 0x74, 0x00, 	
0x01, 0x25, 0x08, 0x00, 0x00, 0x61, 0x6D, 0x6E, 	
0x69, 0x6F, 0x63, 0x65, 0x6E, 0x74, 0xE8, 0x73, 	
0x65, 0x00, 0x01, 0x25, 0x26, 0x16, 0x09, 0x1B, 	
0x0E, 0x23, 0x03, 0x1D, 0x00, 0x00, 0x61, 0x6E, 	
0x61, 0x72, 0x63, 0x68, 0x6F, 0x2D, 0x73, 0x79, 	
0x6E, 0x64, 0x69, 0x63, 0x61, 0x6C, 0x69, 0x73, 	
0x6D, 0x65, 0x00, 0x01, 0x26, 0x01, 0x13, 0x21, 	
0x04, 0x1B, 0x0E, 0x1F, 0x08, 0x21, 0x01, 0x12, 	
0x08, 0x1B, 0x25, 0x00, 0x00, 0x61, 0x6E, 0x61, 	
0x76, 0x65, 0x6E, 0x69, 0x6E, 0x00, 0x01, 0x26, 	
0x01, 0x1C, 0x05, 0x26, 0x0E, 0x00, 0x00, 0x61, 	
0x6E, 0x64, 0x72, 0x6F, 0x67, 0x65, 0x6E, 0xE8, 	
0x73, 0x65, 0x00, 0x0D, 0x1F, 0x13, 0x09, 0x19, 	
0x05, 0x26, 0x03, 0x1D, 0x00, 0x00, 0x61, 0x6E, 	
0x67, 0x73, 0x74, 0x72, 0xF6, 0x6D, 0x00, 0x01, 	
0x27, 0x1B, 0x23, 0x13, 0x0A, 0x25, 0x00, 0x00, 	
0x61, 0x6E, 0x67, 0x73, 0x74, 0x72, 0xFD, 0x6D, 	
0x00, 0x01, 0x27, 0x1B, 0x23, 0x13, 0x0A, 0x25, 	
0x00, 0x00, 0x61, 0x6E, 0x74, 0x68, 0x72, 0x6F, 	
0x70, 0x6F, 0x67, 0x65, 0x6E, 0xE8, 0x73, 0x65, 	
0x00, 0x0D, 0x23, 0x13, 0x04, 0x22, 0x04, 0x19, 	
0x05, 0x26, 0x03, 0x1D, 0x00, 0x00, 0x61, 0x6E, 	
0x74, 0x69, 0x65, 0x6E, 0x7A, 0x79, 0x6D, 0x65, 	
0x00, 0x0D, 0x23, 0x08, 0x0D, 0x1D, 0x08, 0x25, 	
0x00, 0x00, 0x61, 0x6E, 0x74, 0x69, 0x74, 0x72, 	
0x75, 0x73, 0x74, 0x00, 0x0D, 0x23, 0x08, 0x23, 	
0x13, 0x0A, 0x1B, 0x23, 0x00, 0x00, 0x61, 0x6F, 	
0xFB, 0x74, 0x00, 0x0B, 0x00, 0x00, 0x61, 0x6F, 	
0xFB, 0x74, 0x65, 0x6D, 0x65, 0x6E, 0x74, 0x00, 	
0x0B, 0x23, 0x25, 0x0D, 0x00, 0x00, 0x61, 0x6F, 	
0xFB, 0x74, 0xE9, 0x00, 0x0B, 0x23, 0x06, 0x00, 	
0x00, 0x61, 0x6F, 0xFB, 0x74, 0xE9, 0x65, 0x00, 	
0x0B, 0x23, 0x06, 0x00, 0x00, 0x61, 0x70, 0x72, 	
0xE8, 0x73, 0x2D, 0x64, 0x65, 0x6D, 0x61, 0x69, 	
0x6E, 0x00, 0x01, 0x22, 0x13, 0x03, 0x1F, 0x25, 	
0x0E, 0x00, 0x00, 0x61, 0x71, 0x75, 0x69, 0x63, 	
0x6F, 0x6C, 0x65, 0x00, 0x01, 0x21, 0x15, 0x08, 	
0x21, 0x04, 0x12, 0x00, 0x00, 0x61, 0x71, 0x75, 	
0x69, 0x63, 0x75, 0x6C, 0x74, 0x65, 0x75, 0x72, 	
0x00, 0x01, 0x21, 0x15, 0x08, 0x21, 0x0C, 0x12, 	
0x23, 0x0A, 0x13, 0x00, 0x00, 0x61, 0x71, 0x75, 	
0x69, 0x63, 0x75, 0x6C, 0x74, 0x75, 0x72, 0x65, 	
0x00, 0x01, 0x21, 0x15, 0x08, 0x21, 0x0C, 0x12, 	
0x23, 0x0C, 0x13, 0x00, 0x00, 0x61, 0x71, 0x75, 	
0x69, 0x66, 0xE8, 0x72, 0x65, 0x00, 0x01, 0x21, 	
0x15, 0x08, 0x18, 0x03, 0x13, 0x00, 0x00, 0x61, 	
0x72, 0x62, 0x6F, 0x72, 0x65, 0x74, 0x75, 0x6D, 	
0x00, 0x01, 0x13, 0x1E, 0x04, 0x13, 0x06, 0x23, 	
0x04, 0x25, 0x00, 0x00, 0x61, 0x72, 0x63, 0x68, 	
0x69, 0x61, 0x74, 0x72, 0x65, 0x00, 0x01, 0x13, 	
0x21, 0x16, 0x01, 0x23, 0x13, 0x00, 0x00, 0x61, 	
0x72, 0x65, 0x6C, 0x69, 0x67, 0x69, 0x65, 0x75, 	
0x73, 0x65, 0x00, 0x01, 0x13, 0x05, 0x12, 0x08, 	
0x19, 0x16, 0x07, 0x1D, 0x00, 0x00, 0x61, 0x72, 	
0x65, 0x6C, 0x69, 0x67, 0x69, 0x65, 0x75, 0x78, 	
0x00, 0x01, 0x13, 0x05, 0x12, 0x08, 0x19, 0x16, 	
0x07, 0x00, 0x00, 0x61, 0x72, 0x6D, 0x69, 0x6C, 	
0x6C, 0x65, 0x73, 0x00, 0x01, 0x13, 0x25, 0x08, 	
0x16, 0x00, 0x00, 0x61, 0x72, 0x72, 0x69, 0xE8, 	
0x72, 0x65, 0x2D, 0x70, 0x65, 0x74, 0x69, 0x74, 	
0x2D, 0x6E, 0x65, 0x76, 0x65, 0x75, 0x00, 0x01, 	
0x13, 0x16, 0x03, 0x13, 0x22, 0x05, 0x23, 0x08, 	
0x26, 0x1C, 0x07, 0x00, 0x00, 0x61, 0x72, 0x74, 	
0x65, 0x66, 0x61, 0x63, 0x74, 0x00, 0x01, 0x13, 	
0x23, 0x06, 0x18, 0x01, 0x21, 0x23, 0x00, 0x00, 	
0x61, 0x73, 0x73, 0x61, 0x69, 0x00, 0x01, 0x1B, 	
0x01, 0x16, 0x00, 0x00, 0x61, 0x73, 0x73, 0x65, 	
0x6E, 0x65, 0x72, 0x00, 0x01, 0x1B, 0x06, 0x26, 	
0x06, 0x00, 0x00, 0x61, 0x74, 0x74, 0x61, 0x63, 	
0x68, 0xE9, 0x2D, 0x63, 0x61, 0x73, 0x65, 0x00, 	
0x01, 0x23, 0x01, 0x17, 0x06, 0x21, 0x03, 0x1D, 	
0x00, 0x00, 0x61, 0x75, 0x2D, 0x64, 0x65, 0x6C, 	
0xE0, 0x00, 0x09, 0x1F, 0x12, 0x01, 0x00, 0x00, 	
0x61, 0x75, 0x62, 0x75, 0x72, 0x6E, 0x00, 0x09, 	
0x1E, 0x0A, 0x13, 0x26, 0x00, 0x00, 0x61, 0x75, 	
0x74, 0x6F, 0x63, 0x6F, 0x61, 0x74, 0x00, 0x04, 	
0x23, 0x04, 0x21, 0x04, 0x23, 0x00, 0x00, 0x41, 	
0x76, 0x2E, 0x00, 0x01, 0x1C, 0x05, 0x26, 0x0C, 	
0x00, 0x00, 0x41, 0x76, 0x65, 0x2E, 0x00, 0x01, 	
0x1C, 0x05, 0x26, 0x0C, 0x00, 0x00, 0x61, 0x76, 	
0x75, 0x6E, 0x63, 0x75, 0x6C, 0x61, 0x69, 0x72, 	
0x65, 0x00, 0x01, 0x1C, 0x0F, 0x21, 0x0C, 0x12, 	
0x03, 0x13, 0x00, 0x00, 0x61, 0x79, 0x61, 0x74, 	
0x6F, 0x6C, 0x6C, 0x61, 0x68, 0x00, 0x01, 0x16, 	
0x01, 0x23, 0x04, 0x12, 0x01, 0x00, 0x00, 0x61, 	
0x79, 0x65, 0x2D, 0x61, 0x79, 0x65, 0x00, 0x01, 	
0x16, 0x01, 0x16, 0x00, 0x00, 0x61, 0x79, 0x75, 	
0x6E, 0x74, 0x61, 0x6D, 0x69, 0x65, 0x6E, 0x74, 	
0x6F, 0x00, 0x01, 0x16, 0x0B, 0x26, 0x23, 0x01, 	
0x25, 0x16, 0x03, 0x26, 0x23, 0x09, 0x00, 0x00, 	
0x62, 0x00, 0x1E, 0x06, 0x00, 0x00, 0x62, 0x61, 	
0x62, 0x69, 0x6C, 0x00, 0x1E, 0x01, 0x1E, 0x08, 	
0x00, 0x00, 0x62, 0x61, 0x62, 0x79, 0x00, 0x1E, 	
0x06, 0x1E, 0x08, 0x00, 0x00, 0x62, 0x61, 0x63, 	
0x6F, 0x6E, 0x00, 0x1E, 0x06, 0x21, 0x04, 0x26, 	
0x00, 0x00, 0x62, 0x61, 0x64, 0x6D, 0x69, 0x6E, 	
0x74, 0x6F, 0x6E, 0x00, 0x1E, 0x01, 0x1F, 0x25, 	
0x08, 0x26, 0x23, 0x04, 0x26, 0x00, 0x00, 0x62, 	
0x61, 0x6C, 0x6C, 0x2D, 0x74, 0x72, 0x61, 0x70, 	
0x00, 0x1E, 0x01, 0x12, 0x23, 0x13, 0x01, 0x22, 	
0x00, 0x00, 0x62, 0x61, 0x6C, 0x6C, 0x65, 0x74, 	
0x6F, 0x6D, 0x61, 0x6E, 0x65, 0x00, 0x1E, 0x01, 	
0x12, 0x03, 0x23, 0x04, 0x25, 0x01, 0x26, 0x00, 	
0x00, 0x62, 0x61, 0x6E, 0x64, 0x65, 0x72, 0x69, 	
0x6C, 0x6C, 0x65, 0x72, 0x6F, 0x00, 0x1E, 0x0D, 	
0x1F, 0x06, 0x13, 0x08, 0x16, 0x06, 0x13, 0x09, 	
0x00, 0x00, 0x62, 0x61, 0x6E, 0x67, 0x00, 0x1E, 	
0x0D, 0x27, 0x00, 0x00, 0x62, 0x61, 0x6E, 0x6A, 	
0x6F, 0xEF, 0x73, 0x74, 0x65, 0x00, 0x1E, 0x0D, 	
0x1F, 0x19, 0x04, 0x08, 0x1B, 0x23, 0x00, 0x00, 	
0x62, 0x61, 0x72, 0x62, 0x65, 0x63, 0x75, 0x65, 	
0x00, 0x1E, 0x01, 0x13, 0x1E, 0x05, 0x21, 0x16, 	
0x0B, 0x00, 0x00, 0x62, 0x61, 0x72, 0x69, 0x6C, 	
0x00, 0x1E, 0x01, 0x13, 0x08, 0x00, 0x00, 0x62, 	
0x61, 0x73, 0x65, 0x2D, 0x62, 0x61, 0x6C, 0x6C, 	
0x00, 0x1E, 0x03, 0x1D, 0x1E, 0x09, 0x12, 0x00, 	
0x00, 0x62, 0x61, 0x73, 0x74, 0x69, 0x6E, 0x67, 	
0x00, 0x1E, 0x01, 0x1B, 0x23, 0x0E, 0x00, 0x00, 	
0x62, 0x61, 0x74, 0x74, 0x6C, 0x65, 0x2D, 0x64, 	
0x72, 0x65, 0x73, 0x73, 0x00, 0x1E, 0x01, 0x23, 	
0x05, 0x12, 0x1F, 0x13, 0x03, 0x1B, 0x00, 0x00, 	
0x62, 0x61, 0x79, 0x2D, 0x77, 0x69, 0x6E, 0x64, 	
0x6F, 0x77, 0x00, 0x1E, 0x03, 0x14, 0x08, 0x26, 	
0x1F, 0x09, 0x00, 0x00, 0x62, 0x61, 0x7A, 0x6F, 	
0x6F, 0x6B, 0x61, 0x00, 0x1E, 0x01, 0x1D, 0x0B, 	
0x21, 0x01, 0x00, 0x00, 0x42, 0x64, 0x2E, 0x00, 	
0x1E, 0x0B, 0x12, 0x05, 0x1C, 0x01, 0x13, 0x00, 	
0x00, 0x62, 0x65, 0x2D, 0x62, 0x6F, 0x70, 0x00, 	
0x1E, 0x08, 0x1E, 0x04, 0x22, 0x00, 0x00, 0x62, 	
0x65, 0x61, 0x75, 0x2D, 0x70, 0x65, 0x74, 0x69, 	
0x74, 0x2D, 0x66, 0x69, 0x6C, 0x73, 0x00, 0x1E, 	
0x09, 0x22, 0x23, 0x08, 0x18, 0x08, 0x1B, 0x00, 	
0x00, 0x62, 0x65, 0x68, 0x61, 0x76, 0x69, 0x6F, 	
0x72, 0x69, 0x73, 0x6D, 0x65, 0x00, 0x1E, 0x08, 	
0x01, 0x1C, 0x16, 0x04, 0x13, 0x08, 0x1B, 0x25, 	
0x00, 0x00, 0x62, 0x65, 0x68, 0x61, 0x76, 0x69, 	
0x6F, 0x72, 0x69, 0x73, 0x74, 0x65, 0x00, 0x1E, 	
0x08, 0x02, 0x1C, 0x16, 0x04, 0x13, 0x08, 0x1B, 	
0x23, 0x00, 0x00, 0x62, 0x65, 0x6C, 0x6F, 0x75, 	
0x67, 0x61, 0x00, 0x1E, 0x06, 0x12, 0x0B, 0x20, 	
0x01, 0x00, 0x00, 0x62, 0x65, 0xEF, 0x72, 0x61, 	
0x6D, 0x00, 0x1E, 0x06, 0x08, 0x13, 0x01, 0x25, 	
0x00, 0x00, 0x62, 0x69, 0x63, 0x68, 0x6C, 0x61, 	
0x6D, 0x61, 0x72, 0x00, 0x1E, 0x08, 0x17, 0x12, 	
0x01, 0x25, 0x01, 0x13, 0x00, 0x00, 0x62, 0x69, 	
0x65, 0x6E, 0x2D, 0x61, 0x69, 0x6D, 0xE9, 0x00, 	
0x1E, 0x16, 0x0E, 0x26, 0x06, 0x25, 0x06, 0x00, 	
0x00, 0x62, 0x69, 0x65, 0x6E, 0x2D, 0x61, 0x69, 	
0x6D, 0xE9, 0x65, 0x00, 0x1E, 0x16, 0x0E, 0x26, 	
0x06, 0x25, 0x06, 0x00, 0x00, 0x62, 0x69, 0x65, 	
0x6E, 0x2D, 0xEA, 0x74, 0x72, 0x65, 0x00, 0x1E, 	
0x16, 0x0E, 0x26, 0x03, 0x23, 0x13, 0x00, 0x00, 	
0x62, 0x69, 0x65, 0x6E, 0x68, 0x65, 0x75, 0x72, 	
0x65, 0x75, 0x73, 0x65, 0x00, 0x1E, 0x16, 0x0E, 	
0x26, 0x0A, 0x13, 0x07, 0x1D, 0x00, 0x00, 0x62, 	
0x69, 0x65, 0x6E, 0x68, 0x65, 0x75, 0x72, 0x65, 	
0x75, 0x78, 0x00, 0x1E, 0x16, 0x0E, 0x26, 0x0A, 	
0x13, 0x07, 0x00, 0x00, 0x62, 0x69, 0x6C, 0x6C, 	
0x65, 0x76, 0x65, 0x73, 0xE9, 0x65, 0x00, 0x1E, 	
0x08, 0x16, 0x1C, 0x05, 0x1D, 0x06, 0x00, 0x00, 	
0x62, 0x69, 0x6C, 0x6C, 0x69, 0x6F, 0x6E, 0x00, 	
0x1E, 0x08, 0x12, 0x16, 0x0F, 0x00, 0x00, 0x62, 	
0x69, 0x6E, 0x67, 0x6F, 0x00, 0x1E, 0x08, 0x27, 	
0x20, 0x09, 0x00, 0x00, 0x62, 0x69, 0x6F, 0x67, 	
0x65, 0x6E, 0xE8, 0x73, 0x65, 0x00, 0x1E, 0x16, 	
0x04, 0x19, 0x06, 0x26, 0x03, 0x1D, 0x00, 0x00, 	
0x62, 0x69, 0x7A, 0x75, 0x74, 0x68, 0x00, 0x1E, 	
0x08, 0x1D, 0x0C, 0x00, 0x00, 0x62, 0x6C, 0x61, 	
0x63, 0x6B, 0x2D, 0x6F, 0x75, 0x74, 0x00, 0x1E, 	
0x12, 0x01, 0x21, 0x01, 0x14, 0x23, 0x00, 0x00, 	
0x62, 0x6C, 0x61, 0x6E, 0x63, 0x2D, 0x65, 0x73, 	
0x74, 0x6F, 0x63, 0x00, 0x1E, 0x12, 0x0D, 0x21, 	
0x03, 0x1B, 0x23, 0x04, 0x21, 0x00, 0x00, 0x62, 	
0x6C, 0x61, 0x6E, 0x63, 0x2D, 0xE9, 0x74, 0x6F, 	
0x63, 0x00, 0x1E, 0x12, 0x0D, 0x21, 0x06, 0x23, 	
0x04, 0x21, 0x00, 0x00, 0x62, 0x6C, 0x61, 0x73, 	
0x74, 0x6F, 0x67, 0x65, 0x6E, 0xE8, 0x73, 0x65, 	
0x00, 0x1E, 0x12, 0x01, 0x1B, 0x23, 0x04, 0x19, 	
0x06, 0x26, 0x03, 0x1D, 0x00, 0x00, 0x62, 0x6C, 	
0x61, 0x7A, 0x65, 0x72, 0x00, 0x1E, 0x12, 0x01, 	
0x1D, 0x0A, 0x13, 0x00, 0x00, 0x62, 0x6C, 0x65, 	
0x75, 0x65, 0x74, 0x69, 0xE8, 0x72, 0x65, 0x00, 	
0x1E, 0x12, 0x07, 0x03, 0x23, 0x16, 0x03, 0x13, 	
0x00, 0x00, 0x62, 0x6C, 0x75, 0x65, 0x2D, 0x6A, 	
0x65, 0x61, 0x6E, 0x00, 0x1E, 0x12, 0x0B, 0x1F, 	
0x19, 0x08, 0x26, 0x00, 0x00, 0x62, 0x6C, 0x75, 	
0x65, 0x2D, 0x6A, 0x65, 0x61, 0x6E, 0x73, 0x00, 	
0x1E, 0x12, 0x0B, 0x1F, 0x19, 0x08, 0x26, 0x1B, 	
0x00, 0x00, 0x62, 0x6C, 0x75, 0x65, 0x73, 0x00, 	
0x1E, 0x12, 0x0B, 0x1D, 0x00, 0x00, 0x62, 0x6C, 	
0x75, 0x73, 0x68, 0x00, 0x1E, 0x12, 0x0A, 0x17, 	
0x00, 0x00, 0x62, 0x6F, 0x62, 0x73, 0x6C, 0x65, 	
0x69, 0x67, 0x68, 0x00, 0x1E, 0x04, 0x1E, 0x1B, 	
0x12, 0x03, 0x20, 0x00, 0x00, 0x62, 0x6F, 0x69, 	
0x6C, 0x6C, 0x65, 0x00, 0x1E, 0x04, 0x16, 0x00, 	
0x00, 0x62, 0x6F, 0x6E, 0x6E, 0x65, 0x74, 0x65, 	
0x72, 0x69, 0x65, 0x00, 0x1E, 0x04, 0x26, 0x03, 	
0x23, 0x13, 0x08, 0x00, 0x00, 0x62, 0x6F, 0x6E, 	
0x73, 0x61, 0xEF, 0x00, 0x1E, 0x04, 0x26, 0x1D, 	
0x01, 0x16, 0x00, 0x00, 0x62, 0x6F, 0x6F, 0x67, 	
0x69, 0x65, 0x2D, 0x77, 0x6F, 0x6F, 0x67, 0x69, 	
0x65, 0x00, 0x1E, 0x0B, 0x20, 0x08, 0x14, 0x0B, 	
0x20, 0x08, 0x00, 0x00, 0x62, 0x6F, 0x6F, 0x6B, 	
0x6D, 0x61, 0x6B, 0x65, 0x72, 0x00, 0x1E, 0x0B, 	
0x21, 0x25, 0x03, 0x21, 0x0A, 0x13, 0x00, 0x00, 	
0x62, 0x6F, 0x73, 0x6B, 0x6F, 0x6F, 0x70, 0x00, 	
0x1E, 0x04, 0x1B, 0x21, 0x04, 0x22, 0x00, 0x00, 	
0x62, 0x6F, 0x75, 0x6E, 0x69, 0x6F, 0x75, 0x6C, 	
0x00, 0x1E, 0x0B, 0x24, 0x0B, 0x12, 0x00, 0x00, 	
0x62, 0x6F, 0x77, 0x2D, 0x77, 0x69, 0x6E, 0x64, 	
0x6F, 0x77, 0x00, 0x1E, 0x09, 0x14, 0x08, 0x26, 	
0x1F, 0x09, 0x00, 0x00, 0x62, 0x6F, 0x77, 0x6C, 	
0x69, 0x6E, 0x67, 0x00, 0x1E, 0x04, 0x12, 0x08, 	
0x27, 0x00, 0x00, 0x62, 0x6F, 0x78, 0x2D, 0x6F, 	
0x66, 0x66, 0x69, 0x63, 0x65, 0x00, 0x1E, 0x04, 	
0x21, 0x1B, 0x04, 0x18, 0x08, 0x1B, 0x00, 0x00, 	
0x62, 0x6F, 0x79, 0x61, 0x72, 0x64, 0x00, 0x1E, 	
0x04, 0x16, 0x01, 0x13, 0x00, 0x00, 0x62, 0x6F, 	
0xEB, 0x73, 0x73, 0x65, 0x00, 0x1E, 0x14, 0x03, 	
0x1B, 0x00, 0x00, 0x62, 0x6F, 0xEB, 0x74, 0x65, 	
0x00, 0x1E, 0x14, 0x03, 0x23, 0x00, 0x00, 0x62, 	
0x72, 0x61, 0x69, 0x6E, 0x2D, 0x74, 0x72, 0x75, 	
0x73, 0x74, 0x00, 0x1E, 0x13, 0x03, 0x26, 0x23, 	
0x13, 0x0A, 0x1B, 0x23, 0x00, 0x00, 0x62, 0x72, 	
0x61, 0x69, 0x6E, 0x73, 0x74, 0x6F, 0x72, 0x6D, 	
0x69, 0x6E, 0x67, 0x00, 0x1E, 0x13, 0x03, 0x26, 	
0x1B, 0x23, 0x04, 0x13, 0x25, 0x08, 0x27, 0x00, 	
0x00, 0x62, 0x72, 0x61, 0x73, 0x65, 0x72, 0x6F, 	
0x00, 0x1E, 0x13, 0x02, 0x1D, 0x06, 0x13, 0x09, 	
0x00, 0x00, 0x62, 0x72, 0x61, 0x79, 0x65, 0x72, 	
0x00, 0x1E, 0x13, 0x06, 0x16, 0x06, 0x00, 0x00, 	
0x62, 0x72, 0x65, 0x61, 0x6B, 0x66, 0x61, 0x73, 	
0x74, 0x00, 0x1E, 0x13, 0x03, 0x21, 0x18, 0x0A, 	
0x1B, 0x23, 0x00, 0x00, 0x62, 0x72, 0x65, 0x69, 	
0x74, 0x73, 0x63, 0x68, 0x77, 0x61, 0x6E, 0x7A, 	
0x00, 0x1E, 0x13, 0x03, 0x23, 0x17, 0x1C, 0x0D, 	
0x23, 0x1B, 0x00, 0x00, 0x62, 0x72, 0x65, 0x74, 	
0x7A, 0x65, 0x6C, 0x00, 0x1E, 0x13, 0x03, 0x1F, 	
0x1D, 0x03, 0x12, 0x00, 0x00, 0x62, 0x72, 0x69, 	
0x67, 0x68, 0x74, 0x00, 0x1E, 0x13, 0x01, 0x16, 	
0x23, 0x00, 0x00, 0x62, 0x72, 0x69, 0x67, 0x68, 	
0x74, 0x69, 0x73, 0x6D, 0x65, 0x00, 0x1E, 0x13, 	
0x01, 0x16, 0x23, 0x08, 0x1B, 0x25, 0x00, 0x00, 	
0x62, 0x72, 0x6F, 0x77, 0x6E, 0x69, 0x65, 0x6E, 	
0x00, 0x1E, 0x13, 0x09, 0x26, 0x16, 0x0E, 0x00, 	
0x00, 0x62, 0x72, 0x6F, 0x77, 0x6E, 0x69, 0x65, 	
0x6E, 0x6E, 0x65, 0x00, 0x1E, 0x13, 0x09, 0x26, 	
0x16, 0x03, 0x26, 0x00, 0x00, 0x62, 0x72, 0x6F, 	
0x77, 0x6E, 0x69, 0x6E, 0x67, 0x00, 0x1E, 0x13, 	
0x09, 0x26, 0x08, 0x27, 0x00, 0x00, 0x62, 0x72, 	
0x75, 0x6E, 0x63, 0x68, 0x00, 0x1E, 0x13, 0x0A, 	
0x26, 0x23, 0x17, 0x00, 0x00, 0x62, 0x72, 0x75, 	
0x73, 0x68, 0x69, 0x6E, 0x67, 0x00, 0x1E, 0x13, 	
0x0A, 0x17, 0x08, 0x27, 0x00, 0x00, 0x62, 0x72, 	
0x75, 0x79, 0xE8, 0x72, 0x65, 0x00, 0x1E, 0x13, 	
0x0C, 0x16, 0x03, 0x13, 0x00, 0x00, 0x62, 0x75, 	
0x69, 0x6C, 0x64, 0x69, 0x6E, 0x67, 0x00, 0x1E, 	
0x08, 0x12, 0x1F, 0x08, 0x27, 0x00, 0x00, 0x62, 	
0x75, 0x6C, 0x62, 0x00, 0x1E, 0x0A, 0x12, 0x1E, 	
0x00, 0x00, 0x62, 0x75, 0x6C, 0x6C, 0x2D, 0x66, 	
0x69, 0x6E, 0x63, 0x68, 0x00, 0x1E, 0x0B, 0x12, 	
0x18, 0x08, 0x26, 0x23, 0x17, 0x00, 0x00, 0x62, 	
0x75, 0x6E, 0x6B, 0x65, 0x72, 0x00, 0x1E, 0x0B, 	
0x26, 0x21, 0x03, 0x13, 0x00, 0x00, 0x62, 0x75, 	
0x73, 0x68, 0x00, 0x1E, 0x0B, 0x17, 0x00, 0x00, 	
0x62, 0x75, 0x73, 0x69, 0x6E, 0x65, 0x73, 0x73, 	
0x00, 0x1E, 0x08, 0x1D, 0x26, 0x03, 0x1B, 0x00, 	
0x00, 0x62, 0x75, 0x73, 0x69, 0x6E, 0x65, 0x73, 	
0x73, 0x6D, 0x61, 0x6E, 0x00, 0x1E, 0x08, 0x1D, 	
0x26, 0x03, 0x1B, 0x25, 0x01, 0x26, 0x00, 0x00, 	
0x62, 0x79, 0x65, 0x00, 0x1E, 0x01, 0x16, 0x00, 	
0x00, 0x62, 0x79, 0x65, 0x2D, 0x62, 0x79, 0x65, 	
0x00, 0x1E, 0x01, 0x16, 0x1E, 0x01, 0x16, 0x00, 	
0x00, 0x63, 0x00, 0x1B, 0x06, 0x00, 0x00, 0x63, 	
0x2E, 0x61, 0x2E, 0x70, 0x2E, 0x65, 0x2E, 0x73, 	
0x2E, 0x00, 0x21, 0x01, 0x22, 0x03, 0x1B, 0x00, 	
0x00, 0x63, 0x61, 0x63, 0x61, 0x68, 0x75, 0xE8, 	
0x74, 0x65, 0x00, 0x21, 0x01, 0x21, 0x01, 0x14, 	
0x03, 0x23, 0x00, 0x00, 0x63, 0x61, 0x63, 0x68, 	
0x75, 0x63, 0x68, 0x61, 0x00, 0x21, 0x01, 0x23, 	
0x17, 0x0B, 0x23, 0x17, 0x01, 0x00, 0x00, 0x63, 	
0x61, 0x6B, 0x65, 0x00, 0x21, 0x03, 0x21, 0x00, 	
0x00, 0x63, 0x61, 0x6B, 0x65, 0x2D, 0x77, 0x61, 	
0x6C, 0x6B, 0x00, 0x21, 0x03, 0x21, 0x14, 0x04, 	
0x21, 0x00, 0x00, 0x63, 0x61, 0x6C, 0x6C, 0x2D, 	
0x67, 0x69, 0x72, 0x6C, 0x00, 0x21, 0x04, 0x12, 	
0x20, 0x0A, 0x13, 0x12, 0x00, 0x00, 0x63, 0x61, 	
0x6D, 0x65, 0x72, 0x61, 0x6D, 0x61, 0x6E, 0x00, 	
0x21, 0x01, 0x25, 0x06, 0x13, 0x01, 0x25, 0x01, 	
0x26, 0x00, 0x00, 0x63, 0x61, 0x6E, 0x63, 0x6F, 	
0x69, 0x6C, 0x6C, 0x6F, 0x74, 0x74, 0x65, 0x00, 	
0x21, 0x0D, 0x21, 0x14, 0x01, 0x16, 0x04, 0x23, 	
0x00, 0x00, 0x63, 0x61, 0x6E, 0x64, 0x65, 0x6C, 	
0x61, 0x00, 0x21, 0x0D, 0x1F, 0x06, 0x12, 0x01, 	
0x00, 0x00, 0x63, 0x61, 0x6E, 0x65, 0x70, 0x65, 	
0x74, 0x69, 0xE8, 0x72, 0x65, 0x00, 0x21, 0x01, 	
0x26, 0x22, 0x05, 0x23, 0x16, 0x03, 0x13, 0x00, 	
0x00, 0x63, 0x61, 0x6E, 0x6F, 0xEB, 0x00, 0x21, 	
0x01, 0x26, 0x04, 0x06, 0x00, 0x00, 0x63, 0x61, 	
0x6E, 0x74, 0x61, 0x62, 0x69, 0x6C, 0x65, 0x00, 	
0x21, 0x0D, 0x23, 0x01, 0x1E, 0x08, 0x12, 0x06, 	
0x00, 0x00, 0x63, 0x61, 0x6E, 0x74, 0x69, 0x6C, 	
0x65, 0x76, 0x65, 0x72, 0x00, 0x21, 0x0D, 0x23, 	
0x08, 0x12, 0x06, 0x1C, 0x0A, 0x13, 0x00, 0x00, 	
0x63, 0x61, 0x6E, 0x7A, 0x6F, 0x6E, 0x65, 0x00, 	
0x21, 0x0D, 0x1F, 0x1D, 0x04, 0x26, 0x00, 0x00, 	
0x63, 0x61, 0x70, 0x70, 0x65, 0x6C, 0x6C, 0x61, 	
0x00, 0x21, 0x01, 0x22, 0x03, 0x12, 0x12, 0x01, 	
0x00, 0x00, 0x63, 0x61, 0x70, 0x72, 0x69, 0x63, 	
0x63, 0x69, 0x6F, 0x00, 0x21, 0x01, 0x22, 0x13, 	
0x08, 0x23, 0x17, 0x16, 0x09, 0x00, 0x00, 0x63, 	
0x61, 0x72, 0x62, 0x6F, 0x72, 0x75, 0x6E, 0x64, 	
0x75, 0x6D, 0x00, 0x21, 0x01, 0x13, 0x1E, 0x04, 	
0x13, 0x0F, 0x1F, 0x04, 0x25, 0x00, 0x00, 0x63, 	
0x61, 0x72, 0x70, 0x61, 0x63, 0x63, 0x69, 0x6F, 	
0x00, 0x21, 0x01, 0x13, 0x22, 0x01, 0x23, 0x17, 	
0x16, 0x09, 0x00, 0x00, 0x63, 0x61, 0x73, 0x62, 	
0x61, 0x68, 0x00, 0x21, 0x01, 0x1D, 0x1E, 0x01, 	
0x00, 0x00, 0x63, 0x61, 0x74, 0x68, 0x65, 0x64, 	
0x72, 0x61, 0x00, 0x21, 0x01, 0x23, 0x06, 0x1F, 	
0x13, 0x01, 0x00, 0x00, 0x63, 0x61, 0x75, 0x64, 	
0x69, 0x6C, 0x6C, 0x6F, 0x00, 0x21, 0x01, 0x14, 	
0x1F, 0x08, 0x16, 0x09, 0x00, 0x00, 0x63, 0x61, 	
0x77, 0x63, 0x68, 0x65, 0x72, 0x00, 0x21, 0x01, 	
0x17, 0x03, 0x13, 0x00, 0x00, 0x63, 0x61, 0xF1, 	
0x6F, 0x6E, 0x00, 0x21, 0x01, 0x24, 0x0F, 0x00, 	
0x00, 0x63, 0x64, 0x2D, 0x72, 0x6F, 0x6D, 0x00, 	
0x1B, 0x06, 0x1F, 0x06, 0x13, 0x04, 0x25, 0x00, 	
0x00, 0x63, 0x65, 0x64, 0x65, 0x78, 0x00, 0x1B, 	
0x06, 0x1F, 0x03, 0x21, 0x1B, 0x00, 0x00, 0x63, 	
0x65, 0x6C, 0x65, 0x62, 0x72, 0x65, 0x74, 0x00, 	
0x1B, 0x06, 0x12, 0x06, 0x1E, 0x13, 0x03, 0x23, 	
0x00, 0x00, 0x63, 0x65, 0x74, 0x65, 0x72, 0x61, 	
0x00, 0x1B, 0x06, 0x23, 0x06, 0x13, 0x01, 0x00, 	
0x00, 0x43, 0x48, 0x2E, 0x00, 0x17, 0x01, 0x22, 	
0x08, 0x23, 0x13, 0x00, 0x00, 0x43, 0x68, 0x2E, 	
0x00, 0x17, 0x01, 0x22, 0x23, 0x03, 0x13, 0x00, 	
0x00, 0x63, 0x68, 0x61, 0x2D, 0x63, 0x68, 0x61, 	
0x2D, 0x63, 0x68, 0x61, 0x00, 0x23, 0x17, 0x01, 	
0x23, 0x17, 0x01, 0x23, 0x17, 0x01, 0x00, 0x00, 	
0x63, 0x68, 0x61, 0x64, 0x62, 0x75, 0x72, 0x6E, 	
0x00, 0x17, 0x01, 0x1F, 0x1E, 0x0A, 0x13, 0x26, 	
0x00, 0x00, 0x63, 0x68, 0x61, 0x6C, 0x61, 0x7A, 	
0x65, 0x00, 0x21, 0x01, 0x12, 0x02, 0x1D, 0x00, 	
0x00, 0x63, 0x68, 0x61, 0x6D, 0x70, 0x6C, 0x65, 	
0x76, 0x65, 0x72, 0x00, 0x17, 0x0D, 0x12, 0x1C, 	
0x06, 0x00, 0x00, 0x63, 0x68, 0x61, 0x6D, 0xE6, 	
0x72, 0x6F, 0x70, 0x73, 0x00, 0x21, 0x01, 0x25, 	
0x06, 0x13, 0x04, 0x22, 0x1B, 0x00, 0x00, 0x63, 	
0x68, 0x65, 0x63, 0x6B, 0x2D, 0x6C, 0x69, 0x73, 	
0x74, 0x00, 0x23, 0x17, 0x03, 0x21, 0x12, 0x08, 	
0x1B, 0x23, 0x00, 0x00, 0x63, 0x68, 0x65, 0x63, 	
0x6B, 0x2D, 0x75, 0x70, 0x00, 0x23, 0x17, 0x03, 	
0x21, 0x0A, 0x22, 0x00, 0x00, 0x63, 0x68, 0x65, 	
0x66, 0x2D, 0x64, 0x27, 0x6F, 0x65, 0x75, 0x76, 	
0x72, 0x65, 0x00, 0x17, 0x03, 0x1F, 0x0A, 0x1C, 	
0x13, 0x00, 0x00, 0x63, 0x68, 0x65, 0x69, 0x72, 	
0x6F, 0x70, 0x74, 0xE8, 0x72, 0x65, 0x73, 0x00, 	
0x21, 0x06, 0x08, 0x13, 0x04, 0x22, 0x23, 0x03, 	
0x13, 0x00, 0x00, 0x63, 0x68, 0x65, 0x6C, 0x65, 	
0x6D, 0x00, 0x17, 0x12, 0x03, 0x25, 0x00, 0x00, 	
0x63, 0x68, 0x65, 0x77, 0x69, 0x6E, 0x67, 0x2D, 	
0x67, 0x75, 0x6D, 0x00, 0x17, 0x14, 0x08, 0x27, 	
0x20, 0x04, 0x25, 0x00, 0x00, 0x63, 0x68, 0x69, 	
0x63, 0x68, 0x65, 0x2D, 0x6B, 0x65, 0x62, 0x61, 	
0x62, 0x00, 0x17, 0x08, 0x17, 0x21, 0x06, 0x1E, 	
0x01, 0x1E, 0x00, 0x00, 0x63, 0x68, 0x69, 0x63, 	
0x6C, 0xE9, 0x00, 0x23, 0x17, 0x08, 0x21, 0x12, 	
0x06, 0x00, 0x00, 0x63, 0x68, 0x69, 0x65, 0x6E, 	
0x6C, 0x69, 0x74, 0x00, 0x17, 0x16, 0x0D, 0x12, 	
0x08, 0x00, 0x00, 0x63, 0x68, 0x69, 0x6E, 0x74, 	
0x7A, 0x00, 0x17, 0x08, 0x26, 0x23, 0x1B, 0x00, 	
0x00, 0x63, 0x68, 0x69, 0x70, 0x70, 0x65, 0x6E, 	
0x64, 0x61, 0x6C, 0x65, 0x00, 0x17, 0x08, 0x22, 	
0x0E, 0x26, 0x1F, 0x01, 0x12, 0x00, 0x00, 0x63, 	
0x68, 0x69, 0x73, 0x74, 0x65, 0x72, 0x61, 0x00, 	
0x17, 0x08, 0x1B, 0x23, 0x06, 0x13, 0x01, 0x00, 	
0x00, 0x63, 0x68, 0x6F, 0x6B, 0x65, 0x2D, 0x62, 	
0x6F, 0x72, 0x65, 0x00, 0x23, 0x17, 0x04, 0x21, 	
0x1E, 0x04, 0x13, 0x00, 0x00, 0x63, 0x68, 0x6F, 	
0x72, 0x69, 0x7A, 0x6F, 0x00, 0x17, 0x09, 0x13, 	
0x08, 0x1B, 0x09, 0x00, 0x00, 0x63, 0x68, 0x75, 	
0x74, 0x6E, 0x65, 0x79, 0x00, 0x17, 0x0A, 0x23, 	
0x26, 0x03, 0x00, 0x00, 0x63, 0x68, 0xE2, 0x74, 	
0x61, 0x69, 0x67, 0x6E, 0x69, 0x65, 0x72, 0x00, 	
0x17, 0x02, 0x23, 0x06, 0x24, 0x06, 0x00, 0x00, 	
0x63, 0x69, 0x61, 0x6F, 0x00, 0x23, 0x17, 0x01, 	
0x09, 0x00, 0x00, 0x63, 0x6D, 0x2E, 0x00, 0x1B, 	
0x0D, 0x23, 0x08, 0x25, 0x03, 0x23, 0x13, 0x00, 	
0x00, 0x43, 0x4D, 0x4F, 0x53, 0x00, 0x1B, 0x06, 	
0x25, 0x04, 0x1B, 0x00, 0x00, 0x43, 0x4E, 0x45, 	
0x54, 0x00, 0x21, 0x26, 0x03, 0x23, 0x00, 0x00, 	
0x63, 0x6F, 0x61, 0x63, 0x68, 0x00, 0x21, 0x09, 	
0x23, 0x17, 0x00, 0x00, 0x63, 0x6F, 0x61, 0x6C, 	
0x74, 0x61, 0x72, 0x00, 0x21, 0x09, 0x12, 0x23, 	
0x01, 0x13, 0x00, 0x00, 0x63, 0x6F, 0x63, 0x68, 	
0x79, 0x6C, 0x69, 0x73, 0x00, 0x21, 0x04, 0x21, 	
0x08, 0x12, 0x08, 0x1B, 0x00, 0x00, 0x63, 0x6F, 	
0x63, 0x6B, 0x74, 0x61, 0x69, 0x6C, 0x00, 0x21, 	
0x04, 0x21, 0x23, 0x03, 0x12, 0x00, 0x00, 0x63, 	
0x6F, 0x65, 0x6E, 0x7A, 0x79, 0x6D, 0x65, 0x00, 	
0x21, 0x04, 0x0D, 0x1D, 0x08, 0x25, 0x00, 0x00, 	
0x63, 0x6F, 0x6D, 0x70, 0x6F, 0x75, 0x6E, 0x64, 	
0x00, 0x21, 0x0F, 0x22, 0x0B, 0x26, 0x1F, 0x00, 	
0x00, 0x63, 0x6F, 0x6D, 0x70, 0x74, 0x65, 0x2D, 	
0x66, 0x69, 0x6C, 0x73, 0x00, 0x21, 0x0F, 0x23, 	
0x18, 0x08, 0x12, 0x00, 0x00, 0x63, 0x6F, 0x6E, 	
0x64, 0x6F, 0x74, 0x74, 0x69, 0x65, 0x72, 0x65, 	
0x00, 0x21, 0x0F, 0x1F, 0x04, 0x23, 0x16, 0x03, 	
0x13, 0x00, 0x00, 0x63, 0x6F, 0x6E, 0x66, 0x69, 	
0x74, 0x65, 0x6F, 0x72, 0x00, 0x21, 0x0F, 0x18, 	
0x08, 0x23, 0x06, 0x04, 0x13, 0x00, 0x00, 0x63, 	
0x6F, 0x6E, 0x6A, 0x75, 0x6E, 0x67, 0x6F, 0x00, 	
0x21, 0x0F, 0x19, 0x0F, 0x20, 0x09, 0x00, 0x00, 	
0x63, 0x6F, 0x6E, 0x73, 0x61, 0x6E, 0x67, 0x75, 	
0x69, 0x6E, 0x69, 0x74, 0xE9, 0x00, 0x21, 0x0F, 	
0x1B, 0x0D, 0x20, 0x15, 0x08, 0x26, 0x08, 0x23, 	
0x06, 0x00, 0x00, 0x63, 0x6F, 0x6E, 0x73, 0x65, 	
0x6E, 0x73, 0x75, 0x73, 0x00, 0x21, 0x0F, 0x1B, 	
0x0E, 0x1B, 0x0C, 0x1B, 0x00, 0x00, 0x63, 0x6F, 	
0x6E, 0x74, 0x72, 0x61, 0x70, 0x75, 0x6E, 0x74, 	
0x69, 0x71, 0x75, 0x65, 0x00, 0x21, 0x0F, 0x23, 	
0x13, 0x01, 0x22, 0x0F, 0x23, 0x08, 0x21, 0x00, 	
0x00, 0x63, 0x6F, 0x6E, 0x74, 0x72, 0x61, 0x70, 	
0x75, 0x6E, 0x74, 0x69, 0x73, 0x74, 0x65, 0x00, 	
0x21, 0x0F, 0x23, 0x13, 0x01, 0x22, 0x0F, 0x23, 	
0x08, 0x1B, 0x23, 0x00, 0x00, 0x63, 0x6F, 0x6E, 	
0x74, 0x72, 0x65, 0x2D, 0x68, 0x61, 0x75, 0x74, 	
0x00, 0x21, 0x0F, 0x23, 0x13, 0x05, 0x09, 0x00, 	
0x00, 0x63, 0x6F, 0x6E, 0x74, 0x72, 0x65, 0x2D, 	
0x6D, 0x65, 0x73, 0x75, 0x72, 0x65, 0x00, 0x21, 	
0x0F, 0x23, 0x13, 0x05, 0x25, 0x1D, 0x0C, 0x13, 	
0x00, 0x00, 0x63, 0x6F, 0x6E, 0x74, 0x72, 0x65, 	
0x63, 0x6C, 0x65, 0x66, 0x00, 0x21, 0x0F, 0x23, 	
0x13, 0x05, 0x21, 0x12, 0x06, 0x00, 0x00, 0x63, 	
0x6F, 0x70, 0x61, 0x69, 0x6E, 0x65, 0x00, 0x21, 	
0x04, 0x22, 0x08, 0x26, 0x00, 0x00, 0x63, 0x6F, 	
0x70, 0x79, 0x72, 0x69, 0x67, 0x68, 0x74, 0x00, 	
0x21, 0x04, 0x22, 0x08, 0x13, 0x01, 0x16, 0x23, 	
0x00, 0x00, 0x63, 0x6F, 0x72, 0x65, 0x6C, 0x69, 	
0x67, 0x69, 0x6F, 0x6E, 0x6E, 0x61, 0x69, 0x72, 	
0x65, 0x00, 0x21, 0x04, 0x13, 0x05, 0x12, 0x08, 	
0x19, 0x16, 0x04, 0x26, 0x03, 0x13, 0x00, 0x00, 	
0x63, 0x6F, 0x72, 0x6E, 0x2D, 0x66, 0x6C, 0x61, 	
0x6B, 0x65, 0x73, 0x00, 0x21, 0x04, 0x13, 0x26, 	
0x18, 0x12, 0x03, 0x21, 0x1B, 0x00, 0x00, 0x63, 	
0x6F, 0x72, 0x6E, 0x65, 0x64, 0x2D, 0x62, 0x65, 	
0x65, 0x66, 0x00, 0x21, 0x04, 0x13, 0x26, 0x1E, 	
0x08, 0x18, 0x00, 0x00, 0x63, 0x6F, 0x74, 0x74, 	
0x61, 0x67, 0x65, 0x00, 0x21, 0x04, 0x23, 0x03, 	
0x1F, 0x19, 0x00, 0x00, 0x63, 0x6F, 0x75, 0x65, 	
0x6E, 0x6E, 0x65, 0x00, 0x21, 0x14, 0x01, 0x26, 	
0x00, 0x00, 0x63, 0x6F, 0x75, 0x65, 0x6E, 0x6E, 	
0x65, 0x75, 0x73, 0x65, 0x00, 0x21, 0x14, 0x01, 	
0x26, 0x07, 0x1D, 0x00, 0x00, 0x63, 0x6F, 0x75, 	
0x65, 0x6E, 0x6E, 0x65, 0x75, 0x78, 0x00, 0x21, 	
0x14, 0x01, 0x26, 0x07, 0x00, 0x00, 0x63, 0x6F, 	
0x76, 0x65, 0x72, 0x2D, 0x67, 0x69, 0x72, 0x6C, 	
0x00, 0x21, 0x04, 0x1C, 0x0A, 0x13, 0x20, 0x0A, 	
0x13, 0x12, 0x00, 0x00, 0x43, 0x50, 0x2F, 0x4D, 	
0x00, 0x1B, 0x06, 0x22, 0x06, 0x03, 0x25, 0x00, 	
0x00, 0x63, 0x72, 0x61, 0x63, 0x6B, 0x65, 0x72, 	
0x00, 0x21, 0x13, 0x01, 0x21, 0x0A, 0x13, 0x00, 	
0x00, 0x63, 0x72, 0x61, 0x77, 0x6C, 0x00, 0x21, 	
0x13, 0x09, 0x12, 0x00, 0x00, 0x63, 0x72, 0x61, 	
0x77, 0x6C, 0x65, 0x72, 0x00, 0x21, 0x13, 0x09, 	
0x12, 0x06, 0x00, 0x00, 0x63, 0x72, 0x61, 0x77, 	
0x6C, 0x65, 0x75, 0x72, 0x00, 0x21, 0x13, 0x09, 	
0x12, 0x0A, 0x13, 0x00, 0x00, 0x63, 0x72, 0x65, 	
0x64, 0x6F, 0x00, 0x21, 0x13, 0x06, 0x1F, 0x09, 	
0x00, 0x00, 0x63, 0x72, 0x65, 0x73, 0x63, 0x65, 	
0x6E, 0x64, 0x6F, 0x00, 0x21, 0x13, 0x06, 0x17, 	
0x0E, 0x1F, 0x09, 0x00, 0x00, 0x63, 0x72, 0x69, 	
0x61, 0x69, 0x6C, 0x6C, 0x65, 0x6D, 0x65, 0x6E, 	
0x74, 0x00, 0x21, 0x13, 0x08, 0x02, 0x16, 0x25, 	
0x0D, 0x00, 0x00, 0x63, 0x72, 0x69, 0x61, 0x69, 	
0x6C, 0x6C, 0x65, 0x72, 0x00, 0x21, 0x13, 0x08, 	
0x02, 0x16, 0x06, 0x00, 0x00, 0x63, 0x72, 0x69, 	
0x61, 0x69, 0x6C, 0x6C, 0x65, 0x72, 0x69, 0x65, 	
0x00, 0x21, 0x13, 0x08, 0x02, 0x16, 0x13, 0x08, 	
0x00, 0x00, 0x63, 0x72, 0x6F, 0x63, 0x2D, 0x65, 	
0x6E, 0x2D, 0x6A, 0x61, 0x6D, 0x62, 0x65, 0x00, 	
0x21, 0x13, 0x04, 0x21, 0x0D, 0x19, 0x0D, 0x1E, 	
0x00, 0x00, 0x63, 0x72, 0x6F, 0x6D, 0x6C, 0x65, 	
0x63, 0x68, 0x00, 0x21, 0x13, 0x04, 0x25, 0x12, 	
0x03, 0x21, 0x00, 0x00, 0x63, 0x72, 0x6F, 0x73, 	
0x73, 0x69, 0x6E, 0x67, 0x2D, 0x6F, 0x76, 0x65, 	
0x72, 0x00, 0x21, 0x13, 0x04, 0x1B, 0x08, 0x27, 	
0x04, 0x1C, 0x0A, 0x13, 0x00, 0x00, 0x63, 0x72, 	
0x75, 0x69, 0x73, 0x65, 0x72, 0x00, 0x21, 0x13, 	
0x0B, 0x1D, 0x0A, 0x13, 0x00, 0x00, 0x63, 0x72, 	
0x75, 0x7A, 0x61, 0x64, 0x6F, 0x00, 0x21, 0x13, 	
0x0B, 0x1D, 0x01, 0x1F, 0x09, 0x00, 0x00, 0x63, 	
0x72, 0x75, 0x7A, 0x65, 0x69, 0x72, 0x6F, 0x00, 	
0x21, 0x13, 0x0B, 0x1B, 0x03, 0x16, 0x13, 0x09, 	
0x00, 0x00, 0x63, 0x72, 0xE9, 0x73, 0x6F, 0x6C, 	
0x00, 0x21, 0x13, 0x06, 0x1D, 0x04, 0x12, 0x00, 	
0x00, 0x43, 0x74, 0x72, 0x6C, 0x00, 0x21, 0x0F, 	
0x23, 0x13, 0x09, 0x12, 0x00, 0x00, 0x63, 0x75, 	
0x65, 0x73, 0x74, 0x61, 0x00, 0x21, 0x14, 0x03, 	
0x1B, 0x23, 0x01, 0x00, 0x00, 0x63, 0x75, 0x72, 	
0x61, 0xE7, 0x61, 0x6F, 0x00, 0x21, 0x0C, 0x13, 	
0x01, 0x1B, 0x09, 0x00, 0x00, 0x63, 0x75, 0x72, 	
0x69, 0x65, 0x74, 0x68, 0xE9, 0x72, 0x61, 0x70, 	
0x69, 0x65, 0x00, 0x21, 0x0C, 0x13, 0x08, 0x23, 	
0x06, 0x13, 0x01, 0x22, 0x08, 0x00, 0x00, 0x63, 	
0x75, 0x72, 0x6C, 0x69, 0x6E, 0x67, 0x00, 0x21, 	
0x0A, 0x13, 0x12, 0x08, 0x27, 0x00, 0x00, 0x63, 	
0x78, 0x00, 0x1B, 0x06, 0x08, 0x21, 0x1B, 0x00, 	
0x00, 0x63, 0x7A, 0x61, 0x72, 0x64, 0x61, 0x73, 	
0x00, 0x21, 0x1B, 0x01, 0x13, 0x1F, 0x02, 0x1B, 	
0x00, 0x00, 0x63, 0x7A, 0x69, 0x6D, 0x62, 0x61, 	
0x6C, 0x75, 0x6D, 0x00, 0x23, 0x17, 0x08, 0x25, 	
0x1E, 0x01, 0x12, 0x04, 0x25, 0x00, 0x00, 0x63, 	
0xE6, 0x74, 0x65, 0x72, 0x61, 0x00, 0x1B, 0x06, 	
0x23, 0x06, 0x13, 0x01, 0x00, 0x00, 0x64, 0x00, 	
0x1F, 0x06, 0x00, 0x00, 0x64, 0x2E, 0x6F, 0x2E, 	
0x6D, 0x2E, 0x2D, 0x74, 0x2E, 0x6F, 0x2E, 0x6D, 	
0x2E, 0x00, 0x1F, 0x04, 0x25, 0x23, 0x04, 0x25, 	
0x00, 0x00, 0x64, 0x61, 0x68, 0x6C, 0x69, 0x61, 	
0x00, 0x1F, 0x01, 0x12, 0x16, 0x01, 0x00, 0x00, 	
0x64, 0x61, 0x6D, 0x00, 0x1F, 0x0D, 0x00, 0x00, 	
0x64, 0x65, 0x62, 0x61, 0x74, 0x65, 0x72, 0x00, 	
0x1F, 0x06, 0x1E, 0x01, 0x23, 0x0A, 0x13, 0x00, 	
0x00, 0x64, 0x65, 0x63, 0x61, 0x75, 0x76, 0x69, 	
0x6C, 0x6C, 0x65, 0x00, 0x1F, 0x05, 0x21, 0x09, 	
0x1C, 0x08, 0x12, 0x00, 0x00, 0x64, 0x65, 0x63, 	
0x72, 0x65, 0x73, 0x63, 0x65, 0x6E, 0x64, 0x6F, 	
0x00, 0x1F, 0x06, 0x21, 0x13, 0x06, 0x17, 0x03, 	
0x26, 0x1F, 0x09, 0x00, 0x00, 0x64, 0x65, 0x63, 	
0x74, 0x61, 0x6C, 0x6B, 0x00, 0x1F, 0x03, 0x21, 	
0x23, 0x09, 0x21, 0x00, 0x00, 0x64, 0x65, 0x67, 	
0x2E, 0x00, 0x1F, 0x05, 0x20, 0x13, 0x03, 0x00, 	
0x00, 0x64, 0x65, 0x6C, 0x65, 0x61, 0x74, 0x75, 	
0x72, 0x00, 0x1F, 0x06, 0x12, 0x06, 0x01, 0x23, 	
0x0C, 0x13, 0x00, 0x00, 0x64, 0x65, 0x6D, 0x6F, 	
0x64, 0x65, 0x78, 0x00, 0x1F, 0x06, 0x25, 0x04, 	
0x1F, 0x03, 0x21, 0x1B, 0x00, 0x00, 0x64, 0x65, 	
0x6E, 0x67, 0x75, 0x65, 0x00, 0x1F, 0x0E, 0x20, 	
0x00, 0x00, 0x64, 0x65, 0x6E, 0x74, 0x2D, 0x64, 	
0x65, 0x2D, 0x6C, 0x69, 0x6F, 0x6E, 0x00, 0x1F, 	
0x0D, 0x1F, 0x05, 0x12, 0x16, 0x0F, 0x00, 0x00, 	
0x44, 0x65, 0x70, 0x74, 0x2E, 0x00, 0x1F, 0x06, 	
0x22, 0x01, 0x13, 0x23, 0x05, 0x25, 0x0D, 0x00, 	
0x00, 0x64, 0x65, 0x72, 0x65, 0x63, 0x68, 0x65, 	
0x66, 0x00, 0x1F, 0x05, 0x13, 0x05, 0x17, 0x03, 	
0x18, 0x00, 0x00, 0x64, 0x65, 0x73, 0x69, 0x64, 	
0x65, 0x72, 0x61, 0x74, 0x61, 0x00, 0x1F, 0x06, 	
0x1D, 0x08, 0x1F, 0x06, 0x13, 0x01, 0x23, 0x01, 	
0x00, 0x00, 0x64, 0x65, 0x73, 0x69, 0x67, 0x6E, 	
0x00, 0x1F, 0x08, 0x1D, 0x01, 0x16, 0x26, 0x00, 	
0x00, 0x64, 0x65, 0x73, 0x69, 0x67, 0x6E, 0x65, 	
0x72, 0x00, 0x1F, 0x08, 0x1D, 0x01, 0x16, 0x26, 	
0x0A, 0x13, 0x00, 0x00, 0x64, 0x65, 0x73, 0x70, 	
0x65, 0x72, 0x61, 0x64, 0x6F, 0x00, 0x1F, 0x03, 	
0x1B, 0x22, 0x06, 0x13, 0x01, 0x1F, 0x09, 0x00, 	
0x00, 0x64, 0x65, 0x76, 0x61, 0x6E, 0xE2, 0x67, 	
0x61, 0x72, 0x69, 0x00, 0x1F, 0x06, 0x1C, 0x01, 	
0x26, 0x02, 0x20, 0x01, 0x13, 0x08, 0x00, 0x00, 	
0x64, 0x65, 0x76, 0x6F, 0x6E, 0x00, 0x1F, 0x06, 	
0x1C, 0x0F, 0x00, 0x00, 0x64, 0x69, 0x65, 0x73, 	
0x65, 0x6C, 0x00, 0x1F, 0x16, 0x06, 0x1D, 0x03, 	
0x12, 0x00, 0x00, 0x64, 0x69, 0x6D, 0x69, 0x6E, 	
0x75, 0x65, 0x6E, 0x64, 0x6F, 0x00, 0x1F, 0x08, 	
0x25, 0x08, 0x26, 0x15, 0x0E, 0x1F, 0x09, 0x00, 	
0x00, 0x64, 0x69, 0x6E, 0x67, 0x68, 0x69, 0x65, 	
0x00, 0x1F, 0x08, 0x26, 0x20, 0x08, 0x00, 0x00, 	
0x64, 0x69, 0x6E, 0x67, 0x68, 0x79, 0x00, 0x1F, 	
0x08, 0x26, 0x20, 0x08, 0x00, 0x00, 0x64, 0x69, 	
0x6E, 0x6F, 0x73, 0x61, 0x75, 0x72, 0x65, 0x00, 	
0x1F, 0x08, 0x26, 0x09, 0x1D, 0x04, 0x13, 0x00, 	
0x00, 0x64, 0x69, 0x73, 0x63, 0x6F, 0x75, 0x6E, 	
0x74, 0x00, 0x1F, 0x08, 0x1B, 0x21, 0x01, 0x0B, 	
0x26, 0x23, 0x00, 0x00, 0x64, 0x69, 0x73, 0x68, 	
0x61, 0x72, 0x6D, 0x6F, 0x6E, 0x69, 0x65, 0x00, 	
0x1F, 0x08, 0x1D, 0x01, 0x13, 0x25, 0x04, 0x26, 	
0x08, 0x00, 0x00, 0x64, 0x69, 0x73, 0x70, 0x61, 	
0x74, 0x63, 0x68, 0x65, 0x72, 0x00, 0x1F, 0x08, 	
0x1B, 0x22, 0x01, 0x23, 0x17, 0x0A, 0x13, 0x00, 	
0x00, 0x64, 0x69, 0x78, 0x2D, 0x6E, 0x65, 0x75, 	
0x66, 0x00, 0x1F, 0x08, 0x1D, 0x26, 0x0A, 0x18, 	
0x00, 0x00, 0x64, 0x69, 0x78, 0x2D, 0x6E, 0x65, 	
0x75, 0x76, 0x69, 0xE8, 0x6D, 0x65, 0x00, 0x1F, 	
0x08, 0x1D, 0x26, 0x0A, 0x1C, 0x16, 0x03, 0x25, 	
0x00, 0x00, 0x64, 0x6A, 0x65, 0x62, 0x65, 0x6C, 	
0x00, 0x1F, 0x19, 0x06, 0x1E, 0x03, 0x12, 0x00, 	
0x00, 0x64, 0x6A, 0x65, 0x6D, 0xE2, 0xE2, 0x00, 	
0x1F, 0x19, 0x06, 0x25, 0x02, 0x02, 0x00, 0x00, 	
0x64, 0x6F, 0x6C, 0x63, 0x65, 0x00, 0x1F, 0x04, 	
0x12, 0x17, 0x06, 0x00, 0x00, 0x64, 0x6F, 0x6C, 	
0x63, 0x69, 0x73, 0x73, 0x69, 0x6D, 0x6F, 0x00, 	
0x1F, 0x04, 0x12, 0x23, 0x17, 0x08, 0x1B, 0x08, 	
0x25, 0x09, 0x00, 0x00, 0x64, 0x72, 0x61, 0x77, 	
0x62, 0x61, 0x63, 0x6B, 0x00, 0x1F, 0x13, 0x09, 	
0x1E, 0x01, 0x21, 0x00, 0x00, 0x64, 0x72, 0x65, 	
0x61, 0x64, 0x6E, 0x6F, 0x75, 0x67, 0x68, 0x74, 	
0x00, 0x1F, 0x13, 0x03, 0x1F, 0x26, 0x04, 0x23, 	
0x00, 0x00, 0x64, 0x72, 0x69, 0x6E, 0x6B, 0x00, 	
0x1F, 0x13, 0x08, 0x26, 0x21, 0x00, 0x00, 0x64, 	
0x72, 0x69, 0x76, 0x65, 0x00, 0x1F, 0x13, 0x01, 	
0x16, 0x1C, 0x00, 0x00, 0x64, 0x72, 0x69, 0x76, 	
0x65, 0x69, 0x6E, 0x00, 0x1F, 0x13, 0x01, 0x16, 	
0x1C, 0x08, 0x26, 0x00, 0x00, 0x64, 0x72, 0x69, 	
0x76, 0x65, 0x72, 0x00, 0x1F, 0x13, 0x01, 0x16, 	
0x1C, 0x0A, 0x13, 0x00, 0x00, 0x64, 0x72, 0x6F, 	
0x70, 0x2D, 0x67, 0x6F, 0x61, 0x6C, 0x00, 0x1F, 	
0x13, 0x04, 0x22, 0x20, 0x09, 0x12, 0x00, 0x00, 	
0x64, 0x72, 0x6F, 0x70, 0x2D, 0x6F, 0x75, 0x74, 	
0x00, 0x1F, 0x13, 0x04, 0x22, 0x01, 0x0B, 0x23, 	
0x00, 0x00, 0x64, 0x72, 0x75, 0x67, 0x73, 0x74, 	
0x6F, 0x72, 0x65, 0x00, 0x1F, 0x13, 0x0A, 0x20, 	
0x1B, 0x23, 0x04, 0x13, 0x00, 0x00, 0x64, 0x72, 	
0x75, 0x6D, 0x6C, 0x69, 0x6E, 0x00, 0x1F, 0x13, 	
0x0A, 0x25, 0x12, 0x08, 0x26, 0x00, 0x00, 0x64, 	
0x72, 0x75, 0x6D, 0x6D, 0x65, 0x72, 0x00, 0x1F, 	
0x13, 0x0A, 0x25, 0x0A, 0x13, 0x00, 0x00, 0x64, 	
0x75, 0x63, 0x65, 0x00, 0x1F, 0x0B, 0x23, 0x17, 	
0x06, 0x00, 0x00, 0x64, 0x75, 0x66, 0x66, 0x65, 	
0x6C, 0x2D, 0x63, 0x6F, 0x61, 0x74, 0x00, 0x1F, 	
0x0A, 0x18, 0x0A, 0x12, 0x21, 0x09, 0x23, 0x00, 	
0x00, 0x64, 0x75, 0x66, 0x66, 0x6C, 0x65, 0x2D, 	
0x63, 0x6F, 0x61, 0x74, 0x00, 0x1F, 0x0A, 0x18, 	
0x0A, 0x12, 0x21, 0x09, 0x23, 0x00, 0x00, 0x64, 	
0x75, 0x6D, 0x70, 0x65, 0x72, 0x00, 0x1F, 0x0A, 	
0x25, 0x22, 0x0A, 0x13, 0x00, 0x00, 0x64, 0x75, 	
0x6D, 0x70, 0x69, 0x6E, 0x67, 0x00, 0x1F, 0x0A, 	
0x25, 0x22, 0x08, 0x27, 0x00, 0x00, 0x64, 0x75, 	
0x6E, 0x64, 0x65, 0x65, 0x00, 0x1F, 0x0A, 0x26, 	
0x1F, 0x08, 0x00, 0x00, 0x64, 0x75, 0x75, 0x6D, 	
0x76, 0x69, 0x72, 0x61, 0x74, 0x00, 0x1F, 0x0C, 	
0x04, 0x25, 0x1C, 0x08, 0x13, 0x01, 0x00, 0x00, 	
0x64, 0x79, 0x73, 0x63, 0x68, 0x72, 0x6F, 0x6D, 	
0x61, 0x74, 0x6F, 0x70, 0x73, 0x69, 0x65, 0x00, 	
0x1F, 0x08, 0x1B, 0x21, 0x13, 0x04, 0x25, 0x01, 	
0x23, 0x04, 0x22, 0x1B, 0x08, 0x00, 0x00, 0x64, 	
0x79, 0x73, 0x63, 0x68, 0x72, 0x6F, 0x6D, 0x69, 	
0x65, 0x00, 0x1F, 0x08, 0x1B, 0x21, 0x13, 0x04, 	
0x25, 0x08, 0x00, 0x00, 0x64, 0x79, 0x73, 0x68, 	
0x61, 0x72, 0x6D, 0x6F, 0x6E, 0x69, 0x65, 0x00, 	
0x1F, 0x08, 0x1B, 0x01, 0x13, 0x25, 0x04, 0x26, 	
0x08, 0x00, 0x00, 0x64, 0x79, 0x73, 0x68, 0x69, 	
0x64, 0x72, 0x6F, 0x73, 0x65, 0x00, 0x1F, 0x08, 	
0x1D, 0x08, 0x1F, 0x13, 0x09, 0x1D, 0x00, 0x00, 	
0x64, 0xE9, 0x62, 0x69, 0x74, 0x6D, 0xE8, 0x74, 	
0x72, 0x65, 0x00, 0x1F, 0x06, 0x1E, 0x08, 0x25, 	
0x03, 0x23, 0x13, 0x00, 0x00, 0x64, 0xE9, 0x63, 	
0x65, 0x6D, 0x76, 0x69, 0x72, 0x00, 0x1F, 0x06, 	
0x1B, 0x03, 0x25, 0x1C, 0x08, 0x13, 0x00, 0x00, 	
0x64, 0xE9, 0x63, 0x65, 0x6D, 0x76, 0x69, 0x72, 	
0x61, 0x6C, 0x00, 0x1F, 0x06, 0x1B, 0x03, 0x25, 	
0x1C, 0x08, 0x13, 0x01, 0x12, 0x00, 0x00, 0x64, 	
0xE9, 0x63, 0x65, 0x6D, 0x76, 0x69, 0x72, 0x61, 	
0x6C, 0x65, 0x00, 0x1F, 0x06, 0x1B, 0x03, 0x25, 	
0x1C, 0x08, 0x13, 0x01, 0x12, 0x00, 0x00, 0x64, 	
0xE9, 0x63, 0x65, 0x6D, 0x76, 0x69, 0x72, 0x61, 	
0x74, 0x00, 0x1F, 0x06, 0x1B, 0x03, 0x25, 0x1C, 	
0x08, 0x13, 0x01, 0x00, 0x00, 0x64, 0xE9, 0x63, 	
0x65, 0x6D, 0x76, 0x69, 0x72, 0x61, 0x75, 0x78, 	
0x00, 0x1F, 0x06, 0x1B, 0x03, 0x25, 0x1C, 0x08, 	
0x13, 0x09, 0x00, 0x00, 0x64, 0xE9, 0x66, 0x65, 	
0x6E, 0x65, 0x73, 0x74, 0x72, 0x61, 0x74, 0x69, 	
0x6F, 0x6E, 0x00, 0x1F, 0x06, 0x18, 0x05, 0x26, 	
0x03, 0x1B, 0x23, 0x13, 0x02, 0x1B, 0x16, 0x0F, 	
0x00, 0x00, 0x64, 0xE9, 0x66, 0x65, 0x6E, 0x73, 	
0x00, 0x1F, 0x06, 0x18, 0x0D, 0x00, 0x00, 0x64, 	
0xE9, 0x6D, 0x65, 0x73, 0x75, 0x72, 0x65, 0x00, 	
0x1F, 0x06, 0x25, 0x05, 0x1D, 0x0C, 0x13, 0x00, 	
0x00, 0x64, 0xE9, 0x6D, 0x65, 0x73, 0x75, 0x72, 	
0xE9, 0x00, 0x1F, 0x06, 0x25, 0x05, 0x1D, 0x0C, 	
0x13, 0x06, 0x00, 0x00, 0x64, 0xE9, 0x6D, 0x65, 	
0x73, 0x75, 0x72, 0xE9, 0x65, 0x00, 0x1F, 0x06, 	
0x25, 0x05, 0x1D, 0x0C, 0x13, 0x06, 0x00, 0x00, 	
0x64, 0xE9, 0x6D, 0x65, 0x73, 0x75, 0x72, 0xE9, 	
0x6D, 0x65, 0x6E, 0x74, 0x00, 0x1F, 0x06, 0x25, 	
0x05, 0x1D, 0x0C, 0x13, 0x06, 0x25, 0x0D, 0x00, 	
0x00, 0x64, 0xE9, 0x70, 0x65, 0x63, 0x65, 0x72, 	
0x00, 0x1F, 0x06, 0x22, 0x05, 0x1B, 0x06, 0x00, 	
0x00, 0x64, 0xE9, 0x70, 0x65, 0x63, 0x65, 0x75, 	
0x72, 0x00, 0x1F, 0x06, 0x22, 0x05, 0x1B, 0x0A, 	
0x13, 0x00, 0x00, 0x64, 0xE9, 0x70, 0x65, 0x63, 	
0x65, 0x75, 0x73, 0x65, 0x00, 0x1F, 0x06, 0x22, 	
0x05, 0x1B, 0x07, 0x1D, 0x00, 0x00, 0x64, 0xE9, 	
0x70, 0x65, 0x6E, 0x61, 0x69, 0x6C, 0x6C, 0xE9, 	
0x00, 0x1F, 0x06, 0x22, 0x05, 0x26, 0x02, 0x16, 	
0x06, 0x00, 0x00, 0x64, 0xE9, 0x70, 0x65, 0x6E, 	
0x61, 0x69, 0x6C, 0x6C, 0xE9, 0x65, 0x00, 0x1F, 	
0x06, 0x22, 0x05, 0x26, 0x02, 0x16, 0x06, 0x00, 	
0x00, 0x64, 0xE9, 0x70, 0x65, 0xE7, 0x61, 0x67, 	
0x65, 0x00, 0x1F, 0x06, 0x22, 0x05, 0x1B, 0x01, 	
0x19, 0x00, 0x00, 0x64, 0xE9, 0x73, 0x65, 0x6E, 	
0x69, 0x76, 0x72, 0x65, 0x72, 0x00, 0x1F, 0x06, 	
0x1D, 0x0D, 0x26, 0x08, 0x1C, 0x13, 0x06, 0x00, 	
0x00, 0x64, 0xE9, 0x73, 0x65, 0x6E, 0x6E, 0x75, 	
0x79, 0x65, 0x72, 0x00, 0x1F, 0x06, 0x1D, 0x0D, 	
0x26, 0x15, 0x08, 0x16, 0x06, 0x00, 0x00, 0x65, 	
0x00, 0x0A, 0x00, 0x00, 0x65, 0x64, 0x65, 0x6C, 	
0x77, 0x65, 0x69, 0x73, 0x73, 0x00, 0x06, 0x1F, 	
0x03, 0x12, 0x1C, 0x03, 0x1B, 0x00, 0x00, 0x45, 	
0x44, 0x46, 0x2E, 0x00, 0x0A, 0x1F, 0x06, 0x03, 	
0x18, 0x00, 0x00, 0x65, 0x66, 0x66, 0x65, 0x6E, 	
0x64, 0x69, 0x00, 0x06, 0x18, 0x0E, 0x1F, 0x08, 	
0x00, 0x00, 0x65, 0x69, 0x6E, 0x73, 0x74, 0x65, 	
0x6E, 0x69, 0x75, 0x6D, 0x00, 0x03, 0x26, 0x1B, 	
0x23, 0x03, 0x26, 0x16, 0x04, 0x25, 0x00, 0x00, 	
0x65, 0x6D, 0x61, 0x69, 0x6C, 0x00, 0x08, 0x25, 	
0x06, 0x12, 0x00, 0x00, 0x65, 0x6D, 0x62, 0x72, 	
0x79, 0x6F, 0x67, 0x65, 0x6E, 0xE8, 0x73, 0x65, 	
0x00, 0x0D, 0x1E, 0x13, 0x08, 0x16, 0x04, 0x19, 	
0x05, 0x26, 0x03, 0x1D, 0x00, 0x00, 0x65, 0x6D, 	
0x6D, 0x65, 0x6E, 0x74, 0x68, 0x61, 0x6C, 0x00, 	
0x06, 0x25, 0x0E, 0x23, 0x01, 0x12, 0x00, 0x00, 	
0x65, 0x6E, 0x67, 0x69, 0x6E, 0x65, 0x65, 0x72, 	
0x69, 0x6E, 0x67, 0x00, 0x03, 0x26, 0x19, 0x08, 	
0x26, 0x08, 0x13, 0x08, 0x27, 0x00, 0x00, 0x65, 	
0x6E, 0x6E, 0xE9, 0x61, 0x64, 0x65, 0x00, 0x06, 	
0x26, 0x06, 0x01, 0x1F, 0x00, 0x00, 0x65, 0x6E, 	
0x6E, 0xE9, 0x61, 0x67, 0x6F, 0x6E, 0x61, 0x6C, 	
0x00, 0x06, 0x26, 0x06, 0x01, 0x20, 0x04, 0x26, 	
0x01, 0x12, 0x00, 0x00, 0x65, 0x6E, 0x6E, 0xE9, 	
0x61, 0x67, 0x6F, 0x6E, 0x61, 0x6C, 0x65, 0x00, 	
0x06, 0x26, 0x06, 0x01, 0x20, 0x04, 0x26, 0x01, 	
0x12, 0x00, 0x00, 0x65, 0x6E, 0x6E, 0xE9, 0x61, 	
0x67, 0x6F, 0x6E, 0x61, 0x75, 0x78, 0x00, 0x06, 	
0x26, 0x06, 0x01, 0x20, 0x04, 0x26, 0x09, 0x00, 	
0x00, 0x65, 0x6E, 0x6E, 0xE9, 0x61, 0x67, 0x6F, 	
0x6E, 0x65, 0x00, 0x06, 0x26, 0x06, 0x01, 0x20, 	
0x04, 0x26, 0x00, 0x00, 0x65, 0x6E, 0x74, 0x72, 	
0x65, 0x2D, 0x68, 0x65, 0x75, 0x72, 0x74, 0x65, 	
0x72, 0x00, 0x0D, 0x23, 0x13, 0x05, 0x0A, 0x13, 	
0x23, 0x06, 0x00, 0x00, 0x65, 0x6E, 0x74, 0x72, 	
0x65, 0x6C, 0x61, 0x63, 0x73, 0x00, 0x0D, 0x23, 	
0x13, 0x05, 0x12, 0x02, 0x00, 0x00, 0x65, 0x72, 	
0x73, 0x00, 0x03, 0x13, 0x00, 0x00, 0x65, 0x72, 	
0x73, 0x61, 0x74, 0x7A, 0x00, 0x03, 0x13, 0x1D, 	
0x01, 0x23, 0x1B, 0x00, 0x00, 0x65, 0x73, 0x63, 	
0x68, 0x61, 0x72, 0x65, 0x00, 0x03, 0x1B, 0x21, 	
0x01, 0x13, 0x00, 0x00, 0x65, 0x73, 0x63, 0x68, 	
0x61, 0x74, 0x6F, 0x6C, 0x6F, 0x67, 0x69, 0x65, 	
0x00, 0x03, 0x1B, 0x21, 0x01, 0x23, 0x04, 0x12, 	
0x04, 0x19, 0x08, 0x00, 0x00, 0x65, 0x73, 0x63, 	
0x68, 0x61, 0x74, 0x6F, 0x6C, 0x6F, 0x67, 0x69, 	
0x71, 0x75, 0x65, 0x00, 0x03, 0x1B, 0x21, 0x01, 	
0x23, 0x04, 0x12, 0x04, 0x19, 0x08, 0x21, 0x00, 	
0x00, 0x65, 0x73, 0x71, 0x75, 0x69, 0x72, 0x65, 	
0x00, 0x03, 0x1B, 0x21, 0x14, 0x01, 0x16, 0x0A, 	
0x13, 0x00, 0x00, 0x65, 0x73, 0x74, 0x2D, 0x63, 	
0x65, 0x00, 0x03, 0x1B, 0x00, 0x00, 0x65, 0x73, 	
0x74, 0x61, 0x62, 0x6C, 0x69, 0x73, 0x68, 0x6D, 	
0x65, 0x6E, 0x74, 0x00, 0x03, 0x1B, 0x23, 0x01, 	
0x1E, 0x12, 0x08, 0x17, 0x25, 0x03, 0x26, 0x23, 	
0x00, 0x00, 0x65, 0x74, 0x63, 0x2E, 0x00, 0x03, 	
0x23, 0x1B, 0x06, 0x23, 0x06, 0x13, 0x01, 0x00, 	
0x00, 0x65, 0x76, 0x7A, 0x6F, 0x6E, 0x65, 0x00, 	
0x06, 0x1C, 0x1D, 0x09, 0x26, 0x00, 0x00, 0x65, 	
0x78, 0x65, 0x61, 0x74, 0x00, 0x03, 0x20, 0x1D, 	
0x06, 0x01, 0x23, 0x00, 0x00, 0x65, 0x78, 0x65, 	
0x6D, 0x70, 0x74, 0x69, 0x6F, 0x6E, 0x00, 0x03, 	
0x20, 0x1D, 0x0D, 0x22, 0x1B, 0x16, 0x0F, 0x00, 	
0x00, 0x65, 0x78, 0x65, 0x71, 0x75, 0x61, 0x74, 	
0x75, 0x72, 0x00, 0x03, 0x20, 0x1D, 0x06, 0x21, 	
0x14, 0x01, 0x23, 0x0C, 0x13, 0x00, 0x00, 0x65, 	
0x78, 0x74, 0x65, 0x6E, 0x73, 0x6F, 0x00, 0x03, 	
0x21, 0x1B, 0x23, 0x0E, 0x1B, 0x09, 0x00, 0x00, 	
0x65, 0x78, 0x74, 0x72, 0x65, 0x6D, 0x69, 0x73, 	
0x00, 0x03, 0x21, 0x1B, 0x23, 0x13, 0x06, 0x25, 	
0x08, 0x1B, 0x00, 0x00, 0x65, 0x78, 0x74, 0x72, 	
0x65, 0x6D, 0x75, 0x6D, 0x00, 0x03, 0x21, 0x1B, 	
0x23, 0x13, 0x06, 0x25, 0x04, 0x25, 0x00, 0x00, 	
0x65, 0x79, 0x65, 0x2D, 0x6C, 0x69, 0x6E, 0x65, 	
0x72, 0x00, 0x01, 0x16, 0x12, 0x01, 0x16, 0x26, 	
0x0A, 0x13, 0x00, 0x00, 0x66, 0x00, 0x03, 0x18, 	
0x00, 0x00, 0x66, 0x61, 0x63, 0x69, 0x65, 0x73, 	
0x00, 0x18, 0x01, 0x1B, 0x16, 0x03, 0x1B, 0x00, 	
0x00, 0x66, 0x61, 0x68, 0x72, 0x65, 0x6E, 0x68, 	
0x65, 0x69, 0x74, 0x00, 0x18, 0x01, 0x13, 0x03, 	
0x26, 0x01, 0x16, 0x23, 0x00, 0x00, 0x66, 0x61, 	
0x73, 0x65, 0x79, 0x65, 0x72, 0x00, 0x18, 0x01, 	
0x1B, 0x06, 0x16, 0x06, 0x00, 0x00, 0x66, 0x61, 	
0x76, 0x65, 0x6C, 0x61, 0x00, 0x18, 0x01, 0x1C, 	
0x06, 0x12, 0x01, 0x00, 0x00, 0x66, 0x61, 0x7A, 	
0x65, 0x6E, 0x64, 0x61, 0x00, 0x18, 0x01, 0x1D, 	
0x03, 0x26, 0x1F, 0x01, 0x00, 0x00, 0x66, 0x65, 	
0x64, 0x61, 0x79, 0x69, 0x6E, 0x00, 0x18, 0x06, 	
0x1F, 0x01, 0x16, 0x08, 0x26, 0x00, 0x00, 0x66, 	
0x65, 0x6C, 0x64, 0x77, 0x65, 0x62, 0x65, 0x6C, 	
0x00, 0x18, 0x03, 0x12, 0x1F, 0x1C, 0x06, 0x1E, 	
0x03, 0x12, 0x00, 0x00, 0x66, 0x65, 0x72, 0x72, 	
0x79, 0x2D, 0x62, 0x6F, 0x61, 0x74, 0x00, 0x18, 	
0x03, 0x13, 0x08, 0x1E, 0x09, 0x23, 0x00, 0x00, 	
0x66, 0x69, 0x63, 0x68, 0x74, 0x72, 0x65, 0x00, 	
0x18, 0x08, 0x17, 0x23, 0x13, 0x00, 0x00, 0x66, 	
0x69, 0x63, 0x68, 0x74, 0x72, 0x65, 0x6D, 0x65, 	
0x6E, 0x74, 0x00, 0x18, 0x08, 0x17, 0x23, 0x13, 	
0x05, 0x25, 0x0D, 0x00, 0x00, 0x66, 0x69, 0x67, 	
0x2E, 0x00, 0x18, 0x08, 0x20, 0x0C, 0x13, 0x00, 	
0x00, 0x66, 0x69, 0x6C, 0x6C, 0xE9, 0x72, 0x00, 	
0x18, 0x08, 0x12, 0x03, 0x13, 0x00, 0x00, 0x66, 	
0x6C, 0x69, 0x6E, 0x74, 0x00, 0x18, 0x12, 0x08, 	
0x26, 0x23, 0x00, 0x00, 0x66, 0x6C, 0x69, 0x6E, 	
0x74, 0x2D, 0x67, 0x6C, 0x61, 0x73, 0x73, 0x00, 	
0x18, 0x12, 0x08, 0x26, 0x23, 0x20, 0x12, 0x01, 	
0x1B, 0x00, 0x00, 0x66, 0x6C, 0x69, 0x72, 0x74, 	
0x00, 0x18, 0x12, 0x0A, 0x13, 0x23, 0x00, 0x00, 	
0x66, 0x6C, 0x69, 0x72, 0x74, 0x65, 0x72, 0x00, 	
0x18, 0x12, 0x0A, 0x13, 0x23, 0x06, 0x00, 0x00, 	
0x66, 0x6C, 0x69, 0x72, 0x74, 0x65, 0x75, 0x72, 	
0x00, 0x18, 0x12, 0x0A, 0x13, 0x23, 0x0A, 0x13, 	
0x00, 0x00, 0x66, 0x6C, 0x69, 0x72, 0x74, 0x65, 	
0x75, 0x73, 0x65, 0x00, 0x18, 0x12, 0x0A, 0x13, 	
0x23, 0x07, 0x1D, 0x00, 0x00, 0x66, 0x6C, 0x6F, 	
0x72, 0xE8, 0x73, 0x00, 0x18, 0x12, 0x04, 0x13, 	
0x03, 0x1B, 0x00, 0x00, 0x66, 0x6C, 0x75, 0x73, 	
0x68, 0x00, 0x18, 0x12, 0x0A, 0x17, 0x00, 0x00, 	
0x66, 0x6C, 0x75, 0x78, 0x6D, 0xE8, 0x74, 0x72, 	
0x65, 0x00, 0x18, 0x12, 0x0C, 0x25, 0x03, 0x23, 	
0x13, 0x00, 0x00, 0x66, 0x6F, 0x65, 0x68, 0x6E, 	
0x00, 0x18, 0x07, 0x26, 0x00, 0x00, 0x66, 0x6F, 	
0x72, 0x69, 0x6E, 0x74, 0x00, 0x18, 0x04, 0x13, 	
0x08, 0x26, 0x23, 0x00, 0x00, 0x66, 0x6F, 0x72, 	
0x73, 0x79, 0x74, 0x68, 0x69, 0x61, 0x00, 0x18, 	
0x04, 0x13, 0x1B, 0x08, 0x1B, 0x16, 0x01, 0x00, 	
0x00, 0x66, 0x6F, 0x72, 0x74, 0x65, 0x2D, 0x70, 	
0x69, 0x61, 0x6E, 0x6F, 0x00, 0x18, 0x04, 0x13, 	
0x23, 0x06, 0x22, 0x16, 0x01, 0x26, 0x09, 0x00, 	
0x00, 0x66, 0x6F, 0x75, 0x63, 0x68, 0x74, 0x72, 	
0x61, 0x00, 0x18, 0x0B, 0x17, 0x23, 0x13, 0x01, 	
0x00, 0x00, 0x66, 0x6F, 0x78, 0x2D, 0x74, 0x72, 	
0x6F, 0x74, 0x00, 0x18, 0x04, 0x21, 0x1B, 0x23, 	
0x13, 0x04, 0x23, 0x00, 0x00, 0x66, 0x6F, 0xE8, 	
0x6E, 0x65, 0x00, 0x18, 0x14, 0x03, 0x26, 0x00, 	
0x00, 0x66, 0x6F, 0xEB, 0x6E, 0x65, 0x00, 0x18, 	
0x14, 0x03, 0x26, 0x00, 0x00, 0x66, 0x72, 0x61, 	
0x6E, 0x63, 0x2D, 0x61, 0x6C, 0x6C, 0x65, 0x75, 	
0x00, 0x18, 0x13, 0x0D, 0x21, 0x01, 0x12, 0x07, 	
0x00, 0x00, 0x66, 0x72, 0x65, 0x65, 0x2D, 0x6A, 	
0x61, 0x7A, 0x7A, 0x00, 0x18, 0x13, 0x08, 0x1F, 	
0x19, 0x01, 0x1D, 0x00, 0x00, 0x66, 0x72, 0x65, 	
0x65, 0x73, 0x69, 0x61, 0x00, 0x18, 0x13, 0x03, 	
0x1D, 0x16, 0x01, 0x00, 0x00, 0x66, 0x72, 0x69, 	
0x63, 0x68, 0x74, 0x69, 0x00, 0x18, 0x13, 0x08, 	
0x17, 0x23, 0x08, 0x00, 0x00, 0x66, 0x72, 0x6F, 	
0x6D, 0x67, 0x69, 0x00, 0x18, 0x13, 0x04, 0x25, 	
0x19, 0x08, 0x00, 0x00, 0x66, 0x72, 0x6F, 0x6D, 	
0x74, 0x6F, 0x6E, 0x00, 0x18, 0x13, 0x04, 0x25, 	
0x23, 0x0F, 0x00, 0x00, 0x66, 0x75, 0x63, 0x68, 	
0x73, 0x69, 0x61, 0x00, 0x18, 0x0C, 0x17, 0x16, 	
0x01, 0x00, 0x00, 0x66, 0x75, 0x65, 0x6C, 0x00, 	
0x18, 0x16, 0x0B, 0x12, 0x00, 0x00, 0x66, 0x75, 	
0x65, 0x6C, 0x2D, 0x6F, 0x69, 0x6C, 0x00, 0x18, 	
0x16, 0x0B, 0x12, 0x04, 0x16, 0x12, 0x00, 0x00, 	
0x66, 0x75, 0x6C, 0x6C, 0x00, 0x18, 0x0B, 0x12, 	
0x00, 0x00, 0x66, 0x75, 0x6E, 0x6B, 0x79, 0x00, 	
0x18, 0x0A, 0x26, 0x21, 0x08, 0x00, 0x00, 0x67, 	
0x00, 0x19, 0x06, 0x00, 0x00, 0x67, 0x2E, 0x69, 	
0x2E, 0x00, 0x1F, 0x19, 0x08, 0x01, 0x16, 0x00, 	
0x00, 0x67, 0x61, 0x6C, 0x6C, 0x75, 0x70, 0x00, 	
0x20, 0x01, 0x12, 0x0A, 0x22, 0x00, 0x00, 0x67, 	
0x61, 0x6E, 0x61, 0x64, 0x65, 0x72, 0x69, 0x61, 	
0x00, 0x20, 0x01, 0x26, 0x01, 0x1F, 0x06, 0x13, 	
0x16, 0x01, 0x00, 0x00, 0x67, 0x61, 0x6E, 0x67, 	
0x73, 0x74, 0x65, 0x72, 0x00, 0x20, 0x0D, 0x20, 	
0x1B, 0x23, 0x03, 0x13, 0x00, 0x00, 0x67, 0x61, 	
0x6E, 0x67, 0x73, 0x74, 0xE9, 0x72, 0x69, 0x73, 	
0x6D, 0x65, 0x00, 0x20, 0x0D, 0x20, 0x1B, 0x23, 	
0x06, 0x13, 0x08, 0x1B, 0x25, 0x00, 0x00, 0x67, 	
0x61, 0x72, 0x64, 0x65, 0x2D, 0x6D, 0x61, 0x6E, 	
0x67, 0x65, 0x72, 0x00, 0x20, 0x01, 0x13, 0x1F, 	
0x25, 0x0D, 0x19, 0x06, 0x00, 0x00, 0x67, 0x61, 	
0x73, 0x70, 0x61, 0x63, 0x68, 0x6F, 0x00, 0x20, 	
0x01, 0x1B, 0x22, 0x01, 0x23, 0x17, 0x09, 0x00, 	
0x00, 0x67, 0x65, 0x69, 0x73, 0x68, 0x61, 0x00, 	
0x20, 0x06, 0x17, 0x01, 0x00, 0x00, 0x67, 0x65, 	
0x6E, 0x74, 0x69, 0x6C, 0x73, 0x68, 0x6F, 0x6D, 	
0x6D, 0x65, 0x73, 0x00, 0x19, 0x0D, 0x23, 0x08, 	
0x1D, 0x04, 0x25, 0x00, 0x00, 0x67, 0x65, 0x6E, 	
0x74, 0x6C, 0x65, 0x6D, 0x61, 0x6E, 0x2D, 0x66, 	
0x61, 0x72, 0x6D, 0x65, 0x72, 0x00, 0x1F, 0x19, 	
0x03, 0x26, 0x23, 0x12, 0x05, 0x25, 0x01, 0x26, 	
0x18, 0x01, 0x13, 0x25, 0x0A, 0x13, 0x00, 0x00, 	
0x67, 0x65, 0x6E, 0x74, 0x72, 0x79, 0x00, 0x1F, 	
0x19, 0x03, 0x26, 0x23, 0x13, 0x08, 0x00, 0x00, 	
0x67, 0x65, 0x73, 0x74, 0x61, 0x6C, 0x74, 0x69, 	
0x73, 0x6D, 0x65, 0x00, 0x20, 0x03, 0x17, 0x23, 	
0x01, 0x12, 0x23, 0x08, 0x1B, 0x25, 0x00, 0x00, 	
0x67, 0x65, 0x73, 0x74, 0x61, 0x70, 0x6F, 0x00, 	
0x20, 0x03, 0x1B, 0x23, 0x01, 0x22, 0x09, 0x00, 	
0x00, 0x67, 0x65, 0x74, 0x74, 0x65, 0x72, 0x00, 	
0x20, 0x03, 0x23, 0x03, 0x13, 0x00, 0x00, 0x47, 	
0x69, 0x6C, 0x6C, 0x65, 0x73, 0x70, 0x69, 0x65, 	
0x00, 0x20, 0x08, 0x12, 0x03, 0x1B, 0x22, 0x08, 	
0x00, 0x00, 0x67, 0x69, 0x6E, 0x00, 0x1F, 0x19, 	
0x08, 0x26, 0x00, 0x00, 0x67, 0x69, 0x6E, 0x6B, 	
0x67, 0x6F, 0x00, 0x19, 0x08, 0x26, 0x21, 0x09, 	
0x00, 0x00, 0x67, 0x69, 0x72, 0x6C, 0x00, 0x20, 	
0x0A, 0x13, 0x12, 0x00, 0x00, 0x67, 0x6C, 0x6F, 	
0x63, 0x6B, 0x65, 0x6E, 0x73, 0x70, 0x69, 0x65, 	
0x6C, 0x00, 0x20, 0x12, 0x04, 0x21, 0x03, 0x26, 	
0x17, 0x22, 0x08, 0x12, 0x00, 0x00, 0x67, 0x6D, 	
0x2E, 0x00, 0x20, 0x13, 0x01, 0x25, 0x00, 0x00, 	
0x67, 0x6F, 0x61, 0x6C, 0x00, 0x20, 0x09, 0x12, 	
0x00, 0x00, 0x67, 0x6F, 0x62, 0x65, 0x6C, 0x65, 	
0x74, 0x65, 0x72, 0x69, 0x65, 0x00, 0x20, 0x04, 	
0x1E, 0x12, 0x06, 0x23, 0x13, 0x08, 0x00, 0x00, 	
0x67, 0x6F, 0x62, 0x65, 0x6C, 0x65, 0x74, 0x69, 	
0x65, 0x72, 0x00, 0x20, 0x04, 0x1E, 0x12, 0x05, 	
0x23, 0x16, 0x06, 0x00, 0x00, 0x67, 0x6F, 0x72, 	
0x67, 0x65, 0x2D, 0x64, 0x65, 0x2D, 0x70, 0x69, 	
0x67, 0x65, 0x6F, 0x6E, 0x00, 0x20, 0x04, 0x13, 	
0x19, 0x1F, 0x05, 0x22, 0x08, 0x19, 0x0F, 0x00, 	
0x00, 0x67, 0x6F, 0x75, 0x70, 0x69, 0x6C, 0x00, 	
0x20, 0x0B, 0x22, 0x08, 0x00, 0x00, 0x67, 0x72, 	
0x61, 0x62, 0x65, 0x6E, 0x00, 0x20, 0x13, 0x01, 	
0x1E, 0x05, 0x26, 0x00, 0x00, 0x67, 0x72, 0x61, 	
0x70, 0x65, 0x2D, 0x66, 0x72, 0x75, 0x69, 0x74, 	
0x00, 0x20, 0x13, 0x03, 0x22, 0x18, 0x13, 0x0B, 	
0x23, 0x00, 0x00, 0x67, 0x72, 0x61, 0x70, 0x65, 	
0x66, 0x72, 0x75, 0x69, 0x74, 0x00, 0x20, 0x13, 	
0x03, 0x22, 0x18, 0x13, 0x0B, 0x23, 0x00, 0x00, 	
0x67, 0x72, 0x69, 0x6E, 0x67, 0x6F, 0x00, 0x20, 	
0x13, 0x08, 0x26, 0x20, 0x09, 0x00, 0x00, 0x67, 	
0x72, 0x69, 0x73, 0x62, 0x69, 0x00, 0x20, 0x13, 	
0x08, 0x1D, 0x1E, 0x08, 0x00, 0x00, 0x67, 0x72, 	
0x6F, 0x65, 0x6E, 0x65, 0x6E, 0x64, 0x61, 0x65, 	
0x6C, 0x00, 0x20, 0x13, 0x04, 0x03, 0x26, 0x1F, 	
0x01, 0x12, 0x00, 0x00, 0x67, 0x72, 0x6F, 0x73, 	
0x63, 0x68, 0x65, 0x6E, 0x00, 0x20, 0x13, 0x04, 	
0x17, 0x05, 0x26, 0x00, 0x00, 0x67, 0x72, 0x75, 	
0x70, 0x70, 0x65, 0x74, 0x74, 0x6F, 0x00, 0x20, 	
0x13, 0x0B, 0x22, 0x03, 0x23, 0x09, 0x00, 0x00, 	
0x67, 0x75, 0x69, 0x6C, 0x6C, 0x65, 0x6D, 0x65, 	
0x74, 0x65, 0x72, 0x00, 0x20, 0x08, 0x16, 0x25, 	
0x06, 0x23, 0x06, 0x00, 0x00, 0x67, 0x75, 0x72, 	
0x75, 0x00, 0x20, 0x0B, 0x13, 0x0B, 0x00, 0x00, 	
0x67, 0x75, 0x74, 0x74, 0x61, 0x2D, 0x70, 0x65, 	
0x72, 0x63, 0x68, 0x61, 0x00, 0x20, 0x0C, 0x23, 	
0x01, 0x22, 0x03, 0x13, 0x21, 0x01, 0x00, 0x00, 	
0x67, 0x75, 0xE9, 0x72, 0x69, 0x6C, 0x6C, 0x65, 	
0x72, 0x6F, 0x00, 0x20, 0x06, 0x13, 0x08, 0x16, 	
0x06, 0x13, 0x09, 0x00, 0x00, 0x68, 0x00, 0x01, 	
0x17, 0x00, 0x00, 0x68, 0x61, 0x62, 0x61, 0x6E, 	
0x65, 0x72, 0x61, 0x00, 0x01, 0x1E, 0x01, 0x26, 	
0x06, 0x13, 0x01, 0x00, 0x00, 0x68, 0x61, 0x63, 	
0x69, 0x65, 0x6E, 0x64, 0x61, 0x00, 0x01, 0x1B, 	
0x16, 0x03, 0x26, 0x1F, 0x01, 0x00, 0x00, 0x68, 	
0x61, 0x6C, 0x66, 0x2D, 0x74, 0x72, 0x61, 0x63, 	
0x6B, 0x00, 0x01, 0x18, 0x23, 0x13, 0x01, 0x21, 	
0x00, 0x00, 0x68, 0x61, 0x6D, 0x62, 0x75, 0x72, 	
0x67, 0x65, 0x72, 0x00, 0x0D, 0x1E, 0x0B, 0x13, 	
0x20, 0x0A, 0x13, 0x00, 0x00, 0x68, 0x61, 0x6E, 	
0x64, 0x2D, 0x62, 0x61, 0x6C, 0x6C, 0x00, 0x0D, 	
0x1F, 0x1E, 0x01, 0x12, 0x00, 0x00, 0x68, 0x61, 	
0x6E, 0x64, 0x62, 0x61, 0x6C, 0x6C, 0x65, 0x75, 	
0x72, 0x00, 0x0D, 0x1F, 0x1E, 0x01, 0x12, 0x0A, 	
0x13, 0x00, 0x00, 0x68, 0x61, 0x6E, 0x64, 0x62, 	
0x61, 0x6C, 0x6C, 0x65, 0x75, 0x73, 0x65, 0x00, 	
0x0D, 0x1F, 0x1E, 0x01, 0x12, 0x07, 0x1D, 0x00, 	
0x00, 0x68, 0x61, 0x72, 0x64, 0x77, 0x61, 0x72, 	
0x65, 0x00, 0x01, 0x13, 0x1F, 0x14, 0x03, 0x13, 	
0x00, 0x00, 0x68, 0x61, 0xEF, 0x6B, 0x75, 0x00, 	
0x01, 0x08, 0x21, 0x0B, 0x00, 0x00, 0x68, 0x65, 	
0x72, 0x64, 0x2D, 0x62, 0x6F, 0x6F, 0x6B, 0x00, 	
0x0A, 0x13, 0x1F, 0x1E, 0x0B, 0x21, 0x00, 0x00, 	
0x68, 0x65, 0x74, 0x6D, 0x61, 0x6E, 0x00, 0x03, 	
0x23, 0x25, 0x0D, 0x00, 0x00, 0x68, 0x69, 0x67, 	
0x68, 0x2D, 0x74, 0x65, 0x63, 0x68, 0x00, 0x01, 	
0x16, 0x23, 0x03, 0x21, 0x00, 0x00, 0x68, 0x69, 	
0x67, 0x68, 0x6C, 0x61, 0x6E, 0x64, 0x65, 0x72, 	
0x00, 0x01, 0x16, 0x12, 0x0D, 0x1F, 0x0A, 0x13, 	
0x00, 0x00, 0x68, 0x69, 0x6E, 0x64, 0x69, 0x00, 	
0x08, 0x26, 0x1F, 0x08, 0x00, 0x00, 0x68, 0x69, 	
0x6E, 0x74, 0x65, 0x72, 0x6C, 0x61, 0x6E, 0x64, 	
0x00, 0x08, 0x26, 0x23, 0x03, 0x13, 0x12, 0x0D, 	
0x1F, 0x00, 0x00, 0x68, 0x6F, 0x6C, 0x64, 0x2D, 	
0x75, 0x70, 0x00, 0x04, 0x12, 0x1F, 0x0A, 0x22, 	
0x00, 0x00, 0x48, 0x6F, 0x6C, 0x6C, 0x79, 0x77, 	
0x6F, 0x6F, 0x64, 0x00, 0x09, 0x12, 0x08, 0x14, 	
0x0B, 0x1F, 0x00, 0x00, 0x68, 0x6F, 0x6D, 0x65, 	
0x73, 0x70, 0x75, 0x6E, 0x00, 0x09, 0x25, 0x1B, 	
0x22, 0x0A, 0x26, 0x00, 0x00, 0x68, 0x6F, 0x6D, 	
0x6D, 0x65, 0x2D, 0x73, 0x61, 0x6E, 0x64, 0x77, 	
0x69, 0x63, 0x68, 0x00, 0x04, 0x25, 0x1B, 0x0D, 	
0x1F, 0x14, 0x08, 0x23, 0x17, 0x00, 0x00, 0x68, 	
0x6F, 0x6D, 0x75, 0x6E, 0x63, 0x75, 0x6C, 0x65, 	
0x00, 0x04, 0x25, 0x0F, 0x21, 0x0C, 0x12, 0x00, 	
0x00, 0x68, 0x6F, 0x72, 0x6E, 0x62, 0x6C, 0x65, 	
0x6E, 0x64, 0x65, 0x00, 0x04, 0x13, 0x26, 0x1E, 	
0x12, 0x0E, 0x1F, 0x00, 0x00, 0x68, 0x6F, 0x72, 	
0x73, 0x65, 0x2D, 0x67, 0x75, 0x61, 0x72, 0x64, 	
0x00, 0x04, 0x13, 0x1B, 0x20, 0x01, 0x13, 0x1F, 	
0x00, 0x00, 0x68, 0x6F, 0x72, 0x73, 0x65, 0x2D, 	
0x70, 0x6F, 0x77, 0x65, 0x72, 0x00, 0x04, 0x13, 	
0x1B, 0x22, 0x04, 0x14, 0x0A, 0x13, 0x00, 0x00, 	
0x68, 0x6F, 0x72, 0x73, 0x65, 0x2D, 0x70, 0x6F, 	
0x78, 0x00, 0x04, 0x13, 0x1B, 0x22, 0x04, 0x21, 	
0x1B, 0x00, 0x00, 0x68, 0x6F, 0x76, 0x65, 0x72, 	
0x63, 0x72, 0x61, 0x66, 0x74, 0x00, 0x09, 0x1C, 	
0x0A, 0x13, 0x21, 0x13, 0x01, 0x18, 0x23, 0x00, 	
0x00, 0x68, 0x72, 0x2E, 0x00, 0x0A, 0x13, 0x00, 	
0x00, 0x68, 0x75, 0x65, 0x72, 0x74, 0x61, 0x00, 	
0x14, 0x03, 0x13, 0x23, 0x01, 0x00, 0x00, 0x68, 	
0x75, 0x6D, 0x00, 0x0A, 0x25, 0x00, 0x00, 0x68, 	
0x75, 0x72, 0x64, 0x6C, 0x65, 0x72, 0x00, 0x0A, 	
0x13, 0x1F, 0x12, 0x0A, 0x13, 0x00, 0x00, 0x68, 	
0x79, 0x64, 0x72, 0x6F, 0x66, 0x6F, 0x69, 0x6C, 	
0x00, 0x08, 0x1F, 0x13, 0x04, 0x18, 0x04, 0x16, 	
0x12, 0x00, 0x00, 0x68, 0x79, 0x70, 0x65, 0x72, 	
0x72, 0xE9, 0x61, 0x6C, 0x69, 0x73, 0x6D, 0x65, 	
0x00, 0x08, 0x22, 0x03, 0x13, 0x13, 0x06, 0x01, 	
0x12, 0x08, 0x1B, 0x25, 0x00, 0x00, 0x68, 0x79, 	
0x70, 0x6F, 0x73, 0x63, 0x65, 0x6E, 0x69, 0x75, 	
0x6D, 0x00, 0x08, 0x22, 0x04, 0x1B, 0x06, 0x26, 	
0x16, 0x04, 0x25, 0x00, 0x00, 0x68, 0xE9, 0x67, 	
0xE9, 0x6C, 0x69, 0x61, 0x6E, 0x69, 0x73, 0x6D, 	
0x65, 0x00, 0x06, 0x20, 0x06, 0x12, 0x16, 0x01, 	
0x26, 0x08, 0x1B, 0x25, 0x00, 0x00, 0x68, 0xE9, 	
0x67, 0xE9, 0x6C, 0x69, 0x65, 0x6E, 0x00, 0x06, 	
0x20, 0x06, 0x12, 0x16, 0x0E, 0x00, 0x00, 0x68, 	
0xE9, 0x67, 0xE9, 0x6C, 0x69, 0x65, 0x6E, 0x6E, 	
0x65, 0x00, 0x06, 0x20, 0x06, 0x12, 0x16, 0x03, 	
0x26, 0x00, 0x00, 0x69, 0x00, 0x08, 0x00, 0x00, 	
0x69, 0x62, 0x6D, 0x2E, 0x00, 0x08, 0x1E, 0x06, 	
0x03, 0x25, 0x00, 0x00, 0x69, 0x63, 0x65, 0x2D, 	
0x62, 0x6F, 0x61, 0x74, 0x00, 0x01, 0x16, 0x1B, 	
0x1E, 0x09, 0x23, 0x00, 0x00, 0x69, 0x63, 0x65, 	
0x2D, 0x63, 0x72, 0x65, 0x61, 0x6D, 0x00, 0x01, 	
0x16, 0x1B, 0x21, 0x13, 0x08, 0x25, 0x00, 0x00, 	
0x69, 0x63, 0x65, 0x66, 0x69, 0x65, 0x6C, 0x64, 	
0x00, 0x01, 0x16, 0x1B, 0x18, 0x08, 0x12, 0x1F, 	
0x00, 0x00, 0x49, 0x49, 0x00, 0x1F, 0x07, 0x00, 	
0x00, 0x49, 0x49, 0x49, 0x00, 0x23, 0x13, 0x14, 	
0x01, 0x00, 0x00, 0x69, 0x6D, 0x6D, 0x61, 0x72, 	
0x69, 0x61, 0x62, 0x6C, 0x65, 0x00, 0x0E, 0x25, 	
0x01, 0x13, 0x16, 0x01, 0x1E, 0x12, 0x00, 0x00, 	
0x69, 0x6D, 0x6D, 0x65, 0x74, 0x74, 0x61, 0x62, 	
0x6C, 0x65, 0x00, 0x0E, 0x25, 0x03, 0x23, 0x01, 	
0x1E, 0x12, 0x00, 0x00, 0x69, 0x6D, 0x6D, 0x69, 	
0x78, 0x74, 0x69, 0x6F, 0x6E, 0x00, 0x08, 0x25, 	
0x08, 0x21, 0x1B, 0x16, 0x0F, 0x00, 0x00, 0x69, 	
0x6D, 0x70, 0x61, 0x6C, 0x61, 0x00, 0x08, 0x25, 	
0x22, 0x01, 0x12, 0x01, 0x00, 0x00, 0x69, 0x6D, 	
0x70, 0x65, 0x61, 0x63, 0x68, 0x6D, 0x65, 0x6E, 	
0x74, 0x00, 0x08, 0x25, 0x22, 0x08, 0x23, 0x17, 	
0x25, 0x03, 0x26, 0x23, 0x00, 0x00, 0x69, 0x6D, 	
0x70, 0x65, 0x64, 0x69, 0x6D, 0x65, 0x6E, 0x74, 	
0x61, 0x00, 0x0E, 0x22, 0x06, 0x1F, 0x08, 0x25, 	
0x0E, 0x23, 0x01, 0x00, 0x00, 0x69, 0x6D, 0x70, 	
0x72, 0x65, 0x73, 0x61, 0x72, 0x69, 0x6F, 0x00, 	
0x0E, 0x22, 0x13, 0x06, 0x1B, 0x01, 0x13, 0x16, 	
0x09, 0x00, 0x00, 0x69, 0x6E, 0x2D, 0x70, 0x61, 	
0x63, 0x65, 0x00, 0x08, 0x26, 0x22, 0x01, 0x1B, 	
0x06, 0x00, 0x00, 0x69, 0x6E, 0x2D, 0x76, 0x69, 	
0x6E, 0x67, 0x74, 0x2D, 0x71, 0x75, 0x61, 0x74, 	
0x72, 0x65, 0x00, 0x08, 0x26, 0x1C, 0x0E, 0x23, 	
0x21, 0x01, 0x23, 0x13, 0x00, 0x00, 0x69, 0x6E, 	
0x63, 0x68, 0x6F, 0x61, 0x74, 0x69, 0x66, 0x00, 	
0x0E, 0x21, 0x04, 0x01, 0x23, 0x08, 0x18, 0x00, 	
0x00, 0x69, 0x6E, 0x63, 0x68, 0x6F, 0x61, 0x74, 	
0x69, 0x76, 0x65, 0x00, 0x0E, 0x21, 0x04, 0x01, 	
0x23, 0x08, 0x1C, 0x00, 0x00, 0x69, 0x6E, 0x63, 	
0x6F, 0x65, 0x72, 0x63, 0x69, 0x62, 0x69, 0x6C, 	
0x69, 0x74, 0xE9, 0x00, 0x0E, 0x21, 0x04, 0x03, 	
0x13, 0x1B, 0x08, 0x1E, 0x08, 0x12, 0x08, 0x23, 	
0x06, 0x00, 0x00, 0x69, 0x6E, 0x63, 0x6F, 0x65, 	
0x72, 0x63, 0x69, 0x62, 0x6C, 0x65, 0x00, 0x0E, 	
0x21, 0x04, 0x03, 0x13, 0x1B, 0x08, 0x1E, 0x12, 	
0x00, 0x00, 0x69, 0x6E, 0x63, 0x6F, 0x67, 0x6E, 	
0x69, 0x74, 0x6F, 0x00, 0x0E, 0x21, 0x04, 0x24, 	
0x08, 0x23, 0x09, 0x00, 0x00, 0x69, 0x6E, 0x64, 	
0x69, 0x73, 0x74, 0x69, 0x6E, 0x63, 0x74, 0x00, 	
0x0E, 0x1F, 0x08, 0x1B, 0x23, 0x0E, 0x21, 0x23, 	
0x00, 0x00, 0x69, 0x6E, 0x66, 0x75, 0x6E, 0x64, 	
0x69, 0x62, 0x75, 0x6C, 0x69, 0x66, 0x6F, 0x72, 	
0x6D, 0x65, 0x00, 0x0E, 0x18, 0x0F, 0x1F, 0x08, 	
0x1E, 0x0C, 0x12, 0x08, 0x18, 0x04, 0x13, 0x25, 	
0x00, 0x00, 0x69, 0x6E, 0x66, 0x75, 0x6E, 0x64, 	
0x69, 0x62, 0x75, 0x6C, 0x75, 0x6D, 0x00, 0x0E, 	
0x18, 0x0F, 0x1F, 0x08, 0x1E, 0x0C, 0x12, 0x04, 	
0x25, 0x00, 0x00, 0x69, 0x6E, 0x6C, 0x61, 0x6E, 	
0x64, 0x73, 0x69, 0x73, 0x00, 0x08, 0x26, 0x12, 	
0x0D, 0x1F, 0x1B, 0x08, 0x1B, 0x00, 0x00, 0x69, 	
0x6E, 0x6C, 0x61, 0x79, 0x00, 0x08, 0x26, 0x12, 	
0x03, 0x00, 0x00, 0x69, 0x6E, 0x70, 0x75, 0x74, 	
0x00, 0x08, 0x26, 0x22, 0x0B, 0x23, 0x00, 0x00, 	
0x69, 0x6E, 0x73, 0x65, 0x6C, 0x62, 0x65, 0x72, 	
0x67, 0x00, 0x08, 0x26, 0x1B, 0x03, 0x12, 0x1E, 	
0x03, 0x13, 0x20, 0x00, 0x00, 0x69, 0x6E, 0x73, 	
0x65, 0x72, 0x74, 0x00, 0x08, 0x26, 0x1B, 0x03, 	
0x13, 0x23, 0x00, 0x00, 0x69, 0x6E, 0x74, 0x65, 	
0x6C, 0x6C, 0x69, 0x67, 0x65, 0x6E, 0x74, 0x73, 	
0x69, 0x61, 0x00, 0x0E, 0x23, 0x06, 0x12, 0x08, 	
0x19, 0x03, 0x26, 0x1B, 0x16, 0x01, 0x00, 0x00, 	
0x69, 0x6E, 0x74, 0x65, 0x6C, 0x6C, 0x69, 0x67, 	
0x65, 0x6E, 0x74, 0x7A, 0x69, 0x61, 0x00, 0x0E, 	
0x23, 0x06, 0x12, 0x08, 0x19, 0x03, 0x26, 0x1B, 	
0x16, 0x01, 0x00, 0x00, 0x69, 0x6E, 0x74, 0x65, 	
0x72, 0x6E, 0x65, 0x74, 0x00, 0x0E, 0x23, 0x03, 	
0x13, 0x26, 0x03, 0x23, 0x00, 0x00, 0x69, 0x6E, 	
0x74, 0x65, 0x72, 0x72, 0xE8, 0x67, 0x6E, 0x65, 	
0x00, 0x0E, 0x23, 0x03, 0x13, 0x13, 0x03, 0x24, 	
0x00, 0x00, 0x69, 0x6E, 0x74, 0x65, 0x72, 0x76, 	
0x69, 0x65, 0x77, 0x65, 0x72, 0x00, 0x0E, 0x23, 	
0x03, 0x13, 0x1C, 0x16, 0x0B, 0x1C, 0x06, 0x00, 	
0x00, 0x69, 0x6E, 0x74, 0x65, 0x72, 0x76, 0x69, 	
0x65, 0x77, 0x65, 0x75, 0x72, 0x00, 0x0E, 0x23, 	
0x03, 0x13, 0x1C, 0x16, 0x0B, 0x1C, 0x0A, 0x13, 	
0x00, 0x00, 0x69, 0x6E, 0x74, 0x69, 0x66, 0x61, 	
0x64, 0x61, 0x00, 0x08, 0x26, 0x23, 0x08, 0x18, 	
0x01, 0x1F, 0x01, 0x00, 0x00, 0x69, 0x73, 0x62, 	
0x61, 0x00, 0x08, 0x1D, 0x1E, 0x01, 0x00, 0x00, 	
0x69, 0x73, 0x63, 0x68, 0x69, 0x61, 0x74, 0x69, 	
0x71, 0x75, 0x65, 0x00, 0x08, 0x1B, 0x21, 0x16, 	
0x01, 0x23, 0x08, 0x21, 0x00, 0x00, 0x69, 0x73, 	
0x63, 0x68, 0x69, 0x6F, 0x6E, 0x00, 0x08, 0x1B, 	
0x21, 0x16, 0x0F, 0x00, 0x00, 0x69, 0x73, 0x63, 	
0x68, 0xE9, 0x6D, 0x69, 0x65, 0x00, 0x08, 0x1B, 	
0x21, 0x06, 0x25, 0x08, 0x00, 0x00, 0x69, 0x73, 	
0x63, 0x68, 0xE9, 0x6D, 0x69, 0x71, 0x75, 0x65, 	
0x00, 0x08, 0x1B, 0x21, 0x06, 0x25, 0x08, 0x21, 	
0x00, 0x00, 0x69, 0x73, 0x6F, 0x69, 0x6F, 0x6E, 	
0x69, 0x71, 0x75, 0x65, 0x00, 0x08, 0x1D, 0x04, 	
0x16, 0x04, 0x26, 0x08, 0x21, 0x00, 0x00, 0x49, 	
0x56, 0x00, 0x21, 0x01, 0x23, 0x13, 0x00, 0x00, 	
0x6A, 0x00, 0x19, 0x08, 0x00, 0x00, 0x6A, 0x61, 	
0x7A, 0x7A, 0x00, 0x1F, 0x19, 0x02, 0x1D, 0x00, 	
0x00, 0x6A, 0x61, 0x7A, 0x7A, 0x6D, 0x61, 0x6E, 	
0x00, 0x1F, 0x19, 0x02, 0x1D, 0x25, 0x01, 0x26, 	
0x00, 0x00, 0x6A, 0x61, 0xEF, 0x6E, 0x00, 0x19, 	
0x01, 0x08, 0x26, 0x00, 0x00, 0x6A, 0x65, 0x61, 	
0x6E, 0x73, 0x00, 0x1F, 0x19, 0x08, 0x26, 0x1B, 	
0x00, 0x00, 0x6A, 0x65, 0x74, 0x2D, 0x73, 0x74, 	
0x72, 0x65, 0x61, 0x6D, 0x00, 0x1F, 0x19, 0x03, 	
0x23, 0x1B, 0x23, 0x13, 0x08, 0x25, 0x00, 0x00, 	
0x6A, 0x65, 0x74, 0x74, 0x61, 0x74, 0x75, 0x72, 	
0x61, 0x00, 0x1F, 0x19, 0x03, 0x23, 0x01, 0x23, 	
0x0B, 0x13, 0x01, 0x00, 0x00, 0x6A, 0x65, 0x75, 	
0x6E, 0x00, 0x19, 0x10, 0x00, 0x00, 0x6A, 0x69, 	
0x67, 0x67, 0x65, 0x72, 0x00, 0x1F, 0x19, 0x08, 	
0x20, 0x0A, 0x13, 0x00, 0x00, 0x6A, 0x69, 0x6E, 	
0x67, 0x6C, 0x65, 0x00, 0x1F, 0x19, 0x08, 0x26, 	
0x20, 0x05, 0x12, 0x00, 0x00, 0x6A, 0x69, 0x75, 	
0x2D, 0x6A, 0x69, 0x74, 0x73, 0x75, 0x00, 0x19, 	
0x0C, 0x19, 0x08, 0x23, 0x1B, 0x0C, 0x00, 0x00, 	
0x6A, 0x6F, 0x67, 0x67, 0x69, 0x6E, 0x67, 0x00, 	
0x1F, 0x19, 0x04, 0x20, 0x08, 0x27, 0x00, 0x00, 	
0x6A, 0x6F, 0x6E, 0x6B, 0x68, 0x65, 0x65, 0x72, 	
0x00, 0x19, 0x04, 0x26, 0x21, 0x03, 0x13, 0x00, 	
0x00, 0x6A, 0x75, 0x6D, 0x62, 0x6F, 0x00, 0x1F, 	
0x19, 0x0A, 0x25, 0x1E, 0x09, 0x00, 0x00, 0x6A, 	
0x75, 0x6D, 0x62, 0x6F, 0x2D, 0x6A, 0x65, 0x74, 	
0x00, 0x19, 0x0A, 0x25, 0x1E, 0x09, 0x1F, 0x19, 	
0x06, 0x23, 0x00, 0x00, 0x6A, 0x75, 0x6D, 0x70, 	
0x69, 0x6E, 0x67, 0x00, 0x1F, 0x19, 0x0A, 0x25, 	
0x22, 0x08, 0x27, 0x00, 0x00, 0x6A, 0x75, 0x6E, 	
0x6B, 0x65, 0x72, 0x00, 0x16, 0x0B, 0x27, 0x21, 	
0x03, 0x13, 0x00, 0x00, 0x6A, 0x75, 0x73, 0x74, 	
0x65, 0x2D, 0x6D, 0x69, 0x6C, 0x69, 0x65, 0x75, 	
0x00, 0x19, 0x0C, 0x1B, 0x23, 0x05, 0x25, 0x08, 	
0x12, 0x16, 0x07, 0x00, 0x00, 0x6B, 0x00, 0x21, 	
0x01, 0x00, 0x00, 0x6B, 0x2E, 0x2D, 0x6F, 0x2E, 	
0x00, 0x21, 0x01, 0x09, 0x00, 0x00, 0x6B, 0x61, 	
0x62, 0x75, 0x6B, 0x69, 0x00, 0x21, 0x01, 0x1E, 	
0x0B, 0x21, 0x08, 0x00, 0x00, 0x6B, 0x61, 0x77, 	
0x61, 0x00, 0x21, 0x01, 0x1C, 0x01, 0x00, 0x00, 	
0x6B, 0x65, 0x65, 0x70, 0x73, 0x61, 0x6B, 0x65, 	
0x00, 0x21, 0x08, 0x22, 0x1B, 0x03, 0x21, 0x00, 	
0x00, 0x6B, 0x65, 0x74, 0x63, 0x68, 0x75, 0x70, 	
0x00, 0x21, 0x03, 0x23, 0x17, 0x0A, 0x22, 0x00, 	
0x00, 0x6B, 0x67, 0x2E, 0x00, 0x21, 0x08, 0x12, 	
0x09, 0x00, 0x00, 0x6B, 0x69, 0x70, 0x70, 0x65, 	
0x72, 0x00, 0x21, 0x08, 0x22, 0x0A, 0x13, 0x00, 	
0x00, 0x6B, 0x6D, 0x2E, 0x00, 0x21, 0x08, 0x12, 	
0x04, 0x25, 0x03, 0x23, 0x13, 0x00, 0x00, 0x6B, 	
0x6E, 0x69, 0x63, 0x6B, 0x65, 0x72, 0x62, 0x6F, 	
0x63, 0x6B, 0x65, 0x72, 0x73, 0x00, 0x26, 0x08, 	
0x21, 0x0A, 0x13, 0x1E, 0x04, 0x21, 0x0A, 0x13, 	
0x00, 0x00, 0x6B, 0x6E, 0x6F, 0x63, 0x6B, 0x2D, 	
0x64, 0x6F, 0x77, 0x6E, 0x00, 0x26, 0x04, 0x21, 	
0x1F, 0x01, 0x14, 0x26, 0x00, 0x00, 0x6B, 0x6E, 	
0x6F, 0x63, 0x6B, 0x2D, 0x6F, 0x75, 0x74, 0x00, 	
0x26, 0x04, 0x21, 0x01, 0x14, 0x23, 0x00, 0x00, 	
0x6B, 0x6E, 0x6F, 0x77, 0x2D, 0x68, 0x6F, 0x77, 	
0x00, 0x26, 0x04, 0x01, 0x14, 0x00, 0x00, 0x6B, 	
0x6F, 0x69, 0x6E, 0xE8, 0x00, 0x21, 0x04, 0x16, 	
0x26, 0x03, 0x00, 0x00, 0x6B, 0x6F, 0x75, 0x61, 	
0x6E, 0x2D, 0x68, 0x6F, 0x75, 0x61, 0x00, 0x21, 	
0x0B, 0x01, 0x26, 0x0B, 0x01, 0x00, 0x00, 0x6B, 	
0x72, 0x65, 0x6D, 0x6C, 0x69, 0x6E, 0x6F, 0x6C, 	
0x6F, 0x67, 0x69, 0x65, 0x00, 0x21, 0x13, 0x03, 	
0x25, 0x12, 0x08, 0x26, 0x04, 0x12, 0x04, 0x19, 	
0x08, 0x00, 0x00, 0x6B, 0x72, 0x6F, 0x6E, 0x70, 	
0x72, 0x69, 0x6E, 0x7A, 0x00, 0x21, 0x13, 0x04, 	
0x26, 0x22, 0x13, 0x08, 0x26, 0x23, 0x1B, 0x00, 	
0x00, 0x6B, 0x75, 0x6D, 0x6D, 0x65, 0x6C, 0x00, 	
0x21, 0x0C, 0x25, 0x03, 0x12, 0x00, 0x00, 0x6B, 	
0x75, 0x6D, 0x71, 0x75, 0x61, 0x74, 0x00, 0x21, 	
0x04, 0x25, 0x21, 0x14, 0x01, 0x23, 0x00, 0x00, 	
0x6B, 0x75, 0x6E, 0x67, 0x2D, 0x66, 0x75, 0x00, 	
0x21, 0x0B, 0x26, 0x20, 0x18, 0x0B, 0x00, 0x00, 	
0x6B, 0x77, 0x61, 0x73, 0x00, 0x21, 0x1C, 0x02, 	
0x1B, 0x00, 0x00, 0x6B, 0x79, 0x72, 0x69, 0x65, 	
0x00, 0x21, 0x08, 0x13, 0x16, 0x06, 0x00, 0x00, 	
0x6B, 0xFB, 0x66, 0x69, 0x71, 0x75, 0x65, 0x00, 	
0x21, 0x0B, 0x18, 0x08, 0x21, 0x00, 0x00, 0x6C, 	
0x00, 0x03, 0x12, 0x00, 0x00, 0x6C, 0x61, 0x64, 	
0x79, 0x00, 0x12, 0x03, 0x1F, 0x08, 0x00, 0x00, 	
0x6C, 0x61, 0x67, 0x75, 0x69, 0x73, 0x00, 0x12, 	
0x01, 0x20, 0x08, 0x00, 0x00, 0x6C, 0x61, 0x6D, 	
0x70, 0x61, 0x73, 0x00, 0x12, 0x0D, 0x22, 0x02, 	
0x00, 0x00, 0x6C, 0x61, 0x6E, 0x64, 0x73, 0x74, 	
0x75, 0x72, 0x6D, 0x00, 0x12, 0x0D, 0x1F, 0x17, 	
0x23, 0x0B, 0x13, 0x25, 0x00, 0x00, 0x6C, 0x61, 	
0x6E, 0x64, 0x77, 0x65, 0x68, 0x72, 0x00, 0x12, 	
0x0D, 0x1F, 0x1C, 0x03, 0x13, 0x00, 0x00, 0x6C, 	
0x61, 0x72, 0x6D, 0x65, 0x2D, 0x64, 0x75, 0x2D, 	
0x63, 0x68, 0x72, 0x69, 0x73, 0x74, 0x00, 0x12, 	
0x01, 0x13, 0x25, 0x1F, 0x0C, 0x21, 0x13, 0x08, 	
0x1B, 0x23, 0x00, 0x00, 0x6C, 0x61, 0x74, 0x69, 	
0x66, 0x75, 0x6E, 0x64, 0x69, 0x61, 0x00, 0x12, 	
0x01, 0x23, 0x08, 0x18, 0x0F, 0x1F, 0x16, 0x01, 	
0x00, 0x00, 0x6C, 0x61, 0x74, 0x69, 0x66, 0x75, 	
0x6E, 0x64, 0x69, 0x61, 0x69, 0x72, 0x65, 0x00, 	
0x12, 0x01, 0x23, 0x08, 0x18, 0x0F, 0x1F, 0x16, 	
0x03, 0x13, 0x00, 0x00, 0x6C, 0x61, 0x74, 0x69, 	
0x66, 0x75, 0x6E, 0x64, 0x69, 0x75, 0x6D, 0x00, 	
0x12, 0x01, 0x23, 0x08, 0x18, 0x0F, 0x1F, 0x16, 	
0x04, 0x25, 0x00, 0x00, 0x6C, 0x61, 0x77, 0x72, 	
0x65, 0x6E, 0x63, 0x69, 0x75, 0x6D, 0x00, 0x12, 	
0x09, 0x13, 0x0D, 0x1B, 0x16, 0x04, 0x25, 0x00, 	
0x00, 0x6C, 0x61, 0x79, 0x65, 0x00, 0x12, 0x03, 	
0x00, 0x00, 0x6C, 0x65, 0x61, 0x64, 0x65, 0x72, 	
0x73, 0x68, 0x69, 0x70, 0x00, 0x12, 0x08, 0x1F, 	
0x0A, 0x13, 0x17, 0x08, 0x22, 0x00, 0x00, 0x6C, 	
0x65, 0x67, 0x61, 0x74, 0x6F, 0x00, 0x12, 0x06, 	
0x20, 0x01, 0x23, 0x09, 0x00, 0x00, 0x6C, 0x65, 	
0x67, 0x67, 0x69, 0x6E, 0x67, 0x73, 0x00, 0x12, 	
0x06, 0x20, 0x08, 0x27, 0x1B, 0x00, 0x00, 0x6C, 	
0x65, 0x67, 0x67, 0x69, 0x6E, 0x73, 0x00, 0x12, 	
0x06, 0x20, 0x08, 0x26, 0x1B, 0x00, 0x00, 0x6C, 	
0x65, 0x6D, 0x6F, 0x6E, 0x2D, 0x67, 0x72, 0x61, 	
0x73, 0x73, 0x00, 0x12, 0x06, 0x25, 0x04, 0x26, 	
0x20, 0x13, 0x01, 0x1B, 0x00, 0x00, 0x6C, 0x69, 	
0x62, 0x65, 0x72, 0x61, 0x00, 0x12, 0x08, 0x1E, 	
0x06, 0x13, 0x01, 0x00, 0x00, 0x6C, 0x69, 0x63, 	
0x68, 0x65, 0x6E, 0x00, 0x12, 0x08, 0x21, 0x03, 	
0x26, 0x00, 0x00, 0x6C, 0x69, 0x65, 0x64, 0x00, 	
0x12, 0x08, 0x1F, 0x00, 0x00, 0x6C, 0x69, 0x6E, 	
0x65, 0x72, 0x00, 0x12, 0x01, 0x16, 0x26, 0x0A, 	
0x13, 0x00, 0x00, 0x6C, 0x69, 0x6E, 0x67, 0x75, 	
0x61, 0x6C, 0x00, 0x12, 0x0E, 0x20, 0x14, 0x01, 	
0x12, 0x00, 0x00, 0x6C, 0x69, 0x6E, 0x67, 0x75, 	
0x61, 0x6C, 0x65, 0x00, 0x12, 0x0E, 0x20, 0x14, 	
0x01, 0x12, 0x00, 0x00, 0x6C, 0x69, 0x6E, 0x67, 	
0x75, 0x61, 0x74, 0x75, 0x6C, 0x65, 0x00, 0x12, 	
0x03, 0x20, 0x14, 0x01, 0x23, 0x0C, 0x12, 0x00, 	
0x00, 0x6C, 0x69, 0x6E, 0x67, 0x75, 0x61, 0x75, 	
0x78, 0x00, 0x12, 0x0E, 0x20, 0x14, 0x09, 0x00, 	
0x00, 0x6C, 0x69, 0x6E, 0x67, 0x75, 0x69, 0x66, 	
0x6F, 0x72, 0x6D, 0x65, 0x00, 0x12, 0x0E, 0x20, 	
0x15, 0x08, 0x18, 0x04, 0x13, 0x25, 0x00, 0x00, 	
0x6C, 0x69, 0x6E, 0x6B, 0x73, 0x00, 0x12, 0x08, 	
0x26, 0x21, 0x1B, 0x00, 0x00, 0x6C, 0x69, 0x6E, 	
0x6F, 0x6C, 0x65, 0x75, 0x6D, 0x00, 0x12, 0x08, 	
0x26, 0x04, 0x12, 0x06, 0x04, 0x25, 0x00, 0x00, 	
0x6C, 0x69, 0x6E, 0x74, 0x65, 0x72, 0x00, 0x12, 	
0x08, 0x26, 0x23, 0x03, 0x13, 0x00, 0x00, 0x6C, 	
0x69, 0x70, 0x6F, 0x73, 0x6F, 0x6D, 0x65, 0x00, 	
0x12, 0x08, 0x22, 0x04, 0x1D, 0x09, 0x25, 0x00, 	
0x00, 0x6C, 0x69, 0x71, 0x75, 0x61, 0x74, 0x69, 	
0x6F, 0x6E, 0x00, 0x12, 0x08, 0x21, 0x14, 0x02, 	
0x1B, 0x16, 0x0F, 0x00, 0x00, 0x6C, 0x69, 0x74, 	
0x68, 0x6F, 0x67, 0x65, 0x6E, 0xE8, 0x73, 0x65, 	
0x00, 0x12, 0x08, 0x23, 0x04, 0x19, 0x05, 0x26, 	
0x03, 0x1D, 0x00, 0x00, 0x6C, 0x69, 0x76, 0x65, 	
0x00, 0x12, 0x01, 0x16, 0x1C, 0x00, 0x00, 0x6C, 	
0x6C, 0x61, 0x6E, 0x6F, 0x73, 0x00, 0x12, 0x16, 	
0x01, 0x26, 0x09, 0x1B, 0x00, 0x00, 0x6C, 0x6C, 	
0x6F, 0x79, 0x64, 0x00, 0x12, 0x04, 0x16, 0x1F, 	
0x00, 0x00, 0x6C, 0x6F, 0x61, 0x64, 0x65, 0x72, 	
0x00, 0x12, 0x09, 0x1F, 0x0A, 0x13, 0x00, 0x00, 	
0x6C, 0x6F, 0x63, 0x6B, 0x2D, 0x6F, 0x75, 0x74, 	
0x00, 0x12, 0x04, 0x21, 0x01, 0x14, 0x23, 0x00, 	
0x00, 0x6C, 0x6F, 0x63, 0x6B, 0x2D, 0x6F, 0x75, 	
0x74, 0x65, 0x72, 0x00, 0x12, 0x04, 0x21, 0x01, 	
0x14, 0x23, 0x06, 0x00, 0x00, 0x6C, 0x6F, 0x67, 	
0x67, 0x69, 0x61, 0x00, 0x12, 0x04, 0x1F, 0x19, 	
0x16, 0x01, 0x00, 0x00, 0x6C, 0x6F, 0x6F, 0x63, 	
0x68, 0x00, 0x12, 0x04, 0x21, 0x00, 0x00, 0x6C, 	
0x6F, 0x73, 0x65, 0x72, 0x00, 0x12, 0x0B, 0x1D, 	
0x0A, 0x13, 0x00, 0x00, 0x4C, 0x53, 0x49, 0x00, 	
0x03, 0x12, 0x03, 0x1B, 0x08, 0x00, 0x00, 0x6C, 	
0x75, 0x6D, 0x62, 0x61, 0x67, 0x6F, 0x00, 0x12, 	
0x0F, 0x1E, 0x01, 0x20, 0x09, 0x00, 0x00, 0x6C, 	
0xFD, 0x73, 0x73, 0x00, 0x12, 0x07, 0x1B, 0x00, 	
0x00, 0x6D, 0x00, 0x03, 0x25, 0x00, 0x00, 0x6D, 	
0x61, 0x63, 0x68, 0x69, 0x73, 0x6D, 0x65, 0x00, 	
0x25, 0x01, 0x23, 0x17, 0x08, 0x1B, 0x25, 0x00, 	
0x00, 0x6D, 0x61, 0x63, 0x68, 0x6F, 0x00, 0x25, 	
0x01, 0x23, 0x17, 0x09, 0x00, 0x00, 0x6D, 0x61, 	
0x63, 0x6B, 0x69, 0x6E, 0x74, 0x6F, 0x73, 0x68, 	
0x00, 0x25, 0x01, 0x21, 0x08, 0x26, 0x23, 0x04, 	
0x17, 0x00, 0x00, 0x6D, 0x61, 0x64, 0x65, 0x00, 	
0x25, 0x03, 0x1F, 0x00, 0x00, 0x6D, 0x61, 0x65, 	
0x6C, 0x73, 0x74, 0x72, 0xF6, 0x6D, 0x00, 0x25, 	
0x01, 0x12, 0x1B, 0x23, 0x13, 0x07, 0x25, 0x00, 	
0x00, 0x6D, 0x61, 0x67, 0x6E, 0x75, 0x6D, 0x00, 	
0x25, 0x01, 0x20, 0x26, 0x04, 0x25, 0x00, 0x00, 	
0x6D, 0x61, 0x67, 0x79, 0x61, 0x72, 0x00, 0x25, 	
0x01, 0x20, 0x16, 0x01, 0x13, 0x00, 0x00, 0x6D, 	
0x61, 0x67, 0x79, 0x61, 0x72, 0x65, 0x00, 0x25, 	
0x01, 0x20, 0x16, 0x01, 0x13, 0x00, 0x00, 0x6D, 	
0x61, 0x68, 0x61, 0x72, 0x61, 0x6A, 0x61, 0x68, 	
0x00, 0x25, 0x01, 0x01, 0x13, 0x01, 0x1F, 0x19, 	
0x01, 0x00, 0x00, 0x6D, 0x61, 0x69, 0x6C, 0x2D, 	
0x63, 0x6F, 0x61, 0x63, 0x68, 0x00, 0x25, 0x03, 	
0x12, 0x21, 0x09, 0x23, 0x17, 0x00, 0x00, 0x6D, 	
0x61, 0x6C, 0x61, 0x79, 0x6F, 0x2D, 0x70, 0x6F, 	
0x6C, 0x79, 0x6E, 0xE9, 0x73, 0x69, 0x65, 0x6E, 	
0x00, 0x25, 0x01, 0x12, 0x03, 0x16, 0x04, 0x22, 	
0x04, 0x12, 0x08, 0x26, 0x06, 0x1D, 0x16, 0x0E, 	
0x00, 0x00, 0x6D, 0x61, 0x6C, 0x61, 0x79, 0x6F, 	
0x2D, 0x70, 0x6F, 0x6C, 0x79, 0x6E, 0xE9, 0x73, 	
0x69, 0x65, 0x6E, 0x6E, 0x65, 0x00, 0x25, 0x01, 	
0x12, 0x03, 0x16, 0x04, 0x22, 0x04, 0x12, 0x08, 	
0x26, 0x06, 0x1D, 0x16, 0x03, 0x26, 0x00, 0x00, 	
0x6D, 0x61, 0x6D, 0x27, 0x73, 0x65, 0x6C, 0x6C, 	
0x65, 0x00, 0x25, 0x01, 0x25, 0x1D, 0x03, 0x12, 	
0x00, 0x00, 0x6D, 0x61, 0x6D, 0x62, 0x6F, 0x00, 	
0x25, 0x0D, 0x25, 0x1E, 0x09, 0x00, 0x00, 0x6D, 	
0x61, 0x6D, 0x65, 0x6C, 0x75, 0x6B, 0x00, 0x25, 	
0x01, 0x25, 0x12, 0x0B, 0x21, 0x00, 0x00, 0x6D, 	
0x61, 0x6E, 0x61, 0x67, 0x65, 0x72, 0x00, 0x25, 	
0x01, 0x26, 0x01, 0x1F, 0x19, 0x03, 0x13, 0x00, 	
0x00, 0x4D, 0x61, 0x6E, 0x73, 0x66, 0x69, 0x65, 	
0x6C, 0x64, 0x00, 0x25, 0x01, 0x26, 0x1B, 0x18, 	
0x08, 0x12, 0x1F, 0x00, 0x00, 0x6D, 0x61, 0x72, 	
0x65, 0x6E, 0x67, 0x6F, 0x00, 0x25, 0x01, 0x13, 	
0x0E, 0x20, 0x09, 0x00, 0x00, 0x6D, 0x61, 0x72, 	
0x69, 0x68, 0x75, 0x61, 0x6E, 0x61, 0x00, 0x25, 	
0x01, 0x13, 0x08, 0x13, 0x14, 0x01, 0x26, 0x01, 	
0x00, 0x00, 0x6D, 0x61, 0x72, 0x74, 0x65, 0x6E, 	
0x73, 0x69, 0x74, 0x65, 0x00, 0x25, 0x01, 0x13, 	
0x23, 0x0E, 0x1B, 0x08, 0x23, 0x00, 0x00, 0x6D, 	
0x61, 0x73, 0x00, 0x25, 0x02, 0x00, 0x00, 0x6D, 	
0x61, 0x73, 0x73, 0x2D, 0x6D, 0x65, 0x64, 0x69, 	
0x61, 0x00, 0x25, 0x01, 0x1B, 0x25, 0x06, 0x1F, 	
0x16, 0x01, 0x00, 0x00, 0x6D, 0x61, 0x79, 0x65, 	
0x00, 0x25, 0x03, 0x00, 0x00, 0x6D, 0x61, 0xEF, 	
0x73, 0x65, 0x72, 0x69, 0x65, 0x00, 0x25, 0x01, 	
0x08, 0x1B, 0x13, 0x08, 0x00, 0x00, 0x6D, 0x61, 	
0xEF, 0x7A, 0x65, 0x6E, 0x61, 0x00, 0x25, 0x01, 	
0x08, 0x1D, 0x06, 0x26, 0x01, 0x00, 0x00, 0x4D, 	
0x63, 0x47, 0x49, 0x4C, 0x4C, 0x00, 0x25, 0x01, 	
0x21, 0x20, 0x08, 0x12, 0x00, 0x00, 0x4D, 0x63, 	
0x52, 0x61, 0x65, 0x00, 0x25, 0x01, 0x21, 0x13, 	
0x03, 0x00, 0x00, 0x6D, 0x65, 0x61, 0x2D, 0x63, 	
0x75, 0x6C, 0x70, 0x61, 0x00, 0x25, 0x06, 0x01, 	
0x21, 0x0C, 0x12, 0x22, 0x01, 0x00, 0x00, 0x6D, 	
0x65, 0x63, 0x68, 0x74, 0x61, 0x00, 0x25, 0x03, 	
0x17, 0x23, 0x01, 0x00, 0x00, 0x6D, 0x65, 0x64, 	
0x65, 0x63, 0x69, 0x6E, 0x65, 0x2D, 0x62, 0x61, 	
0x6C, 0x6C, 0x00, 0x25, 0x06, 0x1F, 0x1B, 0x08, 	
0x26, 0x1E, 0x09, 0x12, 0x00, 0x00, 0x6D, 0x65, 	
0x64, 0x65, 0x72, 0x73, 0x61, 0x00, 0x25, 0x06, 	
0x1F, 0x03, 0x13, 0x1B, 0x01, 0x00, 0x00, 0x6D, 	
0x65, 0x64, 0x69, 0x61, 0x00, 0x25, 0x06, 0x1F, 	
0x16, 0x01, 0x00, 0x00, 0x6D, 0x65, 0x64, 0x69, 	
0x63, 0x69, 0x6E, 0x65, 0x2D, 0x62, 0x61, 0x6C, 	
0x6C, 0x00, 0x25, 0x06, 0x1F, 0x08, 0x1B, 0x08, 	
0x26, 0x1E, 0x09, 0x12, 0x00, 0x00, 0x6D, 0x65, 	
0x6C, 0x74, 0x69, 0x6E, 0x67, 0x2D, 0x70, 0x6F, 	
0x74, 0x00, 0x25, 0x03, 0x12, 0x23, 0x08, 0x27, 	
0x22, 0x04, 0x23, 0x00, 0x00, 0x6D, 0x65, 0x6E, 	
0x63, 0x68, 0x65, 0x76, 0x69, 0x6B, 0x00, 0x25, 	
0x03, 0x26, 0x17, 0x06, 0x1C, 0x08, 0x21, 0x00, 	
0x00, 0x6D, 0x65, 0x6E, 0x68, 0x69, 0x72, 0x00, 	
0x25, 0x06, 0x26, 0x08, 0x13, 0x00, 0x00, 0x6D, 	
0x65, 0x6E, 0x69, 0x6E, 0x00, 0x25, 0x06, 0x26, 	
0x0E, 0x00, 0x00, 0x6D, 0x65, 0x6E, 0x69, 0x6E, 	
0x65, 0x00, 0x25, 0x06, 0x26, 0x08, 0x26, 0x00, 	
0x00, 0x6D, 0x65, 0x6E, 0x74, 0x6F, 0x72, 0x00, 	
0x25, 0x0E, 0x23, 0x04, 0x13, 0x00, 0x00, 0x6D, 	
0x65, 0x73, 0x61, 0x00, 0x25, 0x06, 0x1D, 0x01, 	
0x00, 0x00, 0x6D, 0x65, 0x7A, 0x7A, 0x61, 0x2D, 	
0x76, 0x6F, 0x63, 0x65, 0x00, 0x25, 0x03, 0x1F, 	
0x1D, 0x01, 0x1C, 0x04, 0x23, 0x17, 0x06, 0x00, 	
0x00, 0x6D, 0x65, 0x7A, 0x7A, 0x6F, 0x2D, 0x74, 	
0x69, 0x6E, 0x74, 0x6F, 0x00, 0x25, 0x03, 0x1F, 	
0x1D, 0x09, 0x23, 0x08, 0x26, 0x23, 0x09, 0x00, 	
0x00, 0x6D, 0x65, 0xEF, 0x6A, 0x69, 0x00, 0x25, 	
0x03, 0x16, 0x19, 0x08, 0x00, 0x00, 0x6D, 0x67, 	
0x2E, 0x00, 0x25, 0x08, 0x12, 0x08, 0x20, 0x13, 	
0x01, 0x25, 0x00, 0x00, 0x6D, 0x69, 0x2D, 0x63, 	
0x68, 0x65, 0x6D, 0x69, 0x6E, 0x00, 0x25, 0x08, 	
0x17, 0x25, 0x0E, 0x00, 0x00, 0x6D, 0x69, 0x6C, 	
0x6B, 0x2D, 0x73, 0x68, 0x61, 0x6B, 0x65, 0x00, 	
0x25, 0x08, 0x12, 0x21, 0x17, 0x03, 0x21, 0x00, 	
0x00, 0x6D, 0x69, 0x6C, 0x6C, 0x61, 0x73, 0x73, 	
0x65, 0x00, 0x25, 0x08, 0x16, 0x01, 0x1B, 0x00, 	
0x00, 0x6D, 0x69, 0x6E, 0x62, 0x61, 0x72, 0x00, 	
0x25, 0x08, 0x26, 0x1E, 0x01, 0x13, 0x00, 0x00, 	
0x6D, 0x69, 0x6E, 0x6E, 0x65, 0x73, 0x69, 0x6E, 	
0x67, 0x65, 0x72, 0x00, 0x25, 0x08, 0x26, 0x06, 	
0x1B, 0x08, 0x27, 0x20, 0x03, 0x13, 0x00, 0x00, 	
0x6D, 0x69, 0x6E, 0x6F, 0x65, 0x6E, 0x00, 0x25, 	
0x08, 0x26, 0x04, 0x0E, 0x00, 0x00, 0x6D, 0x69, 	
0x6E, 0x6F, 0x65, 0x6E, 0x6E, 0x65, 0x00, 0x25, 	
0x08, 0x26, 0x04, 0x03, 0x26, 0x00, 0x00, 0x6D, 	
0x69, 0x73, 0x65, 0x72, 0x65, 0x72, 0x65, 0x00, 	
0x25, 0x08, 0x1D, 0x06, 0x13, 0x06, 0x13, 0x06, 	
0x00, 0x00, 0x6D, 0x6C, 0x2E, 0x00, 0x25, 0x08, 	
0x12, 0x08, 0x12, 0x08, 0x23, 0x13, 0x00, 0x00, 	
0x4D, 0x6D, 0x65, 0x00, 0x25, 0x01, 0x1F, 0x01, 	
0x25, 0x00, 0x00, 0x4D, 0x6D, 0x65, 0x2E, 0x00, 	
0x25, 0x01, 0x1F, 0x01, 0x25, 0x00, 0x00, 0x6D, 	
0x6F, 0x64, 0x65, 0x72, 0x61, 0x74, 0x6F, 0x00, 	
0x25, 0x04, 0x1F, 0x06, 0x13, 0x01, 0x23, 0x09, 	
0x00, 0x00, 0x6D, 0x6F, 0x64, 0x75, 0x73, 0x00, 	
0x25, 0x04, 0x1F, 0x0C, 0x1B, 0x00, 0x00, 0x6D, 	
0x6F, 0x65, 0x72, 0x65, 0x00, 0x25, 0x14, 0x03, 	
0x13, 0x00, 0x00, 0x6D, 0x6F, 0x6E, 0x73, 0x69, 	
0x67, 0x6E, 0x6F, 0x72, 0x65, 0x00, 0x25, 0x0F, 	
0x1B, 0x08, 0x24, 0x04, 0x13, 0x06, 0x00, 0x00, 	
0x6D, 0x6F, 0x79, 0x65, 0x6E, 0x2D, 0xE2, 0x67, 	
0x65, 0x00, 0x25, 0x14, 0x01, 0x16, 0x03, 0x26, 	
0x02, 0x19, 0x00, 0x00, 0x6D, 0x6F, 0x79, 0x65, 	
0x6E, 0xE2, 0x67, 0x65, 0x75, 0x73, 0x65, 0x00, 	
0x25, 0x14, 0x01, 0x16, 0x03, 0x26, 0x02, 0x19, 	
0x07, 0x1D, 0x00, 0x00, 0x6D, 0x6F, 0x79, 0x65, 	
0x6E, 0xE2, 0x67, 0x65, 0x75, 0x78, 0x00, 0x25, 	
0x14, 0x01, 0x16, 0x03, 0x26, 0x02, 0x19, 0x07, 	
0x00, 0x00, 0x6D, 0x6F, 0x7A, 0x7A, 0x61, 0x72, 	
0x65, 0x6C, 0x6C, 0x61, 0x00, 0x25, 0x04, 0x1F, 	
0x1D, 0x01, 0x13, 0x03, 0x12, 0x01, 0x00, 0x00, 	
0x4D, 0x72, 0x2E, 0x00, 0x25, 0x05, 0x1B, 0x16, 	
0x07, 0x00, 0x00, 0x4D, 0x53, 0x2D, 0x44, 0x4F, 	
0x53, 0x00, 0x03, 0x25, 0x03, 0x1B, 0x1F, 0x04, 	
0x1B, 0x00, 0x00, 0x6D, 0x73, 0x65, 0x63, 0x2E, 	
0x00, 0x25, 0x08, 0x12, 0x08, 0x1B, 0x05, 0x21, 	
0x0F, 0x1F, 0x00, 0x00, 0x6D, 0x75, 0x65, 0x7A, 	
0x7A, 0x69, 0x6E, 0x00, 0x25, 0x15, 0x03, 0x1F, 	
0x1D, 0x08, 0x26, 0x00, 0x00, 0x6D, 0x75, 0x6C, 	
0x65, 0x74, 0x61, 0x00, 0x25, 0x0B, 0x12, 0x03, 	
0x23, 0x01, 0x00, 0x00, 0x6D, 0x75, 0x73, 0x74, 	
0x00, 0x25, 0x0A, 0x1B, 0x23, 0x00, 0x00, 0x6D, 	
0x79, 0x69, 0x61, 0x73, 0x65, 0x00, 0x25, 0x08, 	
0x16, 0x02, 0x1D, 0x00, 0x00, 0x6D, 0xE9, 0x67, 	
0x6F, 0x68, 0x6D, 0x6D, 0xE8, 0x74, 0x72, 0x65, 	
0x00, 0x25, 0x06, 0x20, 0x09, 0x25, 0x25, 0x03, 	
0x23, 0x13, 0x00, 0x00, 0x6E, 0x00, 0x03, 0x26, 	
0x00, 0x00, 0x6E, 0x61, 0x6E, 0x73, 0x6F, 0x75, 	
0x6B, 0x00, 0x26, 0x0D, 0x1D, 0x0B, 0x21, 0x00, 	
0x00, 0x6E, 0x65, 0x62, 0x6B, 0x61, 0x00, 0x26, 	
0x03, 0x22, 0x21, 0x01, 0x00, 0x00, 0x6E, 0x65, 	
0x6C, 0x75, 0x6D, 0x62, 0x6F, 0x00, 0x26, 0x06, 	
0x12, 0x0F, 0x1E, 0x09, 0x00, 0x00, 0x6E, 0x69, 	
0x65, 0x74, 0x7A, 0x73, 0x63, 0x68, 0xE9, 0x65, 	
0x6E, 0x00, 0x26, 0x08, 0x23, 0x17, 0x06, 0x0E, 	
0x00, 0x00, 0x6E, 0x69, 0x65, 0x74, 0x7A, 0x73, 	
0x63, 0x68, 0xE9, 0x65, 0x6E, 0x6E, 0x65, 0x00, 	
0x26, 0x08, 0x23, 0x17, 0x06, 0x03, 0x26, 0x00, 	
0x00, 0x6E, 0x69, 0x67, 0x68, 0x74, 0x2D, 0x63, 	
0x6C, 0x75, 0x62, 0x00, 0x26, 0x01, 0x16, 0x23, 	
0x21, 0x12, 0x0A, 0x1E, 0x00, 0x00, 0x6E, 0x69, 	
0xE8, 0x6D, 0x65, 0x00, 0x03, 0x26, 0x16, 0x03, 	
0x25, 0x00, 0x00, 0x6E, 0x6F, 0x62, 0x65, 0x6C, 	
0x69, 0x75, 0x6D, 0x00, 0x26, 0x04, 0x1E, 0x03, 	
0x12, 0x16, 0x04, 0x25, 0x00, 0x00, 0x6E, 0x6F, 	
0x6D, 0x65, 0x6E, 0x6B, 0x6C, 0x61, 0x74, 0x75, 	
0x72, 0x61, 0x00, 0x26, 0x04, 0x25, 0x03, 0x26, 	
0x21, 0x12, 0x01, 0x23, 0x0B, 0x13, 0x01, 0x00, 	
0x00, 0x6E, 0x6F, 0x6E, 0x2D, 0x61, 0x63, 0x74, 	
0x69, 0x76, 0x69, 0x74, 0xE9, 0x00, 0x26, 0x04, 	
0x26, 0x01, 0x21, 0x23, 0x08, 0x1C, 0x08, 0x23, 	
0x06, 0x00, 0x00, 0x6E, 0x6F, 0x6E, 0x2D, 0x61, 	
0x67, 0x72, 0x65, 0x73, 0x73, 0x69, 0x6F, 0x6E, 	
0x00, 0x26, 0x04, 0x26, 0x01, 0x20, 0x13, 0x06, 	
0x1B, 0x16, 0x0F, 0x00, 0x00, 0x6E, 0x6F, 0x6E, 	
0x2D, 0x61, 0x6C, 0x69, 0x67, 0x6E, 0x65, 0x6D, 	
0x65, 0x6E, 0x74, 0x00, 0x26, 0x04, 0x26, 0x01, 	
0x12, 0x08, 0x24, 0x25, 0x0D, 0x00, 0x00, 0x6E, 	
0x6F, 0x6E, 0x2D, 0x61, 0x6C, 0x69, 0x67, 0x6E, 	
0xE9, 0x00, 0x26, 0x04, 0x26, 0x01, 0x12, 0x08, 	
0x24, 0x06, 0x00, 0x00, 0x6E, 0x6F, 0x6E, 0x2D, 	
0x61, 0x6C, 0x69, 0x67, 0x6E, 0xE9, 0x65, 0x00, 	
0x26, 0x04, 0x26, 0x01, 0x12, 0x08, 0x24, 0x06, 	
0x00, 0x00, 0x6E, 0x6F, 0x6E, 0x2D, 0x61, 0x73, 	
0x73, 0x69, 0x73, 0x74, 0x61, 0x6E, 0x63, 0x65, 	
0x00, 0x26, 0x04, 0x26, 0x01, 0x1B, 0x08, 0x1B, 	
0x23, 0x0D, 0x1B, 0x00, 0x00, 0x6E, 0x6F, 0x6E, 	
0x2D, 0x65, 0x6E, 0x67, 0x61, 0x67, 0x65, 0x6D, 	
0x65, 0x6E, 0x74, 0x00, 0x26, 0x04, 0x26, 0x0D, 	
0x20, 0x01, 0x19, 0x25, 0x0D, 0x00, 0x00, 0x6E, 	
0x6F, 0x6E, 0x2D, 0x65, 0x78, 0x69, 0x73, 0x74, 	
0x65, 0x6E, 0x63, 0x65, 0x00, 0x26, 0x04, 0x26, 	
0x03, 0x20, 0x1D, 0x08, 0x1B, 0x23, 0x0D, 0x1B, 	
0x00, 0x00, 0x6E, 0x6F, 0x6E, 0x2D, 0x65, 0x78, 	
0xE9, 0x63, 0x75, 0x74, 0x69, 0x6F, 0x6E, 0x00, 	
0x26, 0x04, 0x26, 0x03, 0x20, 0x1D, 0x06, 0x21, 	
0x0C, 0x1B, 0x16, 0x0F, 0x00, 0x00, 0x6E, 0x6F, 	
0x6E, 0x2D, 0x69, 0x6E, 0x73, 0x63, 0x72, 0x69, 	
0x74, 0x00, 0x26, 0x04, 0x26, 0x0E, 0x1B, 0x21, 	
0x13, 0x08, 0x00, 0x00, 0x6E, 0x6F, 0x6E, 0x2D, 	
0x69, 0x6E, 0x73, 0x63, 0x72, 0x69, 0x74, 0x65, 	
0x00, 0x26, 0x04, 0x26, 0x0E, 0x1B, 0x21, 0x13, 	
0x08, 0x23, 0x00, 0x00, 0x6E, 0x6F, 0x6E, 0x2D, 	
0x69, 0x6E, 0x74, 0x65, 0x72, 0x76, 0x65, 0x6E, 	
0x74, 0x69, 0x6F, 0x6E, 0x00, 0x26, 0x04, 0x26, 	
0x0E, 0x23, 0x03, 0x13, 0x1C, 0x0D, 0x1B, 0x16, 	
0x0F, 0x00, 0x00, 0x6E, 0x6F, 0x6E, 0x2D, 0x69, 	
0x6E, 0x74, 0x65, 0x72, 0x76, 0x65, 0x6E, 0x74, 	
0x69, 0x6F, 0x6E, 0x6E, 0x69, 0x73, 0x74, 0x65, 	
0x00, 0x26, 0x04, 0x26, 0x0E, 0x23, 0x03, 0x13, 	
0x1C, 0x0D, 0x1B, 0x16, 0x04, 0x26, 0x08, 0x1B, 	
0x23, 0x00, 0x00, 0x6E, 0x6F, 0x6E, 0x2D, 0x72, 	
0x65, 0x63, 0x65, 0x76, 0x6F, 0x69, 0x72, 0x00, 	
0x26, 0x0F, 0x13, 0x05, 0x1B, 0x05, 0x1C, 0x14, 	
0x01, 0x13, 0x00, 0x00, 0x6E, 0x6F, 0x6E, 0x2D, 	
0x73, 0x74, 0x6F, 0x70, 0x00, 0x26, 0x04, 0x26, 	
0x1B, 0x23, 0x04, 0x22, 0x00, 0x00, 0x6E, 0x6F, 	
0x6E, 0x2D, 0x75, 0x73, 0x61, 0x67, 0x65, 0x00, 	
0x26, 0x04, 0x26, 0x0C, 0x1D, 0x01, 0x19, 0x00, 	
0x00, 0x6E, 0x6F, 0x6E, 0x2D, 0xEA, 0x74, 0x72, 	
0x65, 0x00, 0x26, 0x04, 0x26, 0x03, 0x23, 0x13, 	
0x00, 0x00, 0x6E, 0x75, 0x6E, 0x63, 0x68, 0x61, 	
0x6B, 0x75, 0x00, 0x26, 0x0B, 0x26, 0x17, 0x01, 	
0x21, 0x0B, 0x00, 0x00, 0x6E, 0x75, 0x6E, 0x63, 	
0x75, 0x70, 0x61, 0x74, 0x69, 0x66, 0x00, 0x26, 	
0x0F, 0x21, 0x0C, 0x22, 0x01, 0x23, 0x08, 0x18, 	
0x00, 0x00, 0x6E, 0x75, 0x6E, 0x63, 0x75, 0x70, 	
0x61, 0x74, 0x69, 0x6F, 0x6E, 0x00, 0x26, 0x0F, 	
0x21, 0x0C, 0x22, 0x02, 0x1B, 0x16, 0x0F, 0x00, 	
0x00, 0x6E, 0x75, 0x72, 0x73, 0x65, 0x00, 0x26, 	
0x0A, 0x13, 0x1B, 0x00, 0x00, 0x6E, 0x75, 0x72, 	
0x73, 0x65, 0x72, 0x79, 0x00, 0x26, 0x0A, 0x13, 	
0x1B, 0x05, 0x13, 0x08, 0x00, 0x00, 0x6E, 0xE9, 	
0x67, 0x72, 0x6F, 0x2D, 0x73, 0x70, 0x69, 0x72, 	
0x69, 0x74, 0x75, 0x61, 0x6C, 0x00, 0x26, 0x06, 	
0x20, 0x13, 0x09, 0x1B, 0x22, 0x08, 0x13, 0x08, 	
0x23, 0x15, 0x09, 0x12, 0x00, 0x00, 0x6E, 0xE9, 	
0x67, 0x75, 0x6E, 0x64, 0x6F, 0x00, 0x26, 0x06, 	
0x20, 0x0F, 0x1F, 0x09, 0x00, 0x00, 0x6E, 0xE9, 	
0x70, 0x65, 0x6E, 0x74, 0x68, 0xE8, 0x73, 0x00, 	
0x26, 0x06, 0x22, 0x0E, 0x23, 0x03, 0x1B, 0x00, 	
0x00, 0x6F, 0x00, 0x09, 0x00, 0x00, 0x6F, 0x2E, 	
0x6B, 0x2E, 0x00, 0x04, 0x21, 0x06, 0x00, 0x00, 	
0x6F, 0x2E, 0x6E, 0x2E, 0x75, 0x2E, 0x00, 0x04, 	
0x26, 0x0C, 0x00, 0x00, 0x4F, 0x2E, 0x50, 0x2E, 	
0x45, 0x2E, 0x00, 0x09, 0x22, 0x06, 0x07, 0x00, 	
0x00, 0x6F, 0x61, 0x72, 0x69, 0x73, 0x74, 0x79, 	
0x73, 0x00, 0x04, 0x01, 0x13, 0x08, 0x1B, 0x23, 	
0x08, 0x1B, 0x00, 0x00, 0x6F, 0x68, 0x6D, 0x6D, 	
0xE8, 0x74, 0x72, 0x65, 0x00, 0x09, 0x25, 0x25, 	
0x03, 0x23, 0x13, 0x00, 0x00, 0x6F, 0x69, 0x6C, 	
0x6C, 0x65, 0x00, 0x04, 0x16, 0x00, 0x00, 0x4F, 	
0x4C, 0x50, 0x00, 0x04, 0x03, 0x12, 0x22, 0x06, 	
0x00, 0x00, 0x6F, 0x6D, 0x62, 0x75, 0x64, 0x73, 	
0x6D, 0x61, 0x6E, 0x00, 0x04, 0x25, 0x1E, 0x0C, 	
0x1F, 0x1B, 0x25, 0x01, 0x26, 0x00, 0x00, 0x6F, 	
0x6E, 0x65, 0x2D, 0x73, 0x74, 0x65, 0x70, 0x00, 	
0x14, 0x01, 0x26, 0x1B, 0x23, 0x03, 0x22, 0x00, 	
0x00, 0x6F, 0x6E, 0x74, 0x6F, 0x67, 0x65, 0x6E, 	
0xE8, 0x73, 0x65, 0x00, 0x0F, 0x23, 0x04, 0x19, 	
0x05, 0x26, 0x03, 0x1D, 0x00, 0x00, 0x6F, 0x70, 	
0x68, 0x72, 0x79, 0x73, 0x00, 0x04, 0x18, 0x13, 	
0x08, 0x1B, 0x00, 0x00, 0x6F, 0x73, 0x00, 0x04, 	
0x1B, 0x00, 0x00, 0x6F, 0x73, 0x74, 0x72, 0x6F, 	
0x67, 0x6F, 0x74, 0x68, 0x00, 0x04, 0x1B, 0x23, 	
0x13, 0x04, 0x20, 0x09, 0x00, 0x00, 0x6F, 0x73, 	
0x74, 0xE9, 0x6F, 0x67, 0x65, 0x6E, 0xE8, 0x73, 	
0x65, 0x00, 0x04, 0x1B, 0x23, 0x06, 0x04, 0x19, 	
0x05, 0x26, 0x03, 0x1D, 0x00, 0x00, 0x6F, 0x75, 	
0x74, 0x00, 0x01, 0x14, 0x23, 0x00, 0x00, 0x6F, 	
0x75, 0x74, 0x6C, 0x61, 0x77, 0x00, 0x01, 0x14, 	
0x23, 0x12, 0x09, 0x00, 0x00, 0x6F, 0x75, 0x74, 	
0x70, 0x75, 0x74, 0x00, 0x01, 0x14, 0x23, 0x22, 	
0x0B, 0x23, 0x00, 0x00, 0x6F, 0x75, 0x74, 0x72, 	
0x69, 0x67, 0x67, 0x65, 0x72, 0x00, 0x01, 0x14, 	
0x23, 0x13, 0x08, 0x20, 0x0A, 0x13, 0x00, 0x00, 	
0x6F, 0x76, 0x65, 0x72, 0x64, 0x6F, 0x73, 0x65, 	
0x00, 0x04, 0x1C, 0x0A, 0x13, 0x1F, 0x09, 0x1D, 	
0x00, 0x00, 0x6F, 0x76, 0x6F, 0x67, 0x65, 0x6E, 	
0xE8, 0x73, 0x65, 0x00, 0x04, 0x1C, 0x04, 0x19, 	
0x05, 0x26, 0x03, 0x1D, 0x00, 0x00, 0x6F, 0x79, 	
0x61, 0x74, 0x00, 0x04, 0x16, 0x01, 0x00, 0x00, 	
0x70, 0x00, 0x22, 0x06, 0x00, 0x00, 0x70, 0x61, 	
0x63, 0x66, 0x75, 0x6E, 0x67, 0x00, 0x22, 0x01, 	
0x21, 0x18, 0x0F, 0x00, 0x00, 0x70, 0x61, 0x63, 	
0x68, 0x74, 0x6F, 0x00, 0x22, 0x01, 0x17, 0x23, 	
0x09, 0x00, 0x00, 0x70, 0x61, 0x63, 0x6B, 0x66, 	
0x75, 0x6E, 0x67, 0x00, 0x22, 0x01, 0x21, 0x18, 	
0x0F, 0x00, 0x00, 0x70, 0x61, 0x6C, 0x65, 0x2D, 	
0x61, 0x6C, 0x65, 0x00, 0x22, 0x03, 0x12, 0x03, 	
0x12, 0x00, 0x00, 0x70, 0x61, 0x6E, 0x61, 0x74, 	
0x65, 0x6C, 0x61, 0x00, 0x22, 0x01, 0x26, 0x01, 	
0x23, 0x06, 0x12, 0x01, 0x00, 0x00, 0x70, 0x61, 	
0x70, 0x65, 0x74, 0x65, 0x72, 0x69, 0x65, 0x00, 	
0x22, 0x01, 0x22, 0x06, 0x23, 0x13, 0x08, 0x00, 	
0x00, 0x70, 0x61, 0x72, 0x61, 0x63, 0x65, 0x6E, 	
0x74, 0xE8, 0x73, 0x65, 0x00, 0x22, 0x01, 0x13, 	
0x01, 0x1B, 0x0E, 0x23, 0x03, 0x1D, 0x00, 0x00, 	
0x70, 0x61, 0x72, 0x6B, 0x69, 0x6E, 0x73, 0x6F, 	
0x6E, 0x00, 0x22, 0x01, 0x13, 0x21, 0x08, 0x26, 	
0x1B, 0x04, 0x26, 0x00, 0x00, 0x70, 0x61, 0x72, 	
0x6B, 0x69, 0x6E, 0x73, 0x6F, 0x6E, 0x69, 0x65, 	
0x6E, 0x00, 0x22, 0x01, 0x13, 0x21, 0x08, 0x26, 	
0x1B, 0x04, 0x26, 0x16, 0x0E, 0x00, 0x00, 0x70, 	
0x61, 0x72, 0x6B, 0x69, 0x6E, 0x73, 0x6F, 0x6E, 	
0x69, 0x65, 0x6E, 0x6E, 0x65, 0x00, 0x22, 0x01, 	
0x13, 0x21, 0x08, 0x26, 0x1B, 0x04, 0x26, 0x16, 	
0x03, 0x26, 0x00, 0x00, 0x70, 0x61, 0x74, 0x63, 	
0x68, 0x77, 0x6F, 0x72, 0x6B, 0x00, 0x22, 0x01, 	
0x23, 0x17, 0x14, 0x0A, 0x13, 0x21, 0x00, 0x00, 	
0x70, 0x61, 0x74, 0x68, 0x6F, 0x67, 0x65, 0x6E, 	
0xE8, 0x73, 0x65, 0x00, 0x22, 0x01, 0x23, 0x04, 	
0x19, 0x05, 0x26, 0x03, 0x1D, 0x00, 0x00, 0x70, 	
0x61, 0x75, 0x6C, 0x6F, 0x77, 0x6E, 0x69, 0x61, 	
0x00, 0x22, 0x09, 0x12, 0x04, 0x26, 0x16, 0x01, 	
0x00, 0x00, 0x70, 0x65, 0x63, 0x68, 0x62, 0x6C, 	
0x65, 0x6E, 0x64, 0x65, 0x00, 0x22, 0x03, 0x17, 	
0x1E, 0x12, 0x0E, 0x1F, 0x00, 0x00, 0x70, 0x65, 	
0x64, 0x69, 0x67, 0x72, 0x65, 0x65, 0x00, 0x22, 	
0x06, 0x1F, 0x08, 0x20, 0x13, 0x06, 0x00, 0x00, 	
0x70, 0x65, 0x64, 0x7A, 0x6F, 0x75, 0x69, 0x6C, 	
0x6C, 0x65, 0x00, 0x22, 0x06, 0x1F, 0x1D, 0x0B, 	
0x16, 0x00, 0x00, 0x70, 0x65, 0x6C, 0x61, 0x67, 	
0x6F, 0x73, 0x00, 0x22, 0x06, 0x12, 0x01, 0x20, 	
0x04, 0x1B, 0x00, 0x00, 0x70, 0x65, 0x6D, 0x62, 	
0x69, 0x6E, 0x61, 0x00, 0x22, 0x0E, 0x1E, 0x08, 	
0x26, 0x01, 0x00, 0x00, 0x70, 0x65, 0x6E, 0x61, 	
0x6C, 0x74, 0x79, 0x00, 0x22, 0x06, 0x26, 0x01, 	
0x12, 0x23, 0x08, 0x00, 0x00, 0x70, 0x65, 0x6E, 	
0x69, 0x63, 0x69, 0x6C, 0x6C, 0x69, 0x75, 0x6D, 	
0x00, 0x22, 0x06, 0x26, 0x08, 0x1B, 0x08, 0x12, 	
0x16, 0x04, 0x25, 0x00, 0x00, 0x70, 0x65, 0x6E, 	
0x74, 0xE9, 0x64, 0xE9, 0x63, 0x61, 0x67, 0x6F, 	
0x6E, 0x65, 0x00, 0x22, 0x0E, 0x23, 0x06, 0x1F, 	
0x06, 0x21, 0x01, 0x20, 0x04, 0x26, 0x00, 0x00, 	
0x70, 0x65, 0x72, 0x63, 0x68, 0x6D, 0x61, 0x6E, 	
0x00, 0x22, 0x03, 0x13, 0x17, 0x25, 0x01, 0x26, 	
0x00, 0x00, 0x70, 0x65, 0x73, 0x65, 0x74, 0x61, 	
0x00, 0x22, 0x06, 0x1D, 0x06, 0x23, 0x01, 0x00, 	
0x00, 0x70, 0x65, 0x73, 0x6F, 0x00, 0x22, 0x06, 	
0x1D, 0x09, 0x00, 0x00, 0x70, 0x68, 0x79, 0x6C, 	
0x6C, 0x6F, 0x78, 0x65, 0x72, 0x61, 0x00, 0x18, 	
0x08, 0x12, 0x04, 0x21, 0x1B, 0x06, 0x13, 0x01, 	
0x00, 0x00, 0x70, 0x68, 0x79, 0x6C, 0x6F, 0x67, 	
0x65, 0x6E, 0xE8, 0x73, 0x65, 0x00, 0x18, 0x08, 	
0x12, 0x04, 0x19, 0x05, 0x26, 0x03, 0x1D, 0x00, 	
0x00, 0x70, 0x69, 0x61, 0x6E, 0x6F, 0x2D, 0x66, 	
0x6F, 0x72, 0x74, 0x65, 0x00, 0x22, 0x16, 0x01, 	
0x26, 0x04, 0x18, 0x04, 0x13, 0x23, 0x06, 0x00, 	
0x00, 0x70, 0x69, 0x63, 0x6B, 0x2D, 0x75, 0x70, 	
0x00, 0x22, 0x08, 0x21, 0x0A, 0x22, 0x00, 0x00, 	
0x70, 0x69, 0x63, 0x6B, 0x6C, 0x65, 0x73, 0x00, 	
0x22, 0x08, 0x21, 0x0A, 0x12, 0x1B, 0x00, 0x00, 	
0x70, 0x69, 0x65, 0x64, 0x2D, 0x64, 0x65, 0x2D, 	
0x72, 0x6F, 0x69, 0x00, 0x22, 0x16, 0x06, 0x1F, 	
0x05, 0x13, 0x14, 0x01, 0x00, 0x00, 0x70, 0x69, 	
0x65, 0x74, 0xE0, 0x00, 0x22, 0x16, 0x06, 0x23, 	
0x01, 0x00, 0x00, 0x70, 0x69, 0x6E, 0x2D, 0x75, 	
0x70, 0x00, 0x22, 0x08, 0x26, 0x0A, 0x22, 0x00, 	
0x00, 0x70, 0x69, 0x70, 0x65, 0x72, 0x2D, 0x63, 	
0x75, 0x62, 0x00, 0x22, 0x08, 0x22, 0x05, 0x13, 	
0x21, 0x0A, 0x1E, 0x00, 0x00, 0x70, 0x69, 0x70, 	
0x65, 0x72, 0x61, 0x64, 0x65, 0x00, 0x22, 0x08, 	
0x22, 0x05, 0x13, 0x01, 0x1F, 0x00, 0x00, 0x70, 	
0x69, 0x72, 0x61, 0x79, 0x61, 0x00, 0x22, 0x08, 	
0x13, 0x01, 0x16, 0x01, 0x00, 0x00, 0x70, 0x69, 	
0x74, 0x63, 0x68, 0x70, 0x69, 0x6E, 0x00, 0x22, 	
0x08, 0x23, 0x17, 0x22, 0x0E, 0x00, 0x00, 0x70, 	
0x69, 0x7A, 0x7A, 0x65, 0x72, 0x69, 0x61, 0x00, 	
0x22, 0x08, 0x1F, 0x1D, 0x06, 0x13, 0x16, 0x01, 	
0x00, 0x00, 0x70, 0x69, 0xFA, 0x00, 0x22, 0x16, 	
0x0B, 0x00, 0x00, 0x70, 0x6C, 0x61, 0x63, 0x65, 	
0x62, 0x6F, 0x00, 0x22, 0x12, 0x01, 0x1B, 0x06, 	
0x1E, 0x09, 0x00, 0x00, 0x70, 0x6C, 0x61, 0x6E, 	
0x73, 0x69, 0x63, 0x68, 0x74, 0x65, 0x72, 0x00, 	
0x22, 0x12, 0x0D, 0x1B, 0x08, 0x17, 0x23, 0x03, 	
0x13, 0x00, 0x00, 0x70, 0x6C, 0x65, 0x69, 0x6E, 	
0x2D, 0x65, 0x6D, 0x70, 0x6C, 0x6F, 0x69, 0x00, 	
0x22, 0x12, 0x03, 0x26, 0x0D, 0x22, 0x12, 0x14, 	
0x01, 0x00, 0x00, 0x70, 0x6C, 0x65, 0x6E, 0x75, 	
0x6D, 0x00, 0x22, 0x12, 0x06, 0x26, 0x04, 0x25, 	
0x00, 0x00, 0x70, 0x6C, 0x75, 0x6D, 0x2D, 0x63, 	
0x61, 0x6B, 0x65, 0x00, 0x22, 0x12, 0x0B, 0x25, 	
0x21, 0x03, 0x21, 0x00, 0x00, 0x70, 0x6C, 0x75, 	
0x6D, 0x2D, 0x70, 0x75, 0x64, 0x64, 0x69, 0x6E, 	
0x67, 0x00, 0x22, 0x12, 0x0B, 0x25, 0x22, 0x0B, 	
0x1F, 0x08, 0x27, 0x00, 0x00, 0x70, 0x6C, 0x75, 	
0x73, 0x2D, 0x71, 0x75, 0x65, 0x2D, 0x70, 0x61, 	
0x72, 0x66, 0x61, 0x69, 0x74, 0x00, 0x22, 0x12, 	
0x0C, 0x1B, 0x21, 0x05, 0x22, 0x01, 0x13, 0x18, 	
0x03, 0x00, 0x00, 0x70, 0x6F, 0x6D, 0x65, 0x72, 	
0x69, 0x75, 0x6D, 0x00, 0x22, 0x04, 0x25, 0x06, 	
0x13, 0x16, 0x04, 0x25, 0x00, 0x00, 0x70, 0x6F, 	
0x6E, 0x63, 0x68, 0x6F, 0x00, 0x22, 0x0F, 0x23, 	
0x17, 0x09, 0x00, 0x00, 0x70, 0x6F, 0x72, 0x63, 	
0x2D, 0xE9, 0x70, 0x69, 0x63, 0x00, 0x22, 0x04, 	
0x13, 0x21, 0x06, 0x22, 0x08, 0x21, 0x00, 0x00, 	
0x70, 0x6F, 0x72, 0x74, 0x65, 0x2D, 0x62, 0x61, 	
0x67, 0x61, 0x67, 0x65, 0x73, 0x00, 0x22, 0x04, 	
0x13, 0x23, 0x1E, 0x01, 0x20, 0x01, 0x19, 0x00, 	
0x00, 0x70, 0x6F, 0x72, 0x74, 0x65, 0x2D, 0x62, 	
0x61, 0x6C, 0x61, 0x69, 0x73, 0x00, 0x22, 0x04, 	
0x13, 0x23, 0x1E, 0x01, 0x12, 0x03, 0x00, 0x00, 	
0x70, 0x6F, 0x72, 0x74, 0x65, 0x2D, 0x62, 0x61, 	
0x6E, 0x6E, 0x69, 0xE8, 0x72, 0x65, 0x00, 0x22, 	
0x04, 0x13, 0x23, 0x1E, 0x01, 0x26, 0x16, 0x03, 	
0x13, 0x00, 0x00, 0x70, 0x6F, 0x72, 0x74, 0x65, 	
0x2D, 0x62, 0x61, 0xEF, 0x6F, 0x6E, 0x6E, 0x65, 	
0x74, 0x74, 0x65, 0x00, 0x22, 0x04, 0x13, 0x23, 	
0x1E, 0x01, 0x16, 0x04, 0x26, 0x03, 0x23, 0x00, 	
0x00, 0x70, 0x6F, 0x72, 0x74, 0x65, 0x2D, 0x62, 	
0x69, 0x6C, 0x6C, 0x65, 0x74, 0x73, 0x00, 0x22, 	
0x04, 0x13, 0x23, 0x1E, 0x08, 0x16, 0x03, 0x00, 	
0x00, 0x70, 0x6F, 0x72, 0x74, 0x65, 0x2D, 0x62, 	
0x6F, 0x6E, 0x68, 0x65, 0x75, 0x72, 0x00, 0x22, 	
0x04, 0x13, 0x23, 0x1E, 0x04, 0x26, 0x0A, 0x13, 	
0x00, 0x00, 0x70, 0x6F, 0x72, 0x74, 0x65, 0x2D, 	
0x62, 0x6F, 0x75, 0x71, 0x75, 0x65, 0x74, 0x00, 	
0x22, 0x04, 0x13, 0x23, 0x1E, 0x0B, 0x21, 0x03, 	
0x00, 0x00, 0x70, 0x6F, 0x72, 0x74, 0x65, 0x2D, 	
0x62, 0x6F, 0x75, 0x74, 0x65, 0x69, 0x6C, 0x6C, 	
0x65, 0x73, 0x00, 0x22, 0x04, 0x13, 0x23, 0x1E, 	
0x0B, 0x23, 0x03, 0x16, 0x00, 0x00, 0x70, 0x6F, 	
0x72, 0x74, 0x65, 0x2D, 0x62, 0xE9, 0x62, 0xE9, 	
0x00, 0x22, 0x04, 0x13, 0x23, 0x1E, 0x06, 0x1E, 	
0x06, 0x00, 0x00, 0x70, 0x6F, 0x72, 0x74, 0x65, 	
0x2D, 0x63, 0x68, 0x61, 0x70, 0x65, 0x61, 0x75, 	
0x78, 0x00, 0x22, 0x04, 0x13, 0x23, 0x17, 0x01, 	
0x22, 0x09, 0x00, 0x00, 0x70, 0x6F, 0x72, 0x74, 	
0x65, 0x2D, 0x63, 0x69, 0x67, 0x61, 0x72, 0x65, 	
0x73, 0x00, 0x22, 0x04, 0x13, 0x23, 0x1B, 0x08, 	
0x20, 0x01, 0x13, 0x00, 0x00, 0x70, 0x6F, 0x72, 	
0x74, 0x65, 0x2D, 0x63, 0x69, 0x67, 0x61, 0x72, 	
0x65, 0x74, 0x74, 0x65, 0x73, 0x00, 0x22, 0x04, 	
0x13, 0x23, 0x1B, 0x08, 0x20, 0x01, 0x13, 0x03, 	
0x23, 0x00, 0x00, 0x70, 0x6F, 0x72, 0x74, 0x65, 	
0x2D, 0x63, 0x6F, 0x6E, 0x74, 0x65, 0x6E, 0x65, 	
0x75, 0x72, 0x73, 0x00, 0x22, 0x04, 0x13, 0x23, 	
0x21, 0x0F, 0x23, 0x26, 0x0A, 0x13, 0x00, 0x00, 	
0x70, 0x6F, 0x72, 0x74, 0x65, 0x2D, 0x63, 0x6F, 	
0x70, 0x69, 0x65, 0x00, 0x22, 0x04, 0x13, 0x23, 	
0x21, 0x04, 0x22, 0x08, 0x00, 0x00, 0x70, 0x6F, 	
0x72, 0x74, 0x65, 0x2D, 0x63, 0x6F, 0x75, 0x74, 	
0x65, 0x61, 0x75, 0x00, 0x22, 0x04, 0x13, 0x23, 	
0x21, 0x0B, 0x23, 0x09, 0x00, 0x00, 0x70, 0x6F, 	
0x72, 0x74, 0x65, 0x2D, 0x63, 0x72, 0x61, 0x79, 	
0x6F, 0x6E, 0x00, 0x22, 0x04, 0x13, 0x23, 0x21, 	
0x13, 0x03, 0x16, 0x0F, 0x00, 0x00, 0x70, 0x6F, 	
0x72, 0x74, 0x65, 0x2D, 0x64, 0x6F, 0x63, 0x75, 	
0x6D, 0x65, 0x6E, 0x74, 0x73, 0x00, 0x22, 0x04, 	
0x13, 0x23, 0x1F, 0x04, 0x21, 0x0C, 0x25, 0x0D, 	
0x00, 0x00, 0x70, 0x6F, 0x72, 0x74, 0x65, 0x2D, 	
0x64, 0x72, 0x61, 0x70, 0x65, 0x61, 0x75, 0x00, 	
0x22, 0x04, 0x13, 0x23, 0x1F, 0x13, 0x01, 0x22, 	
0x09, 0x00, 0x00, 0x70, 0x6F, 0x72, 0x74, 0x65, 	
0x2D, 0x66, 0x61, 0x6E, 0x69, 0x6F, 0x6E, 0x00, 	
0x22, 0x04, 0x13, 0x23, 0x18, 0x01, 0x26, 0x16, 	
0x0F, 0x00, 0x00, 0x70, 0x6F, 0x72, 0x74, 0x65, 	
0x2D, 0x66, 0x65, 0x6E, 0xEA, 0x74, 0x72, 0x65, 	
0x00, 0x22, 0x04, 0x13, 0x23, 0x18, 0x05, 0x26, 	
0x03, 0x23, 0x13, 0x00, 0x00, 0x70, 0x6F, 0x72, 	
0x74, 0x65, 0x2D, 0x68, 0x61, 0x75, 0x62, 0x61, 	
0x6E, 0x00, 0x22, 0x04, 0x13, 0x23, 0x05, 0x09, 	
0x1E, 0x0D, 0x00, 0x00, 0x70, 0x6F, 0x72, 0x74, 	
0x65, 0x2D, 0x68, 0x61, 0x75, 0x62, 0x61, 0x6E, 	
0x73, 0x00, 0x22, 0x04, 0x13, 0x23, 0x05, 0x09, 	
0x1E, 0x0D, 0x00, 0x00, 0x70, 0x6F, 0x72, 0x74, 	
0x65, 0x2D, 0x6A, 0x61, 0x72, 0x72, 0x65, 0x74, 	
0x65, 0x6C, 0x6C, 0x65, 0x73, 0x00, 0x22, 0x04, 	
0x13, 0x23, 0x19, 0x01, 0x13, 0x23, 0x03, 0x12, 	
0x00, 0x00, 0x70, 0x6F, 0x72, 0x74, 0x65, 0x2D, 	
0x6D, 0x61, 0x6C, 0x68, 0x65, 0x75, 0x72, 0x00, 	
0x22, 0x04, 0x13, 0x23, 0x25, 0x01, 0x12, 0x0A, 	
0x13, 0x00, 0x00, 0x70, 0x6F, 0x72, 0x74, 0x65, 	
0x2D, 0x6D, 0x65, 0x6E, 0x75, 0x00, 0x22, 0x04, 	
0x13, 0x23, 0x25, 0x05, 0x26, 0x0C, 0x00, 0x00, 	
0x70, 0x6F, 0x72, 0x74, 0x65, 0x2D, 0x6D, 0x6F, 	
0x6E, 0x6E, 0x61, 0x69, 0x65, 0x00, 0x22, 0x04, 	
0x13, 0x23, 0x25, 0x04, 0x26, 0x03, 0x00, 0x00, 	
0x70, 0x6F, 0x72, 0x74, 0x65, 0x2D, 0x6D, 0x75, 	
0x73, 0x69, 0x71, 0x75, 0x65, 0x00, 0x22, 0x04, 	
0x13, 0x23, 0x25, 0x0C, 0x1D, 0x08, 0x21, 0x00, 	
0x00, 0x70, 0x6F, 0x72, 0x74, 0x65, 0x2D, 0x70, 	
0x61, 0x72, 0x61, 0x70, 0x6C, 0x75, 0x69, 0x65, 	
0x73, 0x00, 0x22, 0x04, 0x13, 0x23, 0x22, 0x01, 	
0x13, 0x01, 0x22, 0x12, 0x15, 0x08, 0x00, 0x00, 	
0x70, 0x6F, 0x72, 0x74, 0x65, 0x2D, 0x70, 0x61, 	
0x72, 0x6F, 0x6C, 0x65, 0x00, 0x22, 0x04, 0x13, 	
0x23, 0x22, 0x01, 0x13, 0x04, 0x12, 0x00, 0x00, 	
0x70, 0x6F, 0x72, 0x74, 0x65, 0x2D, 0x73, 0x61, 	
0x76, 0x6F, 0x6E, 0x00, 0x22, 0x04, 0x13, 0x23, 	
0x1B, 0x01, 0x1C, 0x0F, 0x00, 0x00, 0x70, 0x6F, 	
0x72, 0x74, 0x65, 0x2D, 0x73, 0x65, 0x72, 0x76, 	
0x69, 0x65, 0x74, 0x74, 0x65, 0x73, 0x00, 0x22, 	
0x04, 0x13, 0x23, 0x1B, 0x03, 0x13, 0x1C, 0x16, 	
0x03, 0x23, 0x00, 0x00, 0x70, 0x6F, 0x72, 0x74, 	
0x65, 0x6D, 0x61, 0x6E, 0x74, 0x65, 0x61, 0x75, 	
0x00, 0x22, 0x04, 0x13, 0x23, 0x25, 0x0D, 0x23, 	
0x09, 0x00, 0x00, 0x70, 0x6F, 0x73, 0x74, 0x65, 	
0x72, 0x69, 0x6F, 0x72, 0x69, 0x00, 0x22, 0x04, 	
0x1B, 0x23, 0x06, 0x13, 0x16, 0x04, 0x13, 0x08, 	
0x00, 0x00, 0x70, 0x6F, 0xEB, 0x6C, 0x65, 0x00, 	
0x22, 0x14, 0x01, 0x12, 0x00, 0x00, 0x70, 0x72, 	
0x69, 0x76, 0x61, 0x74, 0x2D, 0x64, 0x6F, 0x63, 	
0x65, 0x6E, 0x74, 0x00, 0x22, 0x13, 0x08, 0x1C, 	
0x01, 0x23, 0x1F, 0x04, 0x1B, 0x03, 0x26, 0x23, 	
0x00, 0x00, 0x70, 0x72, 0x69, 0x76, 0x61, 0x74, 	
0x2D, 0x64, 0x6F, 0x7A, 0x65, 0x6E, 0x74, 0x00, 	
0x22, 0x13, 0x08, 0x1C, 0x01, 0x23, 0x1F, 0x04, 	
0x23, 0x1B, 0x03, 0x26, 0x23, 0x00, 0x00, 0x50, 	
0x72, 0x6F, 0x66, 0x2E, 0x00, 0x22, 0x13, 0x04, 	
0x18, 0x03, 0x1B, 0x0A, 0x13, 0x00, 0x00, 0x70, 	
0x72, 0x6F, 0x66, 0x75, 0x6E, 0x64, 0x69, 0x73, 	
0x00, 0x22, 0x13, 0x04, 0x18, 0x0F, 0x1F, 0x08, 	
0x1B, 0x00, 0x00, 0x70, 0x72, 0x6F, 0x6D, 0x65, 	
0x6E, 0x6F, 0x69, 0x72, 0x00, 0x22, 0x13, 0x04, 	
0x25, 0x05, 0x26, 0x14, 0x01, 0x13, 0x00, 0x00, 	
0x70, 0x72, 0x6F, 0x6E, 0x75, 0x6E, 0x63, 0x69, 	
0x61, 0x6D, 0x69, 0x65, 0x6E, 0x74, 0x6F, 0x00, 	
0x22, 0x13, 0x04, 0x26, 0x0B, 0x26, 0x1B, 0x16, 	
0x01, 0x25, 0x16, 0x03, 0x26, 0x23, 0x09, 0x00, 	
0x00, 0x70, 0x72, 0x6F, 0x73, 0x63, 0x65, 0x6E, 	
0x69, 0x75, 0x6D, 0x00, 0x22, 0x13, 0x04, 0x1B, 	
0x06, 0x26, 0x16, 0x04, 0x25, 0x00, 0x00, 0x70, 	
0x73, 0x63, 0x68, 0x65, 0x6E, 0x74, 0x00, 0x22, 	
0x1B, 0x21, 0x03, 0x26, 0x23, 0x00, 0x00, 0x70, 	
0x75, 0x64, 0x64, 0x69, 0x6E, 0x67, 0x00, 0x22, 	
0x0B, 0x1F, 0x08, 0x27, 0x00, 0x00, 0x70, 0x75, 	
0x6C, 0x6C, 0x6D, 0x61, 0x6E, 0x00, 0x22, 0x0B, 	
0x12, 0x25, 0x01, 0x26, 0x00, 0x00, 0x70, 0x75, 	
0x6C, 0x71, 0x75, 0x65, 0x00, 0x22, 0x0B, 0x12, 	
0x21, 0x06, 0x00, 0x00, 0x70, 0x75, 0x6E, 0x63, 	
0x68, 0x00, 0x22, 0x0F, 0x17, 0x00, 0x00, 0x70, 	
0x75, 0x6E, 0x63, 0x68, 0x65, 0x75, 0x72, 0x00, 	
0x22, 0x0A, 0x26, 0x17, 0x0A, 0x13, 0x00, 0x00, 	
0x70, 0x75, 0x6E, 0x63, 0x68, 0x69, 0x6E, 0x67, 	
0x2D, 0x62, 0x61, 0x6C, 0x6C, 0x00, 0x22, 0x0A, 	
0x26, 0x17, 0x08, 0x27, 0x1E, 0x09, 0x12, 0x00, 	
0x00, 0x70, 0x75, 0x6E, 0x6B, 0x00, 0x22, 0x0A, 	
0x26, 0x21, 0x00, 0x00, 0x70, 0x75, 0x6E, 0x74, 	
0x61, 0x72, 0x65, 0x6C, 0x6C, 0x65, 0x00, 0x22, 	
0x0F, 0x23, 0x01, 0x13, 0x03, 0x12, 0x00, 0x00, 	
0x70, 0x75, 0x6E, 0x74, 0x69, 0x6C, 0x6C, 0x65, 	
0x72, 0x6F, 0x00, 0x22, 0x0B, 0x26, 0x23, 0x08, 	
0x16, 0x06, 0x13, 0x09, 0x00, 0x00, 0x70, 0x75, 	
0x70, 0x61, 0x7A, 0x7A, 0x69, 0x00, 0x22, 0x0B, 	
0x22, 0x01, 0x1F, 0x1D, 0x08, 0x00, 0x00, 0x70, 	
0x75, 0x70, 0x61, 0x7A, 0x7A, 0x6F, 0x00, 0x22, 	
0x0B, 0x22, 0x01, 0x1F, 0x1D, 0x09, 0x00, 0x00, 	
0x70, 0x75, 0x73, 0x65, 0x79, 0x69, 0x73, 0x6D, 	
0x65, 0x00, 0x22, 0x0C, 0x1D, 0x06, 0x08, 0x1B, 	
0x25, 0x00, 0x00, 0x70, 0x75, 0x73, 0x68, 0x2D, 	
0x70, 0x75, 0x6C, 0x6C, 0x00, 0x22, 0x0B, 0x17, 	
0x22, 0x0B, 0x12, 0x00, 0x00, 0x70, 0x75, 0x74, 	
0x73, 0x63, 0x68, 0x00, 0x22, 0x0B, 0x23, 0x17, 	
0x00, 0x00, 0x70, 0x75, 0x74, 0x73, 0x63, 0x68, 	
0x69, 0x73, 0x74, 0x65, 0x00, 0x22, 0x0B, 0x23, 	
0x17, 0x08, 0x1B, 0x23, 0x00, 0x00, 0x70, 0x75, 	
0x7A, 0x7A, 0x6C, 0x65, 0x00, 0x22, 0x0A, 0x1D, 	
0x12, 0x00, 0x00, 0x70, 0xE9, 0x62, 0x72, 0x6F, 	
0x63, 0x00, 0x22, 0x06, 0x1E, 0x13, 0x04, 0x21, 	
0x00, 0x00, 0x70, 0xE9, 0x64, 0x6F, 0x67, 0x65, 	
0x6E, 0xE8, 0x73, 0x65, 0x00, 0x22, 0x06, 0x1F, 	
0x09, 0x19, 0x05, 0x26, 0x03, 0x1D, 0x00, 0x00, 	
0x70, 0xE9, 0x6C, 0x61, 0x73, 0x67, 0x69, 0x65, 	
0x6E, 0x00, 0x22, 0x06, 0x12, 0x01, 0x19, 0x16, 	
0x0E, 0x00, 0x00, 0x70, 0xE9, 0x6C, 0x61, 0x73, 	
0x67, 0x69, 0x71, 0x75, 0x65, 0x00, 0x22, 0x06, 	
0x12, 0x01, 0x19, 0x08, 0x21, 0x00, 0x00, 0x71, 	
0x00, 0x21, 0x0C, 0x00, 0x00, 0x71, 0x75, 0x27, 	
0x65, 0x6E, 0x2D, 0x64, 0x69, 0x72, 0x61, 0x2D, 	
0x74, 0x2D, 0x6F, 0x6E, 0x00, 0x21, 0x0D, 0x1F, 	
0x08, 0x13, 0x01, 0x23, 0x0F, 0x00, 0x00, 0x71, 	
0x75, 0x27, 0x65, 0x73, 0x74, 0x2D, 0x63, 0x65, 	
0x00, 0x21, 0x03, 0x1B, 0x00, 0x00, 0x71, 0x75, 	
0x61, 0x64, 0x72, 0x61, 0x6E, 0x74, 0x00, 0x21, 	
0x01, 0x1F, 0x13, 0x0D, 0x00, 0x00, 0x71, 0x75, 	
0x61, 0x64, 0x72, 0x69, 0x67, 0x65, 0x00, 0x21, 	
0x01, 0x1F, 0x13, 0x08, 0x19, 0x00, 0x00, 0x71, 	
0x75, 0x61, 0x64, 0x72, 0x69, 0x6C, 0x61, 0x74, 	
0xE8, 0x72, 0x65, 0x00, 0x21, 0x01, 0x1F, 0x13, 	
0x08, 0x12, 0x01, 0x23, 0x03, 0x13, 0x00, 0x00, 	
0x71, 0x75, 0x61, 0x64, 0x72, 0x69, 0x6C, 0x6C, 	
0x61, 0x67, 0x65, 0x00, 0x21, 0x01, 0x1F, 0x13, 	
0x08, 0x16, 0x01, 0x19, 0x00, 0x00, 0x71, 0x75, 	
0x61, 0x64, 0x72, 0x69, 0x6C, 0x6C, 0x65, 0x00, 	
0x21, 0x01, 0x1F, 0x13, 0x08, 0x16, 0x00, 0x00, 	
0x71, 0x75, 0x61, 0x64, 0x72, 0x69, 0x6C, 0x6C, 	
0x65, 0x72, 0x00, 0x21, 0x01, 0x1F, 0x13, 0x08, 	
0x16, 0x06, 0x00, 0x00, 0x71, 0x75, 0x61, 0x64, 	
0x72, 0x69, 0x6C, 0x6C, 0x69, 0x6F, 0x6E, 0x00, 	
0x21, 0x14, 0x01, 0x1F, 0x13, 0x08, 0x12, 0x16, 	
0x0F, 0x00, 0x00, 0x71, 0x75, 0x61, 0x64, 0x72, 	
0x69, 0x6C, 0x6C, 0xE9, 0x00, 0x21, 0x01, 0x1F, 	
0x13, 0x08, 0x16, 0x06, 0x00, 0x00, 0x71, 0x75, 	
0x61, 0x64, 0x72, 0x69, 0x6C, 0x6C, 0xE9, 0x65, 	
0x00, 0x21, 0x01, 0x1F, 0x13, 0x08, 0x16, 0x06, 	
0x00, 0x00, 0x71, 0x75, 0x61, 0x64, 0x72, 0x69, 	
0x6D, 0x65, 0x73, 0x74, 0x72, 0x65, 0x00, 0x21, 	
0x01, 0x1F, 0x13, 0x08, 0x25, 0x03, 0x1B, 0x23, 	
0x13, 0x00, 0x00, 0x71, 0x75, 0x61, 0x64, 0x72, 	
0x69, 0x6D, 0x6F, 0x74, 0x65, 0x75, 0x72, 0x00, 	
0x21, 0x01, 0x1F, 0x13, 0x08, 0x25, 0x04, 0x23, 	
0x0A, 0x13, 0x00, 0x00, 0x71, 0x75, 0x61, 0x64, 	
0x72, 0x69, 0x72, 0xE9, 0x61, 0x63, 0x74, 0x65, 	
0x75, 0x72, 0x00, 0x21, 0x01, 0x1F, 0x13, 0x08, 	
0x13, 0x06, 0x01, 0x21, 0x23, 0x0A, 0x13, 0x00, 	
0x00, 0x71, 0x75, 0x61, 0x64, 0x72, 0x75, 0x6D, 	
0x61, 0x6E, 0x65, 0x00, 0x21, 0x01, 0x1F, 0x13, 	
0x0C, 0x25, 0x01, 0x26, 0x00, 0x00, 0x71, 0x75, 	
0x61, 0x64, 0x72, 0x75, 0x70, 0x6C, 0x65, 0x00, 	
0x21, 0x01, 0x1F, 0x13, 0x0C, 0x22, 0x12, 0x00, 	
0x00, 0x71, 0x75, 0x61, 0x64, 0x72, 0x75, 0x70, 	
0x6C, 0x65, 0x72, 0x00, 0x21, 0x01, 0x1F, 0x13, 	
0x0C, 0x22, 0x12, 0x06, 0x00, 0x00, 0x71, 0x75, 	
0x61, 0x64, 0x72, 0x75, 0x70, 0x6C, 0x65, 0x78, 	
0x00, 0x21, 0x01, 0x1F, 0x13, 0x0C, 0x22, 0x12, 	
0x03, 0x21, 0x1B, 0x00, 0x00, 0x71, 0x75, 0x61, 	
0x64, 0x72, 0x75, 0x70, 0x6C, 0xE9, 0x65, 0x73, 	
0x00, 0x21, 0x01, 0x1F, 0x13, 0x0C, 0x22, 0x12, 	
0x06, 0x00, 0x00, 0x71, 0x75, 0x61, 0x64, 0x72, 	
0x75, 0x70, 0x6C, 0xE9, 0x73, 0x00, 0x21, 0x01, 	
0x1F, 0x13, 0x0C, 0x22, 0x12, 0x06, 0x00, 0x00, 	
0x71, 0x75, 0x61, 0x64, 0x72, 0x75, 0x70, 0xE8, 	
0x64, 0x65, 0x00, 0x21, 0x01, 0x1F, 0x13, 0x0C, 	
0x22, 0x03, 0x1F, 0x00, 0x00, 0x71, 0x75, 0x61, 	
0x6B, 0x65, 0x72, 0x00, 0x21, 0x14, 0x03, 0x21, 	
0x0A, 0x13, 0x00, 0x00, 0x71, 0x75, 0x61, 0x6B, 	
0x65, 0x72, 0x65, 0x73, 0x73, 0x65, 0x00, 0x21, 	
0x14, 0x03, 0x21, 0x13, 0x03, 0x1B, 0x00, 0x00, 	
0x71, 0x75, 0x61, 0x6B, 0x65, 0x72, 0x69, 0x73, 	
0x6D, 0x65, 0x00, 0x21, 0x14, 0x03, 0x21, 0x0A, 	
0x13, 0x08, 0x1B, 0x25, 0x00, 0x00, 0x71, 0x75, 	
0x61, 0x6E, 0x74, 0x00, 0x21, 0x0D, 0x23, 0x00, 	
0x00, 0x71, 0x75, 0x61, 0x6E, 0x74, 0x61, 0x00, 	
0x21, 0x14, 0x0D, 0x23, 0x01, 0x00, 0x00, 0x71, 	
0x75, 0x61, 0x6E, 0x74, 0x75, 0x6D, 0x00, 0x21, 	
0x14, 0x0D, 0x23, 0x04, 0x25, 0x00, 0x00, 0x71, 	
0x75, 0x61, 0x72, 0x6B, 0x00, 0x21, 0x14, 0x01, 	
0x13, 0x21, 0x00, 0x00, 0x71, 0x75, 0x61, 0x72, 	
0x74, 0x65, 0x00, 0x21, 0x01, 0x13, 0x23, 0x00, 	
0x00, 0x71, 0x75, 0x61, 0x72, 0x74, 0x65, 0x66, 	
0x65, 0x75, 0x69, 0x6C, 0x6C, 0x65, 0x00, 0x21, 	
0x01, 0x13, 0x23, 0x05, 0x18, 0x0A, 0x16, 0x00, 	
0x00, 0x71, 0x75, 0x61, 0x72, 0x74, 0x65, 0x6C, 	
0x65, 0x74, 0x74, 0x65, 0x00, 0x21, 0x01, 0x13, 	
0x23, 0x05, 0x12, 0x03, 0x23, 0x00, 0x00, 0x71, 	
0x75, 0x61, 0x72, 0x74, 0x65, 0x6E, 0x69, 0x65, 	
0x72, 0x00, 0x21, 0x01, 0x13, 0x23, 0x05, 0x26, 	
0x16, 0x06, 0x00, 0x00, 0x71, 0x75, 0x61, 0x72, 	
0x74, 0x65, 0x72, 0x6F, 0x6E, 0x00, 0x21, 0x01, 	
0x13, 0x23, 0x05, 0x13, 0x0F, 0x00, 0x00, 0x71, 	
0x75, 0x61, 0x72, 0x74, 0x65, 0x72, 0x6F, 0x6E, 	
0x6E, 0x65, 0x00, 0x21, 0x01, 0x13, 0x23, 0x05, 	
0x13, 0x04, 0x26, 0x00, 0x00, 0x71, 0x75, 0x61, 	
0x72, 0x74, 0x69, 0x64, 0x69, 0x00, 0x21, 0x14, 	
0x01, 0x13, 0x23, 0x08, 0x1F, 0x08, 0x00, 0x00, 	
0x71, 0x75, 0x61, 0x72, 0x74, 0x69, 0x6C, 0x61, 	
0x67, 0x65, 0x00, 0x21, 0x14, 0x01, 0x13, 0x23, 	
0x08, 0x12, 0x01, 0x19, 0x00, 0x00, 0x71, 0x75, 	
0x61, 0x72, 0x74, 0x69, 0x6C, 0x65, 0x00, 0x21, 	
0x14, 0x01, 0x13, 0x23, 0x08, 0x12, 0x00, 0x00, 	
0x71, 0x75, 0x61, 0x72, 0x74, 0x6F, 0x00, 0x21, 	
0x14, 0x01, 0x13, 0x23, 0x09, 0x00, 0x00, 0x71, 	
0x75, 0x61, 0x73, 0x73, 0x69, 0x61, 0x00, 0x21, 	
0x14, 0x01, 0x1B, 0x16, 0x01, 0x00, 0x00, 0x71, 	
0x75, 0x61, 0x73, 0x73, 0x69, 0x65, 0x72, 0x00, 	
0x21, 0x14, 0x01, 0x1B, 0x16, 0x06, 0x00, 0x00, 	
0x71, 0x75, 0x61, 0x73, 0x73, 0x69, 0x6E, 0x65, 	
0x00, 0x21, 0x14, 0x01, 0x1B, 0x08, 0x26, 0x00, 	
0x00, 0x71, 0x75, 0x61, 0x74, 0x72, 0x65, 0x2D, 	
0x63, 0x65, 0x6E, 0x74, 0x2D, 0x76, 0x69, 0x6E, 	
0x67, 0x74, 0x2D, 0x65, 0x74, 0x2D, 0x75, 0x6E, 	
0x00, 0x21, 0x01, 0x23, 0x05, 0x1B, 0x0D, 0x1C, 	
0x0E, 0x23, 0x06, 0x10, 0x00, 0x00, 0x71, 0x75, 	
0x61, 0x74, 0x72, 0x65, 0x2D, 0x68, 0x75, 0x69, 	
0x74, 0x00, 0x21, 0x01, 0x23, 0x13, 0x05, 0x15, 	
0x08, 0x23, 0x00, 0x00, 0x71, 0x75, 0x61, 0x74, 	
0x72, 0x69, 0x6C, 0x6C, 0x69, 0x6F, 0x6E, 0x00, 	
0x21, 0x01, 0x23, 0x13, 0x08, 0x12, 0x16, 0x0F, 	
0x00, 0x00, 0x71, 0x75, 0x61, 0x74, 0x74, 0x72, 	
0x6F, 0x63, 0x65, 0x6E, 0x74, 0x6F, 0x00, 0x21, 	
0x14, 0x01, 0x23, 0x13, 0x04, 0x23, 0x17, 0x03, 	
0x26, 0x23, 0x09, 0x00, 0x00, 0x71, 0x75, 0x61, 	
0x74, 0x75, 0x6F, 0x72, 0x00, 0x21, 0x14, 0x01, 	
0x23, 0x15, 0x04, 0x13, 0x00, 0x00, 0x71, 0x75, 	
0x65, 0x62, 0x72, 0x61, 0x63, 0x68, 0x6F, 0x00, 	
0x21, 0x06, 0x1E, 0x13, 0x01, 0x23, 0x17, 0x09, 	
0x00, 0x00, 0x71, 0x75, 0x65, 0x74, 0x73, 0x63, 	
0x68, 0x65, 0x00, 0x21, 0x14, 0x03, 0x23, 0x17, 	
0x00, 0x00, 0x71, 0x75, 0x69, 0x61, 0x00, 0x21, 	
0x15, 0x08, 0x16, 0x01, 0x00, 0x00, 0x71, 0x75, 	
0x69, 0x64, 0x64, 0x69, 0x74, 0xE9, 0x00, 0x21, 	
0x15, 0x08, 0x1F, 0x08, 0x23, 0x06, 0x00, 0x00, 	
0x71, 0x75, 0x69, 0x6E, 0x64, 0xE9, 0x63, 0x69, 	
0x6D, 0x76, 0x69, 0x72, 0x00, 0x21, 0x15, 0x0E, 	
0x1F, 0x06, 0x1B, 0x08, 0x25, 0x1C, 0x08, 0x13, 	
0x00, 0x00, 0x71, 0x75, 0x69, 0x6E, 0x74, 0x69, 	
0x64, 0x69, 0x00, 0x21, 0x0E, 0x23, 0x08, 0x1F, 	
0x08, 0x00, 0x00, 0x71, 0x75, 0x69, 0x6E, 0x74, 	
0x69, 0x6C, 0x6C, 0x69, 0x6F, 0x6E, 0x00, 0x21, 	
0x0E, 0x23, 0x08, 0x12, 0x16, 0x0F, 0x00, 0x00, 	
0x71, 0x75, 0x69, 0x6E, 0x74, 0x6F, 0x00, 0x21, 	
0x15, 0x0E, 0x23, 0x09, 0x00, 0x00, 0x71, 0x75, 	
0x69, 0x72, 0x69, 0x74, 0x65, 0x00, 0x21, 0x15, 	
0x08, 0x13, 0x08, 0x23, 0x00, 0x00, 0x71, 0x75, 	
0x69, 0x73, 0x63, 0x61, 0x6C, 0x65, 0x00, 0x21, 	
0x15, 0x08, 0x1B, 0x21, 0x01, 0x12, 0x00, 0x00, 	
0x72, 0x00, 0x03, 0x13, 0x00, 0x00, 0x72, 0x61, 	
0x64, 0x6F, 0x75, 0x62, 0x00, 0x13, 0x01, 0x1F, 	
0x0B, 0x00, 0x00, 0x72, 0x61, 0x66, 0x66, 0x6C, 	
0x65, 0x73, 0x69, 0x61, 0x00, 0x13, 0x01, 0x18, 	
0x12, 0x06, 0x1D, 0x16, 0x01, 0x00, 0x00, 0x72, 	
0x61, 0x67, 0x2D, 0x74, 0x69, 0x6D, 0x65, 0x00, 	
0x13, 0x01, 0x20, 0x23, 0x01, 0x16, 0x25, 0x00, 	
0x00, 0x72, 0x61, 0x6E, 0x63, 0x68, 0x00, 0x13, 	
0x0D, 0x23, 0x17, 0x00, 0x00, 0x72, 0x61, 0x6E, 	
0x63, 0x68, 0x6F, 0x00, 0x13, 0x0D, 0x23, 0x17, 	
0x09, 0x00, 0x00, 0x72, 0x61, 0x73, 0x00, 0x13, 	
0x02, 0x00, 0x00, 0x72, 0x61, 0x75, 0x77, 0x6F, 	
0x6C, 0x66, 0x69, 0x61, 0x00, 0x13, 0x09, 0x1C, 	
0x04, 0x12, 0x18, 0x16, 0x01, 0x00, 0x00, 0x72, 	
0x65, 0x63, 0x65, 0x70, 0x61, 0x67, 0x65, 0x00, 	
0x13, 0x05, 0x1B, 0x05, 0x22, 0x01, 0x19, 0x00, 	
0x00, 0x72, 0x65, 0x63, 0x65, 0x70, 0x65, 0x72, 	
0x00, 0x13, 0x05, 0x1B, 0x05, 0x22, 0x06, 0x00, 	
0x00, 0x72, 0x65, 0x63, 0x65, 0x70, 0xE9, 0x65, 	
0x00, 0x13, 0x05, 0x1B, 0x05, 0x22, 0x06, 0x00, 	
0x00, 0x72, 0x65, 0x63, 0x68, 0x72, 0x69, 0x73, 	
0x74, 0x69, 0x61, 0x6E, 0x69, 0x73, 0x65, 0x72, 	
0x00, 0x13, 0x05, 0x21, 0x13, 0x08, 0x1B, 0x23, 	
0x16, 0x01, 0x26, 0x08, 0x1D, 0x06, 0x00, 0x00, 	
0x72, 0x65, 0x63, 0x6C, 0x61, 0x73, 0x73, 0x65, 	
0x6D, 0x65, 0x6E, 0x74, 0x00, 0x13, 0x05, 0x21, 	
0x12, 0x02, 0x1B, 0x25, 0x0D, 0x00, 0x00, 0x72, 	
0x65, 0x63, 0x6C, 0x61, 0x73, 0x73, 0x65, 0x72, 	
0x00, 0x13, 0x05, 0x21, 0x12, 0x02, 0x1B, 0x06, 	
0x00, 0x00, 0x72, 0x65, 0x63, 0x6C, 0x6F, 0x75, 	
0x65, 0x72, 0x00, 0x13, 0x05, 0x21, 0x12, 0x0B, 	
0x06, 0x00, 0x00, 0x72, 0x65, 0x63, 0x6C, 0x75, 	
0x73, 0x00, 0x13, 0x05, 0x21, 0x12, 0x0C, 0x00, 	
0x00, 0x72, 0x65, 0x63, 0x6C, 0x75, 0x73, 0x65, 	
0x00, 0x13, 0x05, 0x21, 0x12, 0x0C, 0x1D, 0x00, 	
0x00, 0x72, 0x65, 0x66, 0x65, 0x72, 0x65, 0x6E, 	
0x64, 0x75, 0x6D, 0x00, 0x13, 0x06, 0x18, 0x06, 	
0x13, 0x0E, 0x1F, 0x04, 0x25, 0x00, 0x00, 0x72, 	
0x65, 0x66, 0x6C, 0x65, 0x78, 0x00, 0x13, 0x06, 	
0x18, 0x12, 0x03, 0x21, 0x1B, 0x00, 0x00, 0x72, 	
0x65, 0x67, 0x67, 0x61, 0x65, 0x00, 0x13, 0x06, 	
0x20, 0x06, 0x00, 0x00, 0x72, 0x65, 0x69, 0x63, 	
0x68, 0x73, 0x6D, 0x61, 0x72, 0x6B, 0x00, 0x13, 	
0x01, 0x16, 0x17, 0x25, 0x01, 0x13, 0x21, 0x00, 	
0x00, 0x72, 0x65, 0x69, 0x63, 0x68, 0x73, 0x74, 	
0x61, 0x67, 0x00, 0x13, 0x01, 0x16, 0x17, 0x23, 	
0x01, 0x20, 0x00, 0x00, 0x72, 0x65, 0x69, 0x73, 	
0x00, 0x13, 0x03, 0x16, 0x1B, 0x00, 0x00, 0x72, 	
0x65, 0x6D, 0x61, 0x6B, 0x65, 0x00, 0x13, 0x08, 	
0x25, 0x03, 0x21, 0x00, 0x00, 0x72, 0x65, 0x70, 	
0x72, 0x69, 0x6E, 0x74, 0x00, 0x13, 0x05, 0x22, 	
0x13, 0x08, 0x26, 0x23, 0x00, 0x00, 0x72, 0x65, 	
0x71, 0x75, 0x69, 0x65, 0x6D, 0x00, 0x13, 0x06, 	
0x21, 0x15, 0x08, 0x16, 0x03, 0x25, 0x00, 0x00, 	
0x72, 0x65, 0x74, 0x72, 0x69, 0x65, 0x76, 0x65, 	
0x72, 0x00, 0x13, 0x06, 0x23, 0x13, 0x08, 0x1C, 	
0x0A, 0x13, 0x00, 0x00, 0x72, 0x65, 0x76, 0x6F, 	
0x6C, 0x76, 0x65, 0x72, 0x00, 0x13, 0x06, 0x1C, 	
0x04, 0x12, 0x1C, 0x03, 0x13, 0x00, 0x00, 0x72, 	
0x65, 0x76, 0x6F, 0x6C, 0x76, 0xE9, 0x72, 0x69, 	
0x73, 0x65, 0x72, 0x00, 0x13, 0x06, 0x1C, 0x04, 	
0x12, 0x1C, 0x06, 0x13, 0x08, 0x1D, 0x06, 0x00, 	
0x00, 0x72, 0x65, 0xEE, 0x74, 0x72, 0x65, 0x00, 	
0x13, 0x03, 0x23, 0x13, 0x00, 0x00, 0x72, 0x68, 	
0x75, 0x6D, 0x62, 0x00, 0x13, 0x0F, 0x1E, 0x00, 	
0x00, 0x72, 0x68, 0x75, 0x6D, 0x65, 0x72, 0x00, 	
0x13, 0x04, 0x25, 0x06, 0x00, 0x00, 0x72, 0x68, 	
0x75, 0x6D, 0x65, 0x72, 0x69, 0x65, 0x00, 0x13, 	
0x04, 0x25, 0x13, 0x08, 0x00, 0x00, 0x72, 0x69, 	
0x65, 0x73, 0x6C, 0x69, 0x6E, 0x67, 0x00, 0x13, 	
0x08, 0x1B, 0x12, 0x08, 0x27, 0x00, 0x00, 0x72, 	
0x69, 0x6E, 0x66, 0x6F, 0x72, 0x7A, 0x61, 0x6E, 	
0x64, 0x6F, 0x00, 0x13, 0x08, 0x26, 0x18, 0x04, 	
0x13, 0x1F, 0x1D, 0x01, 0x26, 0x1F, 0x09, 0x00, 	
0x00, 0x72, 0x69, 0x70, 0x69, 0x65, 0x6E, 0x6F, 	
0x00, 0x13, 0x08, 0x22, 0x16, 0x03, 0x26, 0x09, 	
0x00, 0x00, 0x72, 0x69, 0x70, 0x70, 0x6C, 0x65, 	
0x2D, 0x6D, 0x61, 0x72, 0x6B, 0x00, 0x13, 0x08, 	
0x22, 0x05, 0x12, 0x25, 0x02, 0x13, 0x21, 0x00, 	
0x00, 0x72, 0x69, 0x73, 0x71, 0x75, 0x65, 0x2D, 	
0x74, 0x6F, 0x75, 0x74, 0x00, 0x13, 0x08, 0x1B, 	
0x21, 0x05, 0x23, 0x0B, 0x00, 0x00, 0x72, 0x6F, 	
0x61, 0x64, 0x73, 0x74, 0x65, 0x72, 0x00, 0x13, 	
0x09, 0x1F, 0x1B, 0x23, 0x03, 0x13, 0x00, 0x00, 	
0x72, 0x6F, 0x62, 0x69, 0x6E, 0x65, 0x74, 0x69, 	
0x65, 0x72, 0x00, 0x13, 0x04, 0x1E, 0x08, 0x26, 	
0x05, 0x23, 0x16, 0x06, 0x00, 0x00, 0x72, 0x6F, 	
0x6D, 0x61, 0x6E, 0x63, 0x65, 0x72, 0x6F, 0x00, 	
0x13, 0x04, 0x25, 0x0D, 0x1B, 0x06, 0x13, 0x09, 	
0x00, 0x00, 0x52, 0x6F, 0x6D, 0x65, 0x00, 0x13, 	
0x04, 0x25, 0x00, 0x00, 0x72, 0x6F, 0x6D, 0x73, 	
0x74, 0x65, 0x63, 0x6B, 0x00, 0x13, 0x04, 0x25, 	
0x1B, 0x23, 0x03, 0x21, 0x00, 0x00, 0x72, 0x6F, 	
0x79, 0x00, 0x13, 0x14, 0x01, 0x00, 0x00, 0x72, 	
0x75, 0x62, 0x61, 0x74, 0x6F, 0x00, 0x13, 0x0B, 	
0x1E, 0x01, 0x23, 0x09, 0x00, 0x00, 0x72, 0x75, 	
0x6D, 0x62, 0x00, 0x13, 0x0F, 0x1E, 0x00, 0x00, 	
0x72, 0x75, 0x6D, 0x62, 0x61, 0x00, 0x13, 0x0B, 	
0x25, 0x1E, 0x01, 0x00, 0x00, 0x72, 0x75, 0x6E, 	
0x61, 0x62, 0x6F, 0x75, 0x74, 0x00, 0x13, 0x0A, 	
0x26, 0x01, 0x1E, 0x01, 0x14, 0x23, 0x00, 0x00, 	
0x72, 0x75, 0x6F, 0x6C, 0x7A, 0x00, 0x13, 0x15, 	
0x04, 0x12, 0x1B, 0x00, 0x00, 0x72, 0x75, 0x73, 	
0x68, 0x00, 0x13, 0x0A, 0x17, 0x00, 0x00, 0x72, 	
0x75, 0x74, 0x00, 0x13, 0x0C, 0x23, 0x00, 0x00, 	
0x72, 0x79, 0x65, 0x00, 0x13, 0x01, 0x16, 0x00, 	
0x00, 0x72, 0xE9, 0x64, 0x6F, 0x77, 0x61, 0x00, 	
0x13, 0x06, 0x1F, 0x04, 0x1C, 0x01, 0x00, 0x00, 	
0x72, 0xE9, 0x66, 0xE9, 0x72, 0x65, 0x6E, 0x64, 	
0x61, 0x69, 0x72, 0x65, 0x00, 0x13, 0x06, 0x18, 	
0x06, 0x13, 0x0D, 0x1F, 0x03, 0x13, 0x00, 0x00, 	
0x72, 0xE9, 0x6E, 0x69, 0x74, 0x65, 0x6E, 0x74, 	
0x00, 0x13, 0x06, 0x26, 0x08, 0x23, 0x0D, 0x00, 	
0x00, 0x72, 0xE9, 0x71, 0x75, 0x69, 0x73, 0x69, 	
0x74, 0x00, 0x13, 0x06, 0x21, 0x14, 0x08, 0x1D, 	
0x08, 0x23, 0x00, 0x00, 0x72, 0xE9, 0x73, 0x69, 	
0x6C, 0x69, 0x65, 0x6E, 0x74, 0x00, 0x13, 0x06, 	
0x1D, 0x08, 0x12, 0x16, 0x0D, 0x00, 0x00, 0x72, 	
0xF6, 0x6E, 0x74, 0x67, 0x65, 0x6E, 0x00, 0x13, 	
0x0A, 0x26, 0x23, 0x20, 0x03, 0x26, 0x00, 0x00, 	
0x72, 0xF6, 0x6E, 0x74, 0x67, 0x65, 0x6E, 0x74, 	
0x68, 0xE9, 0x72, 0x61, 0x70, 0x69, 0x65, 0x00, 	
0x13, 0x0A, 0x26, 0x23, 0x20, 0x03, 0x26, 0x23, 	
0x06, 0x13, 0x01, 0x22, 0x08, 0x00, 0x00, 0x72, 	
0xF6, 0x73, 0x74, 0x69, 0x73, 0x00, 0x13, 0x07, 	
0x1B, 0x23, 0x08, 0x00, 0x00, 0x72, 0xFD, 0x73, 	
0x74, 0x69, 0x73, 0x00, 0x13, 0x07, 0x1B, 0x23, 	
0x08, 0x00, 0x00, 0x73, 0x00, 0x03, 0x1B, 0x00, 	
0x00, 0x73, 0x61, 0x63, 0x63, 0x68, 0x61, 0x72, 	
0x6F, 0x6D, 0x79, 0x63, 0x65, 0x73, 0x00, 0x1B, 	
0x01, 0x21, 0x01, 0x13, 0x04, 0x25, 0x08, 0x1B, 	
0x03, 0x1B, 0x00, 0x00, 0x73, 0x61, 0x6C, 0x61, 	
0x64, 0x65, 0x72, 0x6F, 0x00, 0x1B, 0x01, 0x12, 	
0x01, 0x1F, 0x06, 0x13, 0x09, 0x00, 0x00, 0x73, 	
0x61, 0x6D, 0x62, 0x61, 0x00, 0x1B, 0x0D, 0x25, 	
0x1E, 0x01, 0x00, 0x00, 0x73, 0x61, 0x6D, 0x75, 	
0x72, 0x61, 0x69, 0x00, 0x1B, 0x01, 0x25, 0x0B, 	
0x13, 0x01, 0x16, 0x00, 0x00, 0x73, 0x61, 0x6E, 	
0x2D, 0x62, 0x65, 0x6E, 0x69, 0x74, 0x6F, 0x00, 	
0x1B, 0x0D, 0x1E, 0x06, 0x26, 0x08, 0x23, 0x09, 	
0x00, 0x00, 0x73, 0x61, 0x6E, 0x67, 0x75, 0x69, 	
0x73, 0x6F, 0x72, 0x62, 0x65, 0x00, 0x1B, 0x0D, 	
0x20, 0x08, 0x1B, 0x04, 0x13, 0x1E, 0x00, 0x00, 	
0x73, 0x63, 0x68, 0x65, 0x6C, 0x65, 0x6D, 0x00, 	
0x17, 0x12, 0x03, 0x25, 0x00, 0x00, 0x74, 0x00, 	
0x23, 0x06, 0x00, 0x00, 0x74, 0x2D, 0x73, 0x68, 	
0x69, 0x72, 0x74, 0x00, 0x23, 0x08, 0x17, 0x0A, 	
0x13, 0x23, 0x00, 0x00, 0x74, 0x61, 0x62, 0x65, 	
0x73, 0x00, 0x23, 0x01, 0x1E, 0x03, 0x1B, 0x00, 	
0x00, 0x74, 0x61, 0x63, 0x68, 0x79, 0x67, 0x65, 	
0x6E, 0xE8, 0x73, 0x65, 0x00, 0x23, 0x01, 0x21, 	
0x08, 0x19, 0x05, 0x26, 0x03, 0x1D, 0x00, 0x00, 	
0x74, 0x61, 0x63, 0x6F, 0x6E, 0x65, 0x6F, 0x73, 	
0x00, 0x23, 0x01, 0x21, 0x04, 0x26, 0x06, 0x04, 	
0x1B, 0x00, 0x00, 0x74, 0x61, 0x67, 0x6C, 0x69, 	
0x61, 0x74, 0x65, 0x6C, 0x6C, 0x65, 0x73, 0x00, 	
0x23, 0x01, 0x12, 0x16, 0x01, 0x23, 0x03, 0x12, 	
0x00, 0x00, 0x74, 0x61, 0x6B, 0x65, 0x6F, 0x66, 	
0x66, 0x00, 0x23, 0x06, 0x21, 0x04, 0x18, 0x00, 	
0x00, 0x74, 0x61, 0x6C, 0x6B, 0x69, 0x65, 0x2D, 	
0x77, 0x61, 0x6C, 0x6B, 0x69, 0x65, 0x00, 0x23, 	
0x04, 0x21, 0x08, 0x14, 0x04, 0x12, 0x21, 0x08, 	
0x00, 0x00, 0x74, 0x61, 0x73, 0x74, 0x65, 0x2D, 	
0x76, 0x69, 0x6E, 0x00, 0x23, 0x01, 0x1B, 0x23, 	
0x05, 0x1C, 0x0E, 0x00, 0x00, 0x74, 0x61, 0x78, 	
0x69, 0x2D, 0x67, 0x69, 0x72, 0x6C, 0x00, 0x23, 	
0x01, 0x21, 0x1B, 0x08, 0x20, 0x0A, 0x13, 0x12, 	
0x00, 0x00, 0x74, 0x63, 0x68, 0x65, 0x72, 0x76, 	
0x6F, 0x6E, 0x65, 0x74, 0x73, 0x00, 0x23, 0x17, 	
0x03, 0x13, 0x1C, 0x04, 0x26, 0x03, 0x23, 0x1B, 	
0x00, 0x00, 0x74, 0x63, 0x68, 0x69, 0x6E, 0x74, 	
0x63, 0x68, 0x69, 0x6E, 0x00, 0x23, 0x17, 0x08, 	
0x26, 0x23, 0x17, 0x08, 0x26, 0x00, 0x00, 0x74, 	
0x65, 0x64, 0x64, 0x79, 0x62, 0x65, 0x61, 0x72, 	
0x00, 0x23, 0x06, 0x1F, 0x08, 0x1E, 0x03, 0x13, 	
0x00, 0x00, 0x74, 0x65, 0x65, 0x6E, 0x2D, 0x61, 	
0x67, 0x65, 0x72, 0x00, 0x23, 0x08, 0x26, 0x06, 	
0x1F, 0x19, 0x0A, 0x13, 0x00, 0x00, 0x74, 0x65, 	
0x65, 0x6E, 0x61, 0x67, 0x65, 0x72, 0x00, 0x23, 	
0x08, 0x26, 0x06, 0x1F, 0x19, 0x0A, 0x13, 0x00, 	
0x00, 0x74, 0x65, 0x65, 0x73, 0x68, 0x69, 0x72, 	
0x74, 0x00, 0x23, 0x08, 0x17, 0x0A, 0x13, 0x23, 	
0x00, 0x00, 0x74, 0x65, 0x6D, 0x70, 0x6F, 0x00, 	
0x23, 0x03, 0x25, 0x22, 0x09, 0x00, 0x00, 0x74, 	
0x65, 0x6E, 0x75, 0x74, 0x6F, 0x00, 0x23, 0x06, 	
0x26, 0x0B, 0x23, 0x09, 0x00, 0x00, 0x74, 0x65, 	
0x70, 0x69, 0x64, 0x61, 0x72, 0x69, 0x75, 0x6D, 	
0x00, 0x23, 0x06, 0x22, 0x08, 0x1F, 0x01, 0x13, 	
0x16, 0x04, 0x25, 0x00, 0x00, 0x74, 0x65, 0x71, 	
0x75, 0x69, 0x6C, 0x61, 0x00, 0x23, 0x06, 0x21, 	
0x08, 0x12, 0x01, 0x00, 0x00, 0x74, 0x65, 0x72, 	
0x65, 0x62, 0x65, 0x6C, 0x6C, 0x75, 0x6D, 0x00, 	
0x23, 0x06, 0x13, 0x06, 0x1E, 0x06, 0x12, 0x04, 	
0x25, 0x00, 0x00, 0x74, 0x65, 0x72, 0x72, 0x61, 	
0x66, 0x75, 0x6E, 0x67, 0x69, 0x6E, 0x65, 0x00, 	
0x23, 0x03, 0x13, 0x02, 0x18, 0x0F, 0x19, 0x08, 	
0x26, 0x00, 0x00, 0x74, 0x65, 0x74, 0x72, 0x61, 	
0x73, 0x79, 0x6C, 0x6C, 0x61, 0x62, 0x69, 0x71, 	
0x75, 0x65, 0x00, 0x23, 0x06, 0x23, 0x13, 0x01, 	
0x1B, 0x08, 0x12, 0x01, 0x1E, 0x08, 0x21, 0x00, 	
0x00, 0x74, 0x68, 0x61, 0x6C, 0x77, 0x65, 0x67, 	
0x00, 0x23, 0x01, 0x12, 0x1C, 0x03, 0x20, 0x00, 	
0x00, 0x74, 0x68, 0x65, 0x72, 0x69, 0x64, 0x69, 	
0x75, 0x6D, 0x00, 0x23, 0x06, 0x13, 0x08, 0x1F, 	
0x16, 0x04, 0x25, 0x00, 0x00, 0x74, 0x68, 0x72, 	
0x69, 0x6C, 0x6C, 0x65, 0x72, 0x00, 0x1B, 0x13, 	
0x08, 0x12, 0x0A, 0x13, 0x00, 0x00, 0x74, 0x68, 	
0x75, 0x79, 0x61, 0x00, 0x23, 0x0C, 0x16, 0x01, 	
0x00, 0x00, 0x74, 0x69, 0x65, 0x2D, 0x62, 0x72, 	
0x65, 0x61, 0x6B, 0x00, 0x23, 0x01, 0x16, 0x1E, 	
0x13, 0x03, 0x21, 0x00, 0x00, 0x74, 0x69, 0x6D, 	
0x69, 0x6E, 0x67, 0x00, 0x23, 0x01, 0x16, 0x25, 	
0x08, 0x27, 0x00, 0x00, 0x74, 0x6F, 0x61, 0x73, 	
0x74, 0x00, 0x23, 0x09, 0x1B, 0x23, 0x00, 0x00, 	
0x74, 0x6F, 0x61, 0x73, 0x74, 0x65, 0x75, 0x72, 	
0x00, 0x23, 0x09, 0x1B, 0x23, 0x0A, 0x13, 0x00, 	
0x00, 0x74, 0x6F, 0x6D, 0x61, 0x68, 0x61, 0x77, 	
0x6B, 0x00, 0x23, 0x04, 0x25, 0x01, 0x09, 0x21, 	
0x00, 0x00, 0x74, 0x6F, 0x72, 0x65, 0x72, 0x6F, 	
0x00, 0x23, 0x04, 0x13, 0x06, 0x13, 0x09, 0x00, 	
0x00, 0x74, 0x72, 0x61, 0x64, 0x65, 0x2D, 0x75, 	
0x6E, 0x69, 0x6F, 0x6E, 0x00, 0x23, 0x13, 0x03, 	
0x1F, 0x0C, 0x26, 0x16, 0x0F, 0x00, 0x00, 0x74, 	
0x72, 0x61, 0x6D, 0x77, 0x61, 0x79, 0x00, 0x23, 	
0x13, 0x01, 0x25, 0x14, 0x03, 0x00, 0x00, 0x74, 	
0x72, 0x61, 0x6E, 0x73, 0x73, 0x65, 0x78, 0x75, 	
0x61, 0x6C, 0x69, 0x73, 0x6D, 0x65, 0x00, 0x23, 	
0x13, 0x0D, 0x1B, 0x1B, 0x03, 0x21, 0x1B, 0x15, 	
0x01, 0x12, 0x08, 0x1B, 0x25, 0x00, 0x00, 0x74, 	
0x72, 0x61, 0x6E, 0x73, 0x73, 0x65, 0x78, 0x75, 	
0x65, 0x6C, 0x00, 0x23, 0x13, 0x0D, 0x1B, 0x1B, 	
0x03, 0x21, 0x1B, 0x15, 0x03, 0x12, 0x00, 0x00, 	
0x74, 0x72, 0x61, 0x6E, 0x73, 0x73, 0x65, 0x78, 	
0x75, 0x65, 0x6C, 0x6C, 0x65, 0x00, 0x23, 0x13, 	
0x0D, 0x1B, 0x1B, 0x03, 0x21, 0x1B, 0x15, 0x03, 	
0x12, 0x00, 0x00, 0x74, 0x72, 0x61, 0x6E, 0x73, 	
0x73, 0x75, 0x62, 0x73, 0x74, 0x61, 0x6E, 0x74, 	
0x69, 0x61, 0x74, 0x69, 0x6F, 0x6E, 0x00, 0x23, 	
0x13, 0x0D, 0x1B, 0x1B, 0x0C, 0x22, 0x1B, 0x23, 	
0x0D, 0x1B, 0x16, 0x02, 0x1B, 0x16, 0x0F, 0x00, 	
0x00, 0x74, 0x72, 0x61, 0x6E, 0x73, 0x73, 0x75, 	
0x64, 0x61, 0x74, 0x00, 0x23, 0x13, 0x0D, 0x1B, 	
0x1B, 0x0C, 0x1F, 0x02, 0x00, 0x00, 0x74, 0x72, 	
0x61, 0x6E, 0x73, 0x73, 0x75, 0x64, 0x61, 0x74, 	
0x69, 0x6F, 0x6E, 0x00, 0x23, 0x13, 0x0D, 0x1B, 	
0x1B, 0x0C, 0x1F, 0x02, 0x1B, 0x16, 0x0F, 0x00, 	
0x00, 0x74, 0x72, 0x61, 0x6E, 0x73, 0x73, 0x75, 	
0x64, 0x65, 0x72, 0x00, 0x23, 0x13, 0x0D, 0x1B, 	
0x1B, 0x0C, 0x1F, 0x06, 0x00, 0x00, 0x74, 0x72, 	
0x65, 0x6D, 0x65, 0x6E, 0x73, 0x00, 0x23, 0x13, 	
0x06, 0x25, 0x0E, 0x1B, 0x00, 0x00, 0x74, 0x72, 	
0x65, 0x6D, 0x6F, 0x6C, 0x6F, 0x00, 0x23, 0x13, 	
0x06, 0x25, 0x04, 0x12, 0x09, 0x00, 0x00, 0x74, 	
0x72, 0x65, 0x6E, 0x63, 0x68, 0x2D, 0x63, 0x6F, 	
0x61, 0x74, 0x00, 0x23, 0x13, 0x03, 0x26, 0x17, 	
0x21, 0x09, 0x23, 0x00, 0x00, 0x74, 0x72, 0x69, 	
0x61, 0x63, 0x69, 0x64, 0x65, 0x00, 0x23, 0x13, 	
0x08, 0x01, 0x1B, 0x08, 0x1F, 0x00, 0x00, 0x74, 	
0x72, 0x69, 0x61, 0x6C, 0x63, 0x6F, 0x6F, 0x6C, 	
0x00, 0x23, 0x13, 0x08, 0x01, 0x12, 0x21, 0x04, 	
0x12, 0x00, 0x00, 0x74, 0x72, 0x69, 0x61, 0x74, 	
0x68, 0x6C, 0x6F, 0x6E, 0x00, 0x23, 0x13, 0x08, 	
0x01, 0x23, 0x12, 0x0F, 0x00, 0x00, 0x74, 0x72, 	
0x69, 0x61, 0x74, 0x6F, 0x6D, 0x69, 0x71, 0x75, 	
0x65, 0x00, 0x23, 0x13, 0x08, 0x01, 0x23, 0x04, 	
0x25, 0x08, 0x21, 0x00, 0x00, 0x74, 0x72, 0x69, 	
0x6C, 0x6C, 0x69, 0x6F, 0x6E, 0x00, 0x23, 0x13, 	
0x08, 0x12, 0x16, 0x0F, 0x00, 0x00, 0x74, 0x72, 	
0x69, 0x6E, 0x69, 0x74, 0x72, 0x6F, 0x62, 0x65, 	
0x6E, 0x7A, 0xE8, 0x6E, 0x65, 0x00, 0x23, 0x13, 	
0x08, 0x26, 0x08, 0x23, 0x13, 0x04, 0x1E, 0x0E, 	
0x1D, 0x03, 0x26, 0x00, 0x00, 0x74, 0x72, 0x69, 	
0x74, 0x69, 0x75, 0x6D, 0x00, 0x23, 0x13, 0x08, 	
0x23, 0x16, 0x04, 0x25, 0x00, 0x00, 0x74, 0x72, 	
0x6F, 0x69, 0x73, 0x2D, 0x73, 0x69, 0x78, 0x00, 	
0x23, 0x13, 0x14, 0x02, 0x1B, 0x08, 0x1B, 0x00, 	
0x00, 0x74, 0x72, 0x6F, 0x6D, 0x70, 0x65, 0x74, 	
0x65, 0x72, 0x00, 0x23, 0x13, 0x0F, 0x22, 0x05, 	
0x23, 0x06, 0x00, 0x00, 0x74, 0x72, 0x75, 0x64, 	
0x67, 0x65, 0x6F, 0x6E, 0x00, 0x23, 0x13, 0x0A, 	
0x1F, 0x19, 0x04, 0x26, 0x00, 0x00, 0x74, 0x72, 	
0x75, 0x73, 0x74, 0x00, 0x23, 0x13, 0x0A, 0x1B, 	
0x23, 0x00, 0x00, 0x74, 0x72, 0x75, 0x73, 0x74, 	
0x65, 0x72, 0x00, 0x23, 0x13, 0x0A, 0x1B, 0x23, 	
0x06, 0x00, 0x00, 0x74, 0x72, 0x75, 0x73, 0x74, 	
0x65, 0x75, 0x72, 0x00, 0x23, 0x13, 0x0A, 0x1B, 	
0x23, 0x0A, 0x13, 0x00, 0x00, 0x74, 0x75, 0x62, 	
0x00, 0x23, 0x0A, 0x1E, 0x00, 0x00, 0x74, 0x75, 	
0x6E, 0x67, 0x73, 0x74, 0x61, 0x74, 0x65, 0x00, 	
0x23, 0x10, 0x21, 0x1B, 0x23, 0x01, 0x23, 0x00, 	
0x00, 0x74, 0x75, 0x6E, 0x67, 0x73, 0x74, 0x69, 	
0x71, 0x75, 0x65, 0x00, 0x23, 0x10, 0x21, 0x1B, 	
0x23, 0x08, 0x21, 0x00, 0x00, 0x74, 0x75, 0x6E, 	
0x67, 0x73, 0x74, 0xE8, 0x6E, 0x65, 0x00, 0x23, 	
0x10, 0x21, 0x1B, 0x23, 0x03, 0x26, 0x00, 0x00, 	
0x74, 0x75, 0x70, 0x61, 0x6A, 0x61, 0x00, 0x23, 	
0x0C, 0x22, 0x01, 0x16, 0x01, 0x00, 0x00, 0x74, 	
0x75, 0x72, 0x69, 0x73, 0x74, 0x61, 0x00, 0x23, 	
0x0B, 0x13, 0x08, 0x1B, 0x23, 0x01, 0x00, 0x00, 	
0x74, 0x75, 0x72, 0x6E, 0x65, 0x70, 0x73, 0x00, 	
0x23, 0x0C, 0x13, 0x26, 0x03, 0x22, 0x00, 0x00, 	
0x74, 0x75, 0x74, 0x74, 0x69, 0x00, 0x23, 0x0B, 	
0x23, 0x08, 0x00, 0x00, 0x54, 0x57, 0x41, 0x00, 	
0x23, 0x06, 0x1F, 0x0B, 0x1E, 0x12, 0x05, 0x1C, 	
0x06, 0x01, 0x00, 0x00, 0x74, 0x79, 0x6C, 0x65, 	
0x6E, 0x63, 0x68, 0x75, 0x73, 0x00, 0x23, 0x08, 	
0x12, 0x0E, 0x21, 0x0C, 0x1B, 0x00, 0x00, 0x74, 	
0x7A, 0x69, 0x67, 0x61, 0x6E, 0x65, 0x00, 0x1F, 	
0x1D, 0x08, 0x20, 0x01, 0x26, 0x00, 0x00, 0x74, 	
0xE9, 0x72, 0x61, 0x74, 0x6F, 0x67, 0x65, 0x6E, 	
0xE8, 0x73, 0x65, 0x00, 0x23, 0x06, 0x13, 0x01, 	
0x23, 0x04, 0x19, 0x05, 0x26, 0x03, 0x1D, 0x00, 	
0x00, 0x74, 0xE9, 0x74, 0x72, 0x61, 0x72, 0x63, 	
0x68, 0x61, 0x74, 0x00, 0x23, 0x06, 0x23, 0x13, 	
0x01, 0x13, 0x21, 0x01, 0x00, 0x00, 0x75, 0x00, 	
0x0C, 0x00, 0x00, 0x55, 0x4B, 0x00, 0x16, 0x0B, 	
0x21, 0x03, 0x00, 0x00, 0x75, 0x6C, 0x74, 0x72, 	
0x61, 0x2D, 0x70, 0x65, 0x74, 0x69, 0x74, 0x61, 	
0x00, 0x0C, 0x12, 0x23, 0x13, 0x01, 0x22, 0x06, 	
0x23, 0x08, 0x23, 0x01, 0x00, 0x00, 0x75, 0x6E, 	
0x64, 0x65, 0x72, 0x67, 0x72, 0x6F, 0x75, 0x6E, 	
0x64, 0x00, 0x0A, 0x26, 0x1F, 0x05, 0x13, 0x20, 	
0x13, 0x01, 0x14, 0x26, 0x1F, 0x00, 0x00, 0x75, 	
0x6E, 0x67, 0x75, 0x69, 0x66, 0xE8, 0x72, 0x65, 	
0x00, 0x0F, 0x20, 0x15, 0x08, 0x18, 0x03, 0x13, 	
0x00, 0x00, 0x75, 0x6E, 0x67, 0x75, 0x69, 0x73, 	
0x00, 0x0F, 0x20, 0x15, 0x08, 0x1B, 0x00, 0x00, 	
0x75, 0x6E, 0x67, 0x75, 0xE9, 0x61, 0x6C, 0x00, 	
0x0F, 0x20, 0x15, 0x06, 0x01, 0x12, 0x00, 0x00, 	
0x75, 0x6E, 0x67, 0x75, 0xE9, 0x61, 0x6C, 0x65, 	
0x00, 0x0F, 0x20, 0x15, 0x06, 0x01, 0x12, 0x00, 	
0x00, 0x75, 0x6E, 0x67, 0x75, 0xE9, 0x61, 0x75, 	
0x78, 0x00, 0x0F, 0x20, 0x15, 0x06, 0x09, 0x00, 	
0x00, 0x75, 0x73, 0x00, 0x0C, 0x1B, 0x00, 0x00, 	
0x55, 0x53, 0x41, 0x00, 0x0C, 0x03, 0x1B, 0x1B, 	
0x01, 0x00, 0x00, 0x76, 0x00, 0x1C, 0x06, 0x00, 	
0x00, 0x76, 0x31, 0x00, 0x1C, 0x06, 0x10, 0x00, 	
0x00, 0x76, 0x32, 0x00, 0x1C, 0x06, 0x1F, 0x07, 	
0x00, 0x00, 0x76, 0x61, 0x64, 0x65, 0x2D, 0x6D, 	
0x65, 0x63, 0x75, 0x6D, 0x00, 0x1C, 0x01, 0x1F, 	
0x06, 0x25, 0x06, 0x21, 0x04, 0x25, 0x00, 0x00, 	
0x76, 0x61, 0x6E, 0x69, 0x6C, 0x6C, 0x69, 0x6E, 	
0x65, 0x00, 0x1C, 0x01, 0x26, 0x08, 0x12, 0x08, 	
0x26, 0x00, 0x00, 0x76, 0x61, 0x6E, 0x69, 0x6C, 	
0x6C, 0x69, 0x73, 0x6D, 0x65, 0x00, 0x1C, 0x01, 	
0x26, 0x08, 0x12, 0x08, 0x1B, 0x25, 0x00, 0x00, 	
0x76, 0x61, 0x6E, 0x69, 0x74, 0x79, 0x2D, 0x63, 	
0x61, 0x73, 0x65, 0x00, 0x1C, 0x01, 0x26, 0x08, 	
0x23, 0x08, 0x21, 0x03, 0x1D, 0x00, 0x00, 0x76, 	
0x65, 0x6C, 0x61, 0x72, 0x69, 0x75, 0x6D, 0x00, 	
0x1C, 0x06, 0x12, 0x01, 0x13, 0x16, 0x04, 0x25, 	
0x00, 0x00, 0x76, 0x65, 0x6C, 0x64, 0x00, 0x1C, 	
0x03, 0x12, 0x23, 0x00, 0x00, 0x76, 0x65, 0x6C, 	
0x64, 0x74, 0x00, 0x1C, 0x03, 0x12, 0x23, 0x00, 	
0x00, 0x76, 0x65, 0x6C, 0x75, 0x6D, 0x00, 0x1C, 	
0x06, 0x12, 0x04, 0x25, 0x00, 0x00, 0x76, 0x65, 	
0x6E, 0x69, 0x61, 0x74, 0x00, 0x1C, 0x06, 0x26, 	
0x16, 0x01, 0x23, 0x00, 0x00, 0x76, 0x65, 0x74, 	
0x6F, 0x00, 0x1C, 0x06, 0x23, 0x09, 0x00, 0x00, 	
0x76, 0x69, 0x6C, 0x6C, 0x61, 0x00, 0x1C, 0x08, 	
0x12, 0x12, 0x01, 0x00, 0x00, 0x56, 0x4C, 0x53, 	
0x49, 0x00, 0x1C, 0x06, 0x03, 0x12, 0x03, 0x1B, 	
0x08, 0x00, 0x00, 0x76, 0x6F, 0x63, 0x65, 0x72, 	
0x61, 0x74, 0x72, 0x69, 0x63, 0x65, 0x00, 0x1C, 	
0x04, 0x23, 0x17, 0x06, 0x13, 0x01, 0x23, 0x13, 	
0x08, 0x23, 0x17, 0x06, 0x00, 0x00, 0x76, 0x6F, 	
0x63, 0x65, 0x72, 0x6F, 0x00, 0x1C, 0x04, 0x23, 	
0x17, 0x06, 0x13, 0x09, 0x00, 0x00, 0x76, 0x6F, 	
0x6C, 0x74, 0x65, 0x2D, 0x66, 0x61, 0x63, 0x65, 	
0x00, 0x1C, 0x04, 0x12, 0x23, 0x05, 0x18, 0x01, 	
0x1B, 0x00, 0x00, 0x77, 0x00, 0x1F, 0x0B, 0x1E, 	
0x12, 0x05, 0x1C, 0x06, 0x00, 0x00, 0x77, 0x61, 	
0x64, 0x69, 0x6E, 0x67, 0x00, 0x14, 0x03, 0x1F, 	
0x08, 0x27, 0x00, 0x00, 0x77, 0x61, 0x67, 0x61, 	
0x67, 0x65, 0x00, 0x14, 0x01, 0x20, 0x01, 0x19, 	
0x00, 0x00, 0x77, 0x61, 0x67, 0x6E, 0xE9, 0x72, 	
0x69, 0x65, 0x6E, 0x00, 0x1C, 0x01, 0x20, 0x26, 	
0x06, 0x13, 0x16, 0x0E, 0x00, 0x00, 0x77, 0x61, 	
0x67, 0x6E, 0xE9, 0x72, 0x69, 0x65, 0x6E, 0x6E, 	
0x65, 0x00, 0x1C, 0x01, 0x20, 0x26, 0x06, 0x13, 	
0x16, 0x03, 0x26, 0x00, 0x00, 0x77, 0x61, 0x6C, 	
0x6B, 0x2D, 0x6F, 0x76, 0x65, 0x72, 0x00, 0x14, 	
0x01, 0x12, 0x21, 0x04, 0x1C, 0x0A, 0x13, 0x00, 	
0x00, 0x77, 0x61, 0x6C, 0x6B, 0x69, 0x65, 0x2D, 	
0x74, 0x61, 0x6C, 0x6B, 0x69, 0x65, 0x00, 0x14, 	
0x04, 0x21, 0x08, 0x23, 0x04, 0x21, 0x08, 0x00, 	
0x00, 0x77, 0x61, 0x6C, 0x6B, 0x6D, 0x61, 0x6E, 	
0x00, 0x14, 0x04, 0x21, 0x25, 0x01, 0x26, 0x00, 	
0x00, 0x77, 0x61, 0x6C, 0x6B, 0x79, 0x72, 0x69, 	
0x65, 0x00, 0x1C, 0x01, 0x12, 0x21, 0x08, 0x13, 	
0x08, 0x00, 0x00, 0x77, 0x61, 0x72, 0x67, 0x61, 	
0x6D, 0x65, 0x00, 0x14, 0x01, 0x13, 0x20, 0x03, 	
0x25, 0x00, 0x00, 0x77, 0x61, 0x72, 0x72, 0x61, 	
0x6E, 0x74, 0x00, 0x1C, 0x01, 0x13, 0x0D, 0x00, 	
0x00, 0x77, 0x61, 0x72, 0x72, 0x61, 0x6E, 0x74, 	
0x61, 0x67, 0x65, 0x00, 0x1C, 0x01, 0x13, 0x0D, 	
0x23, 0x01, 0x19, 0x00, 0x00, 0x77, 0x61, 0x72, 	
0x72, 0x61, 0x6E, 0x74, 0x65, 0x72, 0x00, 0x1C, 	
0x01, 0x13, 0x0D, 0x23, 0x06, 0x00, 0x00, 0x77, 	
0x61, 0x73, 0x68, 0x69, 0x6E, 0x67, 0x74, 0x6F, 	
0x6E, 0x69, 0x61, 0x00, 0x14, 0x01, 0x17, 0x08, 	
0x27, 0x23, 0x04, 0x26, 0x16, 0x01, 0x00, 0x00, 	
0x77, 0x65, 0x62, 0x65, 0x72, 0x00, 0x1C, 0x06, 	
0x1E, 0x03, 0x13, 0x00, 0x00, 0x77, 0x65, 0x65, 	
0x6B, 0x2D, 0x65, 0x6E, 0x64, 0x00, 0x14, 0x08, 	
0x21, 0x03, 0x26, 0x1F, 0x00, 0x00, 0x77, 0x65, 	
0x6C, 0x63, 0x68, 0x65, 0x00, 0x1C, 0x03, 0x12, 	
0x17, 0x00, 0x00, 0x77, 0x65, 0x6C, 0x6C, 0x69, 	
0x6E, 0x67, 0x74, 0x6F, 0x6E, 0x69, 0x61, 0x00, 	
0x14, 0x03, 0x12, 0x08, 0x27, 0x23, 0x04, 0x26, 	
0x16, 0x01, 0x00, 0x00, 0x77, 0x65, 0x72, 0x67, 	
0x65, 0x6C, 0x64, 0x00, 0x1C, 0x03, 0x13, 0x20, 	
0x03, 0x12, 0x1F, 0x00, 0x00, 0x77, 0x68, 0x69, 	
0x74, 0x65, 0x2D, 0x73, 0x70, 0x69, 0x72, 0x69, 	
0x74, 0x00, 0x14, 0x01, 0x16, 0x23, 0x1B, 0x22, 	
0x08, 0x13, 0x08, 0x23, 0x00, 0x00, 0x77, 0x69, 	
0x6E, 0x63, 0x68, 0x00, 0x14, 0x08, 0x26, 0x23, 	
0x17, 0x00, 0x00, 0x77, 0x69, 0x6E, 0x63, 0x68, 	
0x65, 0x73, 0x74, 0x65, 0x72, 0x00, 0x14, 0x08, 	
0x26, 0x23, 0x17, 0x03, 0x1B, 0x23, 0x03, 0x13, 	
0x00, 0x00, 0x77, 0x69, 0x6E, 0x74, 0x65, 0x72, 	
0x67, 0x72, 0x65, 0x65, 0x6E, 0x00, 0x14, 0x08, 	
0x26, 0x23, 0x05, 0x13, 0x20, 0x13, 0x08, 0x26, 	
0x00, 0x00, 0x77, 0x69, 0x73, 0x69, 0x67, 0x6F, 	
0x74, 0x68, 0x00, 0x1C, 0x08, 0x1D, 0x08, 0x20, 	
0x09, 0x00, 0x00, 0x77, 0x69, 0x73, 0x69, 0x67, 	
0x6F, 0x74, 0x68, 0x69, 0x71, 0x75, 0x65, 0x00, 	
0x1C, 0x08, 0x1D, 0x08, 0x20, 0x04, 0x23, 0x08, 	
0x21, 0x00, 0x00, 0x77, 0x69, 0x74, 0x6C, 0x6F, 	
0x6F, 0x66, 0x00, 0x14, 0x08, 0x23, 0x12, 0x04, 	
0x18, 0x00, 0x00, 0x77, 0x6F, 0x6C, 0x66, 0x72, 	
0x61, 0x6D, 0x00, 0x1C, 0x04, 0x12, 0x18, 0x13, 	
0x01, 0x25, 0x00, 0x00, 0x77, 0x75, 0x72, 0x6D, 	
0x69, 0x65, 0x6E, 0x00, 0x1C, 0x0C, 0x13, 0x25, 	
0x16, 0x0E, 0x00, 0x00, 0x77, 0x75, 0x72, 0x6D, 	
0x69, 0x65, 0x6E, 0x6E, 0x65, 0x00, 0x1C, 0x0C, 	
0x13, 0x25, 0x16, 0x03, 0x26, 0x00, 0x00, 0x77, 	
0x79, 0x61, 0x6E, 0x64, 0x6F, 0x74, 0x74, 0x65, 	
0x00, 0x1C, 0x16, 0x0D, 0x1F, 0x04, 0x23, 0x00, 	
0x00, 0x78, 0x00, 0x08, 0x21, 0x1B, 0x00, 0x00, 	
0x58, 0x49, 0x58, 0x65, 0x00, 0x1F, 0x08, 0x1D, 	
0x26, 0x0A, 0x1C, 0x16, 0x03, 0x25, 0x00, 0x00, 	
0x58, 0x56, 0x00, 0x21, 0x0E, 0x1D, 0x00, 0x00, 	
0x58, 0x56, 0x49, 0x65, 0x00, 0x1B, 0x03, 0x1D, 	
0x16, 0x03, 0x25, 0x00, 0x00, 0x58, 0x56, 0x49, 	
0x49, 0x65, 0x00, 0x1F, 0x08, 0x1B, 0x03, 0x23, 	
0x16, 0x03, 0x25, 0x00, 0x00, 0x58, 0x56, 0x49, 	
0x49, 0x49, 0x65, 0x00, 0x1F, 0x08, 0x1D, 0x15, 	
0x08, 0x23, 0x16, 0x03, 0x25, 0x00, 0x00, 0x58, 	
0x58, 0x65, 0x00, 0x1C, 0x0E, 0x23, 0x16, 0x03, 	
0x25, 0x00, 0x00, 0x78, 0xE9, 0x72, 0xE8, 0x73, 	
0x00, 0x21, 0x1B, 0x06, 0x13, 0x03, 0x1B, 0x00, 	
0x00, 0x79, 0x61, 0x63, 0x68, 0x74, 0x00, 0x16, 	
0x04, 0x23, 0x00, 0x00, 0x79, 0x61, 0x63, 0x68, 	
0x74, 0x2D, 0x63, 0x6C, 0x75, 0x62, 0x00, 0x16, 	
0x04, 0x23, 0x21, 0x12, 0x0A, 0x1E, 0x00, 0x00, 	
0x79, 0x61, 0x63, 0x68, 0x74, 0x69, 0x6E, 0x67, 	
0x00, 0x16, 0x04, 0x23, 0x08, 0x27, 0x00, 0x00, 	
0x79, 0x61, 0x63, 0x68, 0x74, 0x6D, 0x61, 0x6E, 	
0x00, 0x16, 0x04, 0x23, 0x25, 0x01, 0x26, 0x00, 	
0x00, 0x79, 0x65, 0x61, 0x72, 0x6C, 0x69, 0x6E, 	
0x67, 0x00, 0x16, 0x0A, 0x13, 0x12, 0x08, 0x27, 	
0x00, 0x00, 0x79, 0x65, 0x6E, 0x00, 0x16, 0x03, 	
0x26, 0x00, 0x00, 0x79, 0x65, 0x6F, 0x6D, 0x61, 	
0x6E, 0x00, 0x16, 0x04, 0x25, 0x01, 0x26, 0x00, 	
0x00, 0x79, 0x6F, 0x67, 0x69, 0x00, 0x16, 0x04, 	
0x20, 0x08, 0x00, 0x00, 0x79, 0x6F, 0x68, 0x69, 	
0x6D, 0x62, 0x65, 0x68, 0x65, 0x00, 0x16, 0x04, 	
0x08, 0x25, 0x1E, 0x06, 0x00, 0x00, 0x79, 0x6F, 	
0x68, 0x69, 0x6D, 0x62, 0x69, 0x6E, 0x65, 0x00, 	
0x16, 0x04, 0x08, 0x25, 0x1E, 0x08, 0x26, 0x00, 	
0x00, 0x79, 0x75, 0x63, 0x63, 0x61, 0x00, 0x16, 	
0x0B, 0x21, 0x01, 0x00, 0x00, 0x79, 0x75, 0x70, 	
0x70, 0x69, 0x65, 0x00, 0x16, 0x0B, 0x22, 0x08, 	
0x00, 0x00, 0x7A, 0x00, 0x1D, 0x03, 0x1F, 0x00, 	
0x00, 0x7A, 0x61, 0x6E, 0x69, 0x00, 0x1F, 0x1D, 	
0x01, 0x26, 0x08, 0x00, 0x00, 0x7A, 0x61, 0x70, 	
0x61, 0x74, 0xE9, 0x61, 0x64, 0x6F, 0x00, 0x1B, 	
0x01, 0x22, 0x01, 0x23, 0x06, 0x01, 0x1F, 0x09, 	
0x00, 0x00, 0x7A, 0x61, 0x72, 0x7A, 0x75, 0x65, 	
0x6C, 0x61, 0x00, 0x1B, 0x01, 0x13, 0x1B, 0x14, 	
0x06, 0x12, 0x01, 0x00, 0x00, 0x7A, 0x65, 0x6E, 	
0x61, 0x6E, 0x61, 0x00, 0x1D, 0x06, 0x26, 0x01, 	
0x26, 0x01, 0x00, 0x00, 0x7A, 0x65, 0x6E, 0x64, 	
0x00, 0x1D, 0x0E, 0x1F, 0x00, 0x00, 0x7A, 0x69, 	
0x6E, 0x63, 0x00, 0x1D, 0x0E, 0x20, 0x00, 0x00, 	
0x7A, 0x69, 0x6E, 0x67, 0x61, 0x72, 0x69, 0x00, 	
0x1F, 0x1D, 0x08, 0x26, 0x20, 0x01, 0x13, 0x08, 	
0x00, 0x00, 0x7A, 0x69, 0x6E, 0x67, 0x61, 0x72, 	
0x6F, 0x00, 0x1F, 0x1D, 0x08, 0x26, 0x20, 0x01, 	
0x13, 0x09, 0x00, 0x00, 0x7A, 0x6F, 0x6F, 0x6D, 	
0x00, 0x1D, 0x0B, 0x25, 0x00, 0x00, 0x7A, 0x77, 	
0x69, 0x6E, 0x67, 0x6C, 0x69, 0x61, 0x6E, 0x69, 	
0x73, 0x6D, 0x65, 0x00, 0x1D, 0x1C, 0x0E, 0x20, 	
0x12, 0x08, 0x16, 0x01, 0x26, 0x08, 0x1B, 0x25, 	
0x00, 0x00, 0x7A, 0x77, 0x69, 0x6E, 0x67, 0x6C, 	
0x69, 0x65, 0x6E, 0x00, 0x1D, 0x1C, 0x0E, 0x20, 	
0x12, 0x08, 0x16, 0x0E, 0x00, 0x00, 0x7A, 0x77, 	
0x69, 0x6E, 0x67, 0x6C, 0x69, 0x65, 0x6E, 0x6E, 	
0x65, 0x00, 0x1D, 0x1C, 0x0E, 0x20, 0x12, 0x08, 	
0x16, 0x03, 0x26, 0x00, 0x00, 0x7A, 0xEA, 0x74, 	
0x61, 0x00, 0x1F, 0x1D, 0x03, 0x23, 0x01, 0x00, 	
0x00, 0x5B, 0x00, 0x21, 0x13, 0x04, 0x17, 0x03, 	
0x0B, 0x1C, 0x13, 0x0D, 0x00, 0x00, 0x5C, 0x00, 	
0x1B, 0x12, 0x01, 0x17, 0x0E, 0x1C, 0x03, 0x13, 	
0x1B, 0x00, 0x00, 0x5D, 0x00, 0x21, 0x13, 0x04, 	
0x17, 0x03, 0x18, 0x03, 0x13, 0x25, 0x0D, 0x00, 	
0x00, 0x5E, 0x00, 0x17, 0x01, 0x22, 0x09, 0x00, 	
0x00, 0x5F, 0x00, 0x1B, 0x0B, 0x12, 0x08, 0x24, 	
0x06, 0x00, 0x00, 0x60, 0x00, 0x01, 0x21, 0x1B, 	
0x0D, 0x20, 0x13, 0x01, 0x1C, 0x00, 0x00, 0x7B, 	
0x00, 0x21, 0x13, 0x04, 0x17, 0x03, 0x0B, 0x1C, 	
0x13, 0x0D, 0x00, 0x00, 0x7C, 0x00, 0x1E, 0x01, 	
0x13, 0x1C, 0x03, 0x13, 0x23, 0x08, 0x21, 0x01, 	
0x12, 0x00, 0x00, 0x7D, 0x00, 0x21, 0x13, 0x04, 	
0x17, 0x03, 0x18, 0x03, 0x13, 0x25, 0x0D, 0x00, 	
0x00, 0x7E, 0x00, 0x23, 0x08, 0x12, 0x1F, 0x05, 	
0x00, 0x01, 0x80, 0x00, 0x07, 0x13, 0x04, 0x00, 	
0x00, 0xE0, 0x00, 0x01, 0x00, 0x00, 0xE9, 0x70, 	
0x69, 0x70, 0x6C, 0x6F, 0x6F, 0x6E, 0x00, 0x06, 	
0x22, 0x08, 0x22, 0x12, 0x04, 0x0F, 0x00, 0x00, 	
0xFD, 0x6E, 0x6F, 0x74, 0x68, 0x65, 0x72, 0x61, 	
0x00, 0x06, 0x26, 0x04, 0x23, 0x06, 0x13, 0x01, 	
0x00, 0x00, 0xFD, 0x72, 0x73, 0x74, 0x65, 0x64, 	
0x00, 0x0A, 0x13, 0x1B, 0x23, 0x03, 0x1F, 0x00, 	
0x00, 0xFD, 0x72, 0x73, 0x74, 0x69, 0x74, 0x65, 	
0x00, 0x0A, 0x13, 0x1B, 0x23, 0x08, 0x23, 0x00, 	
0x00, 0xE6, 0x71, 0x75, 0x6F, 0x00, 0x06, 0x21, 	
0x09, 0x00, 0x00, 0xE6, 0x73, 0x63, 0x68, 0x6E, 	
0x65, 0x00, 0x06, 0x1B, 0x21, 0x26, 0x00
};

