/* source file par_rule2.par */
/* output file par_rule2b.h */
/* file created on Wed Dec 29 13:28:16 2004 */

const int num_rule_sections=3;

const int rule_sections[3]={	0,	11,	82	};

const int num_rules=230;

const int rule_index_table[230] = {
	0x0000,	0x0028,	0x0050,	0x00A0,	0x00DC,	0x0104,
	0x013C,	0x0164,	0x01A0,	0x01C0,	0x01D8,	0x01E0,
	0x01F8,	0x0220,	0x0238,	0x0264,	0x028C,	0x02AC,
	0x02D8,	0x0304,	0x0314,	0x0330,	0x034C,	0x037C,
	0x03F4,	0x047C,	0x04F0,	0x0514,	0x054C,	0x0598,
	0x05EC,	0x0634,	0x066C,	0x06A8,	0x06C4,	0x06EC,
	0x0728,	0x075C,	0x0790,	0x07B0,	0x07D8,	0x0800,
	0x0828,	0x084C,	0x0860,	0x0870,	0x0880,	0x08C0,
	0x0908,	0x0924,	0x0940,	0x0968,	0x0990,	0x09A8,
	0x09C0,	0x09E8,	0x0A10,	0x0A34,	0x0A5C,	0x0A80,
	0x0A9C,	0x0ABC,	0x0AD4,	0x0AF4,	0x0AFC,	0x0B24,
	0x0B3C,	0x0B44,	0x0B7C,	0x0BBC,	0x0BFC,	0x0C30,
	0x0C6C,	0x0CA8,	0x0CC0,	0x0CEC,	0x0D18,	0x0D2C,
	0x0D68,	0x0DA4,	0x0DE0,	0x0E1C,	0x0E24,	0x0E64,
	0x0EB8,	0x0F08,	0x0F58,	0x0F74,	0x0FB0,	0x0FF4,
	0x1034,	0x1068,	0x1084,	0x10D8,	0x1150,	0x11A0,
	0x11E8,	0x1238,	0x12A8,	0x1318,	0x138C,	0x13B4,
	0x13DC,	0x1414,	0x144C,	0x1478,	0x14A0,	0x14C8,
	0x1500,	0x1538,	0x15A4,	0x15D0,	0x15EC,	0x163C,
	0x1664,	0x1684,	0x16AC,	0x16C4,	0x1714,	0x175C,
	0x17AC,	0x17CC,	0x17F4,	0x1834,	0x18D4,	0x1908,
	0x1968,	0x19B8,	0x1A08,	0x1A50,	0x1A70,	0x1A90,
	0x1AE4,	0x1B34,	0x1B88,	0x1BC4,	0x1BF4,	0x1C24,
	0x1C54,	0x1C88,	0x1CBC,	0x1CD4,	0x1D00,	0x1D2C,
	0x1D58,	0x1D70,	0x1D98,	0x1DBC,	0x1DE8,	0x1E14,
	0x1E40,	0x1E84,	0x1EC8,	0x1EF0,	0x1F18,	0x1F3C,
	0x1F64,	0x1FBC,	0x2014,	0x2048,	0x207C,	0x20A0,
	0x20C8,	0x20F0,	0x2120,	0x2154,	0x2188,	0x21BC,
	0x21E4,	0x2200,	0x2230,	0x225C,	0x227C,	0x22A4,
	0x22C4,	0x22E0,	0x2308,	0x2318,	0x2338,	0x234C,
	0x23AC,	0x2410,	0x2478,	0x24D4,	0x2520,	0x2568,
	0x25C8,	0x25F4,	0x2614,	0x2634,	0x2658,	0x2680,
	0x269C,	0x26BC,	0x26DC,	0x26E4,	0x2734,	0x2774,
	0x277C,	0x279C,	0x27D0,	0x27D8,	0x27FC,	0x2834,
	0x284C,	0x2854,	0x28A0,	0x28A8,	0x28CC,	0x28D4,
	0x28F0,	0x2908,	0x2910,	0x2948,	0x2950,	0x29A0,
	0x29DC,	0x29E4,	0x2A14,	0x2A1C,	0x2A80,	0x2A88,
	0x2AE0,	0x2AE8,	0x2AF0,	0x2B74,	0x2B7C,	0x2BA8,
	0x2BB0,	0x2BD8
};

/*
 * in this file, the rule in its old form is printed before the
 * the rule in its new form
 */

const unsigned char rule_data_table[11232] = {
  0x10,  0x00,  0x02,  0x59,  0x00,  0x00,  0x00,  0x6F,  0x00,  0x00,
  0x00,  0x30,  0x00,  0x0A,  0x5A,  0x1E,  0x25,  0xD0,  0x06,  0x53,
  0x65,  0x6E,  0x74,  0x3A,  0x20,  0x83,  0x01,  0x1D,  0x81,  0x11,
  0x0A,  0x11,  0x81,  0x10,  0x01,  0x2E,  0x11,  0x82,  0x00,  0x00,
  0x10,  0x00,  0x02,  0x5A,  0x00,  0x00,  0x00,  0x6F,  0x00,  0x00,
  0x00,  0x30,  0x00,  0x0A,  0x5A,  0x1E,  0x25,  0xD0,  0x06,  0x44,
  0x61,  0x74,  0x65,  0x3A,  0x20,  0x83,  0x01,  0x1D,  0x81,  0x11,
  0x0A,  0x11,  0x81,  0x10,  0x01,  0x2E,  0x11,  0x82,  0x00,  0x00,
  0x10,  0x00,  0x02,  0x5B,  0x00,  0x00,  0x00,  0x6F,  0x00,  0x00,
  0x00,  0x30,  0x00,  0x0A,  0x5A,  0x44,  0x4B,  0x19,  0x27,  0x3E,
  0xD0,  0x08,  0x53,  0x75,  0x62,  0x6A,  0x65,  0x63,  0x74,  0x3A,
  0xCE,  0x02,  0x41,  0x03,  0xD0,  0x04,  0x52,  0x65,  0x3A,  0x20,
  0x10,  0x15,  0x53,  0x75,  0x62,  0x6A,  0x65,  0x63,  0x74,  0x74,
  0x3A,  0x20,  0x72,  0x65,  0x67,  0x61,  0x72,  0x64,  0x69,  0x6E,
  0x67,  0x2C,  0x20,  0x83,  0x01,  0x43,  0x81,  0x11,  0x0A,  0x11,
  0x81,  0x10,  0x01,  0x2E,  0x11,  0x82,  0x00,  0x00,  0x00,  0x00,
  0x10,  0x00,  0x02,  0x5C,  0x00,  0x00,  0x00,  0x6F,  0x00,  0x00,
  0x00,  0x30,  0x00,  0x0A,  0x5A,  0x30,  0x37,  0x19,  0x1E,  0x2A,
  0xD0,  0x09,  0x53,  0x75,  0x62,  0x6A,  0x65,  0x63,  0x74,  0x3A,
  0x20,  0x10,  0x0A,  0x53,  0x75,  0x62,  0x6A,  0x65,  0x63,  0x74,
  0x74,  0x3A,  0x20,  0x83,  0x01,  0x2F,  0x81,  0x11,  0x0A,  0x11,
  0x81,  0x10,  0x01,  0x2E,  0x11,  0x82,  0x00,  0x00,  0x00,  0x00,
  0x10,  0x00,  0x02,  0x5D,  0x00,  0x00,  0x00,  0x6F,  0x00,  0x00,
  0x00,  0x30,  0x00,  0x0A,  0x5A,  0x1E,  0x25,  0xD0,  0x06,  0x46,
  0x72,  0x6F,  0x6D,  0x3A,  0x20,  0x83,  0x01,  0x1D,  0x81,  0x11,
  0x0A,  0x11,  0x81,  0x10,  0x01,  0x2E,  0x11,  0x82,  0x00,  0x00,
  0x10,  0x00,  0x02,  0x5E,  0x00,  0x00,  0x00,  0x6F,  0x00,  0x00,
  0x00,  0x30,  0x00,  0x0A,  0x5A,  0x2E,  0x35,  0x19,  0x19,  0x28,
  0xD0,  0x04,  0x54,  0x6F,  0x3A,  0x20,  0x10,  0x02,  0x54,  0x6F,
  0x11,  0x81,  0x10,  0x01,  0x2F,  0x11,  0x82,  0x10,  0x02,  0x3A,
  0x20,  0x83,  0x01,  0x2D,  0x81,  0x11,  0x0A,  0x11,  0x81,  0x10,
  0x01,  0x2E,  0x11,  0x82,  0x00,  0x00,
  0x10,  0x00,  0x02,  0x5F,  0x00,  0x00,  0x00,  0x6F,  0x00,  0x00,
  0x00,  0x30,  0x00,  0x0A,  0x5A,  0x1C,  0x23,  0xF0,  0x04,  0x63,
  0x63,  0x3A,  0x20,  0x83,  0x01,  0x1B,  0x81,  0x11,  0x0A,  0x11,
  0x81,  0x10,  0x01,  0x2E,  0x11,  0x82,  0x00,  0x00,  0x00,  0x00,
  0x10,  0x00,  0x02,  0x60,  0x00,  0x00,  0x00,  0x6F,  0x00,  0x00,
  0x00,  0x30,  0x00,  0x0A,  0x5A,  0x30,  0x37,  0xD0,  0x18,  0x2D,
  0x2D,  0x2D,  0x2D,  0x2D,  0x2D,  0x20,  0x46,  0x6F,  0x72,  0x77,
  0x61,  0x72,  0x64,  0x65,  0x64,  0x20,  0x4D,  0x65,  0x73,  0x73,
  0x61,  0x67,  0x65,  0x83,  0x01,  0x2F,  0x81,  0x11,  0x0A,  0x11,
  0x81,  0x10,  0x01,  0x2E,  0x11,  0x82,  0x00,  0x00,  0x00,  0x00,
  0x10,  0x00,  0x02,  0x61,  0x00,  0x00,  0x00,  0x6F,  0x00,  0x00,
  0x00,  0x20,  0x00,  0x0A,  0x19,  0x17,  0x1D,  0x90,  0x05,  0x3A,
  0x46,  0x72,  0x6F,  0x6D,  0x10,  0x04,  0x66,  0x72,  0x6F,  0x6D,
  0x00,  0x00,
  0x00,  0x00,  0x02,  0x80,  0x00,  0x00,  0x00,  0x6F,  0x00,  0x00,
  0x00,  0x10,  0x19,  0x11,  0x14,  0xC3,  0x01,  0x81,  0x10,  0x01,
  0x20,  0x00,  0x00,  0x00,
  0x20,  0x00,  0x02,  0x8A,  0x00,  0x00,  0x00,  0x00,
  0x00,  0x00,  0x00,  0x00,  0xFF,  0xFF,  0xFF,  0xFF,  0x00,  0x00,
  0x00,  0x04,  0x5A,  0x11,  0x14,  0xCA,  0x01,  0x01,  0x10,  0x01,
  0x20,  0x00,  0x00,  0x00,
  0x10,  0x40,  0x00,  0x05,  0xFF,  0xFF,  0xFF,  0xFF,  0x00,  0x00,
  0x00,  0x04,  0x00,  0x0B,  0x8E,  0x81,  0x18,  0x80,  0x3A,  0x1D,
  0x20,  0x5A,  0x1A,  0x1D,  0x4A,  0x01,  0x01,  0x10,  0x01,  0x20,
  0x10,  0x01,  0x20,  0x4E,  0x81,  0x80,  0x00,  0x00,  0x00,  0x00,
  0x00,  0x00,  0x09,  0x7E,  0xFF,  0xFF,  0xFF,  0xFF,  0x00,  0x00,
  0x00,  0x32,  0x19,  0x10,  0x13,  0x91,  0x85,  0x10,  0x01,  0x5C,
  0x00,  0x00,  0x00,  0x00,
  0x10,  0x40,  0x09,  0x7F,  0xFF,  0xFF,  0xFF,  0xFF,  0x00,  0x00,
  0x00,  0x32,  0x00,  0x40,  0xC2,  0x01,  0x01,  0x19,  0x17,  0x1E,
  0xD0,  0x02,  0x3A,  0x5C,  0x10,  0x05,  0x20,  0x3A,  0x20,  0x5C,
  0x20,  0xC1,  0x01,  0x01,  0x5A,  0x27,  0x29,  0x4E,  0x81,  0x81,
  0x11,  0x84,  0x00,  0x00,
  0x10,  0x00,  0x14,  0x4F,  0xFF,  0xFF,  0xFF,  0xFF,  0x00,  0x00,
  0x00,  0x32,  0x00,  0x13,  0xCE,  0x81,  0x81,  0xD3,  0x01,  0x17,
  0x01,  0x81,  0xD1,  0x83,  0x15,  0x1E,  0x8E,  0x02,  0x1F,  0x40,
  0x03,  0x44,  0x01,  0x01,  0x4E,  0x01,  0x01,  0x00,  0x00,  0x00,
  0x10,  0x00,  0x14,  0x50,  0xFF,  0xFF,  0xFF,  0xFF,  0x00,  0x00,
  0x00,  0x32,  0x00,  0x0D,  0xCE,  0x81,  0x81,  0x15,  0x17,  0x8E,
  0x02,  0x18,  0x41,  0x03,  0x44,  0x01,  0x01,  0x4E,  0x01,  0x01,
  0x00,  0x00,
  0x00,  0x00,  0x09,  0x82,  0x00,  0x00,  0x00,  0x21,  0x00,  0x00,
  0x00,  0x32,  0xD0,  0x01,  0x44,  0xF0,  0x02,  0x72,  0x2E,  0x15,
  0x1D,  0xD3,  0x01,  0x1D,  0x02,  0x40,  0x04,  0xD0,  0x01,  0x20,
  0xD3,  0x02,  0x26,  0x28,  0x02,  0x41,  0x04,  0xD1,  0x0D,  0xD1,
  0x0A,  0x00,  0x00,  0x00,
  0x00,  0x00,  0x09,  0x83,  0x00,  0x00,  0x00,  0x21,  0x00,  0x00,
  0x00,  0x32,  0xD0,  0x01,  0x53,  0xF0,  0x02,  0x74,  0x2E,  0x15,
  0x1D,  0xD3,  0x01,  0x1D,  0x02,  0x40,  0x04,  0xD0,  0x01,  0x20,
  0xD3,  0x02,  0x26,  0x28,  0x02,  0x41,  0x04,  0xD1,  0x0D,  0xD1,
  0x0A,  0x00,  0x00,  0x00,
  0x00,  0x00,  0x09,  0x80,  0xFF,  0xFF,  0xFF,  0xFF,  0x00,  0x00,
  0x00,  0x32,  0xC2,  0x01,  0x81,  0x00,
  0x10,  0x40,  0x09,  0x81,  0xFF,  0xFF,  0xFF,  0xFF,  0x00,  0x00,
  0x00,  0x32,  0x00,  0x13,  0x8E,  0x81,  0x15,  0x80,  0x19,  0x17,
  0x1A,  0x10,  0x01,  0x5C,  0x10,  0x01,  0x20,  0x00,
  0x00,  0x00,  0x00,  0x1E,  0x00,  0x00,  0x00,  0x04,  0x00,  0x00,
  0x00,  0x32,  0xC2,  0x01,  0x01,  0x19,  0x14,  0x17,  0xD0,  0x01,
  0x2D,  0x10,  0x01,  0x20,  0xC2,  0x01,  0x81,  0x00,
  0x10,  0x40,  0x00,  0x3B,  0xFF,  0xFF,  0xFF,  0xFF,  0x00,  0x00,
  0x00,  0x32,  0x00,  0x2C,  0x15,  0x12,  0xD0,  0x01,  0x22,  0xC1,
  0x01,  0x81,  0x3A,  0x21,  0x24,  0x5A,  0x1E,  0x21,  0xD0,  0x01,
  0x2E,  0x10,  0x01,  0x20,  0x10,  0x01,  0x20,  0xC2,  0x01,  0x81,
  0x15,  0x2C,  0x90,  0x01,  0x22,  0x00,  0x00,  0x00,
  0x00,  0x00,  0x00,  0x1F,  0xFF,  0xFF,  0xFF,  0xFF,  0x00,  0x00,
  0x00,  0x32,  0x16,  0x21,  0x15,  0x21,  0xD3,  0x03,  0x19,  0x1D,
  0x21,  0x01,  0x01,  0xD0,  0x01,  0x22,  0xD0,  0x02,  0x60,  0x60,
  0xD0,  0x02,  0x27,  0x27,  0xD3,  0x08,  0x30,  0x33,  0x36,  0x39,
  0x3C,  0x3F,  0x42,  0x45,  0x01,  0x81,  0xCE,  0x01,  0x81,  0xC1,
  0x01,  0x81,  0xD0,  0x01,  0x24,  0xD0,  0x01,  0x2D,  0xD0,  0x01,
  0x5F,  0xD0,  0x01,  0x2C,  0xD0,  0x01,  0x25,  0xD0,  0x01,  0x2E,
  0x16,  0x4D,  0x15,  0x4D,  0x84,  0x01,  0x50,  0x81,  0x15,  0x71,
  0xD3,  0x07,  0x5D,  0x60,  0x63,  0x66,  0x69,  0x6D,  0x71,  0x01,
  0x81,  0xD0,  0x01,  0x29,  0xD0,  0x01,  0x5D,  0xD0,  0x01,  0x3E,
  0xD0,  0x01,  0x7D,  0xD0,  0x01,  0x22,  0xD0,  0x02,  0x27,  0x27,
  0xD0,  0x02,  0x60,  0x60,  0xC4,  0x01,  0x81,  0x00,  0x00,  0x00,
  0x00,  0x00,  0x00,  0x20,  0xFF,  0xFF,  0xFF,  0xFF,  0x00,  0x00,
  0x00,  0x32,  0x16,  0x21,  0x15,  0x21,  0xD3,  0x03,  0x19,  0x1D,
  0x21,  0x01,  0x01,  0xD0,  0x01,  0x22,  0xD0,  0x02,  0x60,  0x60,
  0xD0,  0x02,  0x27,  0x27,  0xD3,  0x08,  0x30,  0x33,  0x36,  0x39,
  0x3C,  0x3F,  0x42,  0x45,  0x01,  0x81,  0xCE,  0x01,  0x81,  0xC1,
  0x01,  0x81,  0xD0,  0x01,  0x24,  0xD0,  0x01,  0x2D,  0xD0,  0x01,
  0x5F,  0xD0,  0x01,  0x2C,  0xD0,  0x01,  0x25,  0xD0,  0x01,  0x2E,
  0x16,  0x4B,  0x84,  0x01,  0x4F,  0x81,  0x19,  0x70,  0x73,  0xD3,
  0x07,  0x5C,  0x5F,  0x62,  0x65,  0x68,  0x6C,  0x70,  0x01,  0x81,
  0xD0,  0x01,  0x29,  0xD0,  0x01,  0x5D,  0xD0,  0x01,  0x3E,  0xD0,
  0x01,  0x7D,  0xD0,  0x01,  0x22,  0xD0,  0x02,  0x27,  0x27,  0xD0,
  0x02,  0x60,  0x60,  0x10,  0x01,  0x20,  0xD3,  0x03,  0x7D,  0x80,
  0x83,  0x01,  0x81,  0xC1,  0x01,  0x81,  0xD0,  0x01,  0x2D,  0xD0,
  0x01,  0x5F,  0x00,  0x00,  0x00,  0x00,
  0x00,  0x00,  0x00,  0x21,  0xFF,  0xFF,  0xFF,  0xFF,  0x00,  0x00,
  0x00,  0x32,  0x16,  0x21,  0x15,  0x21,  0xD3,  0x03,  0x19,  0x1D,
  0x21,  0x01,  0x01,  0xD0,  0x01,  0x22,  0xD0,  0x02,  0x60,  0x60,
  0xD0,  0x02,  0x27,  0x27,  0xD3,  0x08,  0x30,  0x33,  0x36,  0x39,
  0x3C,  0x3F,  0x42,  0x45,  0x01,  0x81,  0xCE,  0x01,  0x81,  0xC1,
  0x01,  0x81,  0xD0,  0x01,  0x24,  0xD0,  0x01,  0x2D,  0xD0,  0x01,
  0x5F,  0xD0,  0x01,  0x2C,  0xD0,  0x01,  0x25,  0xD0,  0x01,  0x2E,
  0x16,  0x4B,  0x84,  0x01,  0x4E,  0x81,  0x15,  0x6F,  0xD3,  0x07,
  0x5B,  0x5E,  0x61,  0x64,  0x67,  0x6B,  0x6F,  0x01,  0x81,  0xD0,
  0x01,  0x29,  0xD0,  0x01,  0x5D,  0xD0,  0x01,  0x3E,  0xD0,  0x01,
  0x7D,  0xD0,  0x01,  0x22,  0xD0,  0x02,  0x27,  0x27,  0xD0,  0x02,
  0x60,  0x60,  0x00,  0x00,  0x00,  0x00,
  0x00,  0x00,  0x00,  0x22,  0xFF,  0xFF,  0xFF,  0xFF,  0x00,  0x00,
  0x00,  0x32,  0x5A,  0x1B,  0x1E,  0x1A,  0x18,  0x1B,  0xC1,  0x01,
  0x81,  0xD0,  0x02,  0x3A,  0x3A,  0x10,  0x01,  0x20,  0x10,  0x01,
  0x20,  0xC1,  0x01,  0x80,  0x00,  0x00,
  0x00,  0x00,  0x00,  0x27,  0xFF,  0xFF,  0xFF,  0xFF,  0x00,  0x00,
  0x00,  0x32,  0xEF,  0x02,  0x40,  0x18,  0xD0,  0x01,  0x3A,  0xEF,
  0x02,  0x40,  0x3C,  0x16,  0x1F,  0xD0,  0x01,  0x3A,  0xEF,  0x02,
  0x40,  0x3B,  0x16,  0x35,  0x3A,  0x32,  0x35,  0xD3,  0x02,  0x2E,
  0x32,  0x01,  0x01,  0xF0,  0x02,  0x61,  0x6D,  0xF0,  0x02,  0x70,
  0x6D,  0x10,  0x01,  0x20,  0x00,  0x00,
  0x00,  0x00,  0x34,  0x71,  0x00,  0x00,  0x00,  0x21,  0x00,  0x00,
  0x00,  0x32,  0x16,  0x16,  0x5A,  0x13,  0x16,  0xF0,  0x01,  0x76,
  0x10,  0x01,  0x20,  0xCF,  0x01,  0x81,  0xD0,  0x01,  0x2E,  0xCF,
  0x01,  0x81,  0x16,  0x49,  0x3A,  0x2A,  0x2D,  0xD0,  0x01,  0x2E,
  0xCF,  0x01,  0x81,  0x10,  0x01,  0x20,  0x16,  0x49,  0x3A,  0x38,
  0x3B,  0xD0,  0x01,  0x2E,  0xCF,  0x01,  0x81,  0x10,  0x01,  0x20,
  0x16,  0x49,  0x3A,  0x46,  0x49,  0xD0,  0x01,  0x2E,  0xCF,  0x01,
  0x81,  0x10,  0x01,  0x20,  0x00,  0x00,
  0x00,  0x00,  0x10,  0x9C,  0x00,  0x00,  0x00,  0x02,  0x00,  0x00,
  0x00,  0x32,  0x16,  0x19,  0xD3,  0x02,  0x16,  0x19,  0x01,  0x01,
  0xD0,  0x01,  0x2D,  0xD0,  0x01,  0x2B,  0x19,  0x33,  0x36,  0x17,
  0x01,  0x33,  0xD3,  0x04,  0x2A,  0x2D,  0x30,  0x33,  0x01,  0x01,
  0xD0,  0x01,  0x24,  0xD0,  0x01,  0xA3,  0xD0,  0x01,  0x80,  0xF0,
  0x01,  0x66,  0x10,  0x01,  0x20,  0x5A,  0x4F,  0x51,  0xD3,  0x03,
  0x43,  0x49,  0x4F,  0x01,  0x81,  0xCF,  0x01,  0x81,  0xD0,  0x01,
  0x2E,  0xCF,  0x01,  0x81,  0xD0,  0x01,  0x2C,  0xCF,  0x01,  0x81,
  0x12,  0x01,  0x00,  0x00,
  0x00,  0x40,  0x00,  0x28,  0xFF,  0xFF,  0xFF,  0xFF,  0x00,  0x00,
  0x00,  0x32,  0x16,  0x19,  0xD3,  0x02,  0x16,  0x19,  0x01,  0x01,
  0xD0,  0x01,  0x2D,  0xD0,  0x01,  0x2B,  0xD3,  0x06,  0x26,  0x2C,
  0x32,  0x38,  0x3E,  0x44,  0x01,  0x81,  0xCF,  0x01,  0x81,  0xD0,
  0x01,  0x2E,  0xCF,  0x01,  0x81,  0xD0,  0x01,  0x2C,  0xCF,  0x01,
  0x81,  0xD0,  0x01,  0x24,  0xCF,  0x01,  0x81,  0xD0,  0x01,  0x80,
  0xCF,  0x01,  0x81,  0xD0,  0x01,  0xA3,  0xCF,  0x01,  0x81,  0x00,
  0x00,  0x00,
  0x00,  0x00,  0x00,  0x2A,  0xFF,  0xFF,  0xFF,  0xFF,  0x00,  0x00,
  0x00,  0x32,  0x16,  0x19,  0xD3,  0x02,  0x16,  0x19,  0x01,  0x01,
  0xD0,  0x01,  0x2D,  0xD0,  0x01,  0x2B,  0xD3,  0x03,  0x23,  0x26,
  0x29,  0x01,  0x01,  0xD0,  0x01,  0x24,  0xD0,  0x01,  0xA3,  0xD0,
  0x01,  0x80,  0xCF,  0x01,  0x80,  0x16,  0x34,  0xD0,  0x01,  0x2E,
  0xCF,  0x01,  0x81,  0x00,  0x00,  0x00,
  0x00,  0x00,  0x00,  0x2B,  0x00,  0x00,  0x00,  0x48,  0x00,  0x00,
  0x00,  0x32,  0x16,  0x19,  0xD3,  0x02,  0x16,  0x19,  0x01,  0x01,
  0xD0,  0x01,  0x2D,  0xD0,  0x01,  0x2B,  0xD3,  0x04,  0x24,  0x27,
  0x2C,  0x2F,  0x01,  0x01,  0xD0,  0x01,  0x24,  0xD0,  0x01,  0xA3,
  0xF0,  0x03,  0x62,  0x73,  0x2E,  0xD0,  0x01,  0x80,  0xCF,  0x01,
  0x80,  0x16,  0x3A,  0xD0,  0x01,  0x2C,  0xCF,  0x01,  0x81,  0x00,
  0x00,  0x00,  0x00,  0x2C,  0xFF,  0xFF,  0xFF,  0xFF,  0x00,  0x00,
  0x00,  0x32,  0xD3,  0x01,  0x17,  0x02,  0x42,  0x0A,  0xCB,  0x01,
  0x01,  0xD0,  0x01,  0x2E,  0x00,  0x00,  0x00,  0x00,
  0x00,  0x00,  0x00,  0x2D,  0xFF,  0xFF,  0xFF,  0xFF,  0x00,  0x00,
  0x00,  0x32,  0xD3,  0x02,  0x14,  0x17,  0x01,  0x01,  0xF0,  0x01,
  0x61,  0xF0,  0x01,  0x70,  0x15,  0x1C,  0xD0,  0x01,  0x2E,  0xF0,
  0x01,  0x6D,  0x15,  0x24,  0x90,  0x01,  0x2E,  0x00,  0x00,  0x00,
  0x10,  0x00,  0x00,  0x2E,  0xFF,  0xFF,  0xFF,  0xFF,  0x00,  0x00,
  0x00,  0x32,  0x00,  0x43,  0x5A,  0x36,  0x38,  0x5A,  0x30,  0x33,
  0xD3,  0x03,  0x23,  0x2B,  0x30,  0x01,  0x01,  0xD0,  0x07,  0x68,
  0x74,  0x74,  0x70,  0x3A,  0x2F,  0x2F,  0xD0,  0x06,  0x66,  0x74,
  0x70,  0x3A,  0x2F,  0x2F,  0xD0,  0x03,  0x77,  0x77,  0x77,  0x10,
  0x01,  0x20,  0xCE,  0x81,  0x81,  0x11,  0x0B,  0x00,  0x00,  0x00,
  0x10,  0x00,  0x11,  0xF9,  0xFF,  0xFF,  0xFF,  0xFF,  0x00,  0x00,
  0x00,  0x32,  0x00,  0x43,  0x5A,  0x2D,  0x2F,  0x8E,  0x81,  0x1B,
  0x81,  0x3A,  0x20,  0x23,  0x5A,  0x1D,  0x20,  0x50,  0x01,  0x40,
  0x10,  0x01,  0x20,  0x10,  0x01,  0x20,  0x8E,  0x81,  0x28,  0x81,
  0x50,  0x01,  0x2E,  0xCE,  0x81,  0x81,  0x11,  0x0B,  0x00,  0x00,
  0x00,  0x00,
  0x00,  0x00,  0x00,  0x2F,  0xFF,  0xFF,  0xFF,  0xFF,  0x00,  0x00,
  0x00,  0x32,  0x19,  0x28,  0x30,  0x16,  0x13,  0xD0,  0x01,  0x7B,
  0xD3,  0x03,  0x1F,  0x23,  0x28,  0x01,  0x01,  0xD0,  0x03,  0x3A,
  0x2D,  0x29,  0xD0,  0x02,  0x3A,  0x29,  0xD0,  0x03,  0x3A,  0x5E,
  0x29,  0x10,  0x06,  0x73,  0x6D,  0x69,  0x6C,  0x65,  0x21,  0x00,
  0x00,  0x00,
  0x00,  0x00,  0x00,  0x31,  0xFF,  0xFF,  0xFF,  0xFF,  0x00,  0x00,
  0x00,  0x32,  0x5D,  0x0E,  0x14,  0x1D,  0x1D,  0xCE,  0x82,  0x42,
  0x05,  0x14,  0x1D,  0x19,  0x1B,  0x1D,  0x92,  0x07,  0x12,  0x09,
  0x00,  0x00,
  0x00,  0x00,  0x00,  0x32,  0xFF,  0xFF,  0xFF,  0xFF,  0x00,  0x00,
  0x00,  0x32,  0x8E,  0x81,  0x13,  0x81,  0x19,  0x15,  0x18,  0x50,
  0x01,  0x2E,  0x10,  0x01,  0x20,  0x15,  0x22,  0xD3,  0x01,  0x22,
  0x01,  0x81,  0xD0,  0x01,  0x2E,  0xCE,  0x81,  0x81,  0x00,  0x00,
  0x00,  0x00,  0x00,  0x46,  0xFF,  0xFF,  0xFF,  0xFF,  0x00,  0x00,
  0x00,  0x32,  0x8E,  0x81,  0x13,  0x81,  0x19,  0x15,  0x18,  0x50,
  0x01,  0x5F,  0x10,  0x01,  0x20,  0x15,  0x22,  0xD3,  0x01,  0x22,
  0x01,  0x81,  0xD0,  0x01,  0x5F,  0xCE,  0x81,  0x81,  0x00,  0x00,
  0x00,  0x00,  0x00,  0x47,  0xFF,  0xFF,  0xFF,  0xFF,  0x00,  0x00,
  0x00,  0x32,  0x8E,  0x81,  0x13,  0x81,  0x19,  0x15,  0x18,  0x50,
  0x01,  0x2D,  0x10,  0x01,  0x20,  0x15,  0x22,  0xD3,  0x01,  0x22,
  0x01,  0x81,  0xD0,  0x01,  0x2D,  0xCE,  0x81,  0x81,  0x00,  0x00,
  0x00,  0x00,  0x00,  0x33,  0xFF,  0xFF,  0xFF,  0xFF,  0x00,  0x00,
  0x00,  0x32,  0x19,  0x12,  0x1F,  0xCA,  0x02,  0x45,  0x80,  0x10,
  0x01,  0x20,  0x11,  0x81,  0x10,  0x01,  0x2E,  0x11,  0x82,  0x10,
  0x01,  0x20,  0x00,  0x00,  0x00,  0x00,
  0x00,  0x00,  0x00,  0x34,  0xFF,  0xFF,  0xFF,  0xFF,  0x00,  0x00,
  0x00,  0x32,  0xF0,  0x01,  0x63,  0x90,  0x02,  0x2B,  0x2B,  0x00,
  0x00,  0x00,  0x00,  0x35,  0xFF,  0xFF,  0xFF,  0xFF,  0x00,  0x00,
  0x00,  0x32,  0xCA,  0x01,  0x01,  0x00,
  0x00,  0x00,  0x14,  0xB4,  0xFF,  0xFF,  0xFF,  0xFF,  0x00,  0x00,
  0x00,  0x32,  0xC2,  0x01,  0x81,  0x00,
  0x00,  0x00,  0x00,  0x30,  0x00,  0x00,  0x00,  0x02,  0xFF,  0xFF,
  0xFF,  0xFF,  0x16,  0x19,  0xD3,  0x02,  0x16,  0x19,  0x01,  0x01,
  0xD0,  0x01,  0x2D,  0xD0,  0x01,  0x2B,  0xD3,  0x03,  0x23,  0x29,
  0x2F,  0x01,  0x81,  0xCF,  0x01,  0x81,  0xD0,  0x01,  0x2E,  0xCF,
  0x01,  0x81,  0xD0,  0x01,  0x2C,  0xCF,  0x01,  0x81,  0xD3,  0x02,
  0x38,  0x3B,  0x01,  0x01,  0xF0,  0x01,  0x66,  0xD0,  0x01,  0x80,
  0x00,  0x00,  0x00,  0x00,
  0x10,  0x00,  0x00,  0x36,  0xFF,  0xFF,  0xFF,  0xFF,  0x00,  0x00,
  0x00,  0x32,  0x00,  0x34,  0xC2,  0x01,  0x81,  0xD3,  0x02,  0x19,
  0x1C,  0x01,  0x81,  0xD0,  0x01,  0x3F,  0xD0,  0x01,  0x21,  0x19,
  0x37,  0x44,  0xD3,  0x05,  0x2B,  0x2E,  0x31,  0x34,  0x37,  0x01,
  0x01,  0xD0,  0x01,  0x2C,  0xD0,  0x01,  0x2E,  0xD0,  0x01,  0x3B,
  0xD0,  0x01,  0x21,  0xD0,  0x01,  0x2D,  0x10,  0x01,  0x20,  0x11,
  0x81,  0x10,  0x01,  0x2E,  0x11,  0x82,  0x10,  0x01,  0x20,  0x00,
  0x00,  0x00,
  0x10,  0x00,  0x15,  0x18,  0xFF,  0xFF,  0xFF,  0xFF,  0x00,  0x00,
  0x00,  0x32,  0x00,  0x2C,  0x19,  0x14,  0x17,  0xD0,  0x02,  0x60,
  0x60,  0x10,  0x01,  0x22,  0xCE,  0x81,  0x80,  0x00,
  0x10,  0x00,  0x15,  0x19,  0xFF,  0xFF,  0xFF,  0xFF,  0x00,  0x00,
  0x00,  0x32,  0x00,  0x2C,  0x19,  0x14,  0x17,  0xD0,  0x02,  0x27,
  0x27,  0x10,  0x01,  0x22,  0xCE,  0x81,  0x80,  0x00,
  0x10,  0x00,  0x15,  0x1A,  0xFF,  0xFF,  0xFF,  0xFF,  0x00,  0x00,
  0x00,  0x32,  0x00,  0x2C,  0x8E,  0x81,  0x15,  0x80,  0x19,  0x20,
  0x23,  0xD3,  0x02,  0x1D,  0x20,  0x01,  0x01,  0xD0,  0x01,  0x91,
  0xD0,  0x01,  0x92,  0x10,  0x01,  0x27,  0xCE,  0x81,  0x80,  0x00,
  0x10,  0x00,  0x15,  0x1B,  0xFF,  0xFF,  0xFF,  0xFF,  0x00,  0x00,
  0x00,  0x32,  0x00,  0x2C,  0x8E,  0x81,  0x15,  0x80,  0x19,  0x20,
  0x23,  0xD3,  0x02,  0x1D,  0x20,  0x01,  0x01,  0xD0,  0x01,  0x93,
  0xD0,  0x01,  0x94,  0x10,  0x01,  0x22,  0xCE,  0x81,  0x80,  0x00,
  0x00,  0x80,  0x00,  0x38,  0xFF,  0xFF,  0xFF,  0xFF,  0x00,  0x00,
  0x00,  0x32,  0xC2,  0x01,  0x81,  0xD0,  0x01,  0x2E,  0xC4,  0x01,
  0x01,  0x00,  0x00,  0x00,
  0x00,  0x00,  0x15,  0xE1,  0xFF,  0xFF,  0xFF,  0xFF,  0x00,  0x00,
  0x00,  0x32,  0xCB,  0x01,  0x01,  0xD0,  0x01,  0x2E,  0xC4,  0x01,
  0x01,  0x00,  0x00,  0x00,
  0x10,  0x00,  0x00,  0x39,  0xFF,  0xFF,  0xFF,  0xFF,  0x00,  0x00,
  0x00,  0x32,  0x00,  0x37,  0x8E,  0x81,  0x15,  0x80,  0x17,  0x01,
  0x17,  0x4A,  0x01,  0x01,  0x15,  0x20,  0xD3,  0x01,  0x20,  0x01,
  0x81,  0xD2,  0x01,  0xCE,  0x81,  0x80,  0x00,  0x00,  0x00,  0x00,
  0x18,  0x40,  0x00,  0x3C,  0xFF,  0xFF,  0xFF,  0xFF,  0x00,  0x00,
  0x00,  0x32,  0x00,  0x2C,  0x00,  0x38,  0x8E,  0x81,  0x1A,  0x80,
  0x3A,  0x1F,  0x22,  0x5A,  0x1C,  0x1F,  0x44,  0x01,  0x01,  0x10,
  0x01,  0x20,  0x10,  0x01,  0x20,  0x4E,  0x81,  0x81,  0x00,  0x00,
  0x10,  0x40,  0x00,  0x3F,  0xFF,  0xFF,  0xFF,  0xFF,  0x00,  0x00,
  0x00,  0x32,  0x00,  0x2C,  0x8E,  0x81,  0x18,  0x80,  0x3A,  0x1D,
  0x20,  0x5A,  0x1A,  0x1D,  0x49,  0x01,  0x01,  0x10,  0x01,  0x20,
  0x10,  0x01,  0x20,  0x00,  0x00,  0x00,
  0x10,  0x00,  0x00,  0x64,  0xFF,  0xFF,  0xFF,  0xFF,  0x00,  0x00,
  0x00,  0x01,  0x00,  0x3B,  0x8E,  0x81,  0x15,  0x80,  0x17,  0x01,
  0x17,  0x4A,  0x01,  0x01,  0x15,  0x20,  0xD3,  0x01,  0x20,  0x01,
  0x81,  0xD2,  0x01,  0xCE,  0x81,  0x80,  0x00,  0x00,  0x00,  0x00,
  0x10,  0x00,  0x14,  0x4E,  0xFF,  0xFF,  0xFF,  0xFF,  0x00,  0x00,
  0x00,  0x01,  0x00,  0x3F,  0xCE,  0x81,  0x81,  0xD3,  0x01,  0x17,
  0x01,  0x81,  0xD1,  0x83,  0x15,  0x1E,  0x8E,  0x02,  0x1F,  0x40,
  0x03,  0x44,  0x01,  0x01,  0x00,  0x00,
  0x10,  0x00,  0x14,  0x51,  0xFF,  0xFF,  0xFF,  0xFF,  0x00,  0x00,
  0x00,  0x01,  0x00,  0x3F,  0xCE,  0x81,  0x81,  0x15,  0x17,  0x8E,
  0x02,  0x18,  0x41,  0x03,  0x44,  0x01,  0x01,  0x00,
  0x18,  0x00,  0x00,  0x65,  0xFF,  0xFF,  0xFF,  0xFF,  0x00,  0x00,
  0x00,  0x01,  0x00,  0x3F,  0x00,  0x3D,  0xD3,  0x02,  0x18,  0x1B,
  0x01,  0x81,  0xC2,  0x01,  0x81,  0xCF,  0x01,  0x81,  0xC4,  0x01,
  0x01,  0x00,
  0x08,  0x00,  0x00,  0x67,  0xFF,  0xFF,  0xFF,  0xFF,  0x00,  0x00,
  0x00,  0x01,  0x00,  0x3E,  0xC2,  0x01,  0x81,  0xD0,  0x01,  0x27,
  0xC2,  0x01,  0x81,  0x00,
  0x18,  0x00,  0x00,  0x66,  0xFF,  0xFF,  0xFF,  0xFF,  0x00,  0x00,
  0x00,  0x01,  0x00,  0x3E,  0x00,  0x3F,  0x8E,  0x81,  0x17,  0x80,
  0x19,  0x19,  0x1C,  0x4A,  0x01,  0x81,  0x10,  0x01,  0x20,  0x00,
  0x00,  0x00,
  0x20,  0x00,  0x00,  0x78,  0x00,  0x00,  0x00,  0x00,
  0x10,  0x00,  0x09,  0x8C,  0x00,  0x00,  0x00,  0x21,  0x00,  0x00,
  0x00,  0x32,  0x00,  0x40,  0x83,  0x01,  0x15,  0x81,  0x19,  0x17,
  0x1F,  0x50,  0x01,  0x5C,  0x10,  0x01,  0x20,  0x11,  0x85,  0x10,
  0x01,  0x20,  0x83,  0x01,  0x24,  0x80,  0x11,  0x84,  0x00,  0x00,
  0x10,  0x00,  0x09,  0x92,  0xFF,  0xFF,  0xFF,  0xFF,  0x00,  0x00,
  0x00,  0x32,  0x00,  0x0B,  0x83,  0x01,  0x14,  0x81,  0x15,  0x15,
  0x11,  0x84,  0x00,  0x00,
  0x20,  0x00,  0x09,  0x94,  0x00,  0x00,  0x00,  0x00,
  0x10,  0x00,  0x00,  0x82,  0x00,  0x00,  0x00,  0x21,  0x00,  0x00,
  0x00,  0x32,  0x00,  0x49,  0x19,  0x19,  0x35,  0x90,  0x07,  0x68,
  0x74,  0x74,  0x70,  0x3A,  0x2F,  0x2F,  0x10,  0x08,  0x68,  0x20,
  0x74,  0x20,  0x74,  0x20,  0x70,  0x20,  0x11,  0x81,  0x10,  0x06,
  0x6B,  0x27,  0x6F,  0x6C,  0x78,  0x6E,  0x11,  0x82,  0x10,  0x04,
  0x20,  0x2F,  0x20,  0x2F,  0x00,  0x00,
  0x10,  0x00,  0x05,  0x15,  0x00,  0x00,  0x00,  0x04,  0x00,  0x00,
  0x00,  0x32,  0x00,  0x49,  0x19,  0x19,  0x3B,  0x90,  0x07,  0x68,
  0x74,  0x74,  0x70,  0x3A,  0x2F,  0x2F,  0x10,  0x08,  0x68,  0x20,
  0x74,  0x20,  0x74,  0x20,  0x70,  0x20,  0x11,  0x81,  0x10,  0x0C,
  0x64,  0x27,  0x63,  0x70,  0x40,  0x6C,  0x2A,  0x70,  0x55,  0x47,
  0x6B,  0x74,  0x11,  0x82,  0x10,  0x04,  0x20,  0x2F,  0x20,  0x2F,
  0x00,  0x00,  0x00,  0x00,
  0x10,  0x00,  0x05,  0x16,  0x00,  0x00,  0x00,  0x48,  0x00,  0x00,
  0x00,  0x32,  0x00,  0x49,  0x19,  0x19,  0x3C,  0x90,  0x07,  0x68,
  0x74,  0x74,  0x70,  0x3A,  0x2F,  0x2F,  0x10,  0x08,  0x68,  0x20,
  0x74,  0x20,  0x74,  0x20,  0x70,  0x20,  0x11,  0x81,  0x10,  0x0D,
  0x64,  0x27,  0x6F,  0x73,  0x2A,  0x70,  0x27,  0x75,  0x6E,  0x2D,
  0x74,  0x6F,  0x73,  0x11,  0x82,  0x10,  0x04,  0x20,  0x2F,  0x20,
  0x2F,  0x00,  0x00,  0x00,
  0x10,  0x00,  0x00,  0x83,  0x00,  0x00,  0x00,  0x21,  0x00,  0x00,
  0x00,  0x32,  0x00,  0x49,  0x19,  0x18,  0x32,  0x90,  0x06,  0x66,
  0x74,  0x70,  0x3A,  0x2F,  0x2F,  0x10,  0x06,  0x66,  0x20,  0x74,
  0x20,  0x70,  0x20,  0x11,  0x81,  0x10,  0x06,  0x6B,  0x27,  0x6F,
  0x6C,  0x78,  0x6E,  0x11,  0x82,  0x10,  0x04,  0x20,  0x2F,  0x20,
  0x2F,  0x00,
  0x10,  0x00,  0x05,  0x1F,  0x00,  0x00,  0x00,  0x04,  0x00,  0x00,
  0x00,  0x32,  0x00,  0x49,  0x19,  0x18,  0x38,  0x90,  0x06,  0x66,
  0x74,  0x70,  0x3A,  0x2F,  0x2F,  0x10,  0x06,  0x66,  0x20,  0x74,
  0x20,  0x70,  0x20,  0x11,  0x81,  0x10,  0x0C,  0x64,  0x27,  0x63,
  0x70,  0x40,  0x6C,  0x2A,  0x70,  0x55,  0x47,  0x6B,  0x74,  0x11,
  0x82,  0x10,  0x04,  0x20,  0x2F,  0x20,  0x2F,  0x00,  0x00,  0x00,
  0x10,  0x00,  0x05,  0x20,  0x00,  0x00,  0x00,  0x48,  0x00,  0x00,
  0x00,  0x32,  0x00,  0x49,  0x19,  0x18,  0x39,  0x90,  0x06,  0x66,
  0x74,  0x70,  0x3A,  0x2F,  0x2F,  0x10,  0x06,  0x66,  0x20,  0x74,
  0x20,  0x70,  0x20,  0x11,  0x81,  0x10,  0x0D,  0x64,  0x27,  0x6F,
  0x73,  0x2A,  0x70,  0x27,  0x75,  0x6E,  0x2D,  0x74,  0x6F,  0x73,
  0x11,  0x82,  0x10,  0x04,  0x20,  0x2F,  0x20,  0x2F,  0x00,  0x00,
  0x18,  0x00,  0x14,  0x09,  0xFF,  0xFF,  0xFF,  0xFF,  0x00,  0x00,
  0x00,  0x32,  0x00,  0x4A,  0x00,  0x51,  0x83,  0x01,  0x14,  0x81,
  0x11,  0x0B,  0x00,  0x00,
  0x10,  0x00,  0x01,  0x76,  0x00,  0x00,  0x00,  0x21,  0xFF,  0xFF,
  0xFF,  0xFF,  0x00,  0x49,  0x83,  0x01,  0x12,  0x80,  0x5D,  0x0F,
  0x1A,  0x23,  0x23,  0x02,  0x01,  0x24,  0x81,  0x14,  0x23,  0x19,
  0x21,  0x23,  0x92,  0x07,  0x12,  0x09,  0x03,  0x01,  0x28,  0x80,
  0x11,  0x0B,  0x00,  0x00,
  0x10,  0x00,  0x0E,  0x9E,  0x00,  0x00,  0x00,  0x21,  0xFF,  0xFF,
  0xFF,  0xFF,  0x00,  0x49,  0xD0,  0x03,  0x20,  0x40,  0x20,  0x5D,
  0x0F,  0x1B,  0x24,  0x24,  0x82,  0x01,  0x25,  0x81,  0x14,  0x24,
  0x19,  0x22,  0x24,  0x92,  0x07,  0x12,  0x09,  0x03,  0x01,  0x29,
  0x80,  0x11,  0x0B,  0x00,
  0x01,  0x00,  0x0E,  0x9D,  0x00,  0x00,  0x00,  0x21,  0xFF,  0xFF,
  0xFF,  0xFF,  0x00,  0x49,  0xC2,  0x01,  0x81,  0x00,  0x00,  0x00,
  0x01,  0x00,  0x14,  0x0A,  0x00,  0x00,  0x00,  0x01,  0x00,  0x00,
  0x00,  0x32,  0x00,  0x49,  0x83,  0x01,  0x17,  0x81,  0x99,  0x22,
  0x37,  0x01,  0x32,  0xD3,  0x02,  0x1F,  0x22,  0x01,  0x01,  0xD0,
  0x01,  0x2E,  0xD0,  0x01,  0x2F,  0x10,  0x01,  0x20,  0x11,  0x81,
  0x10,  0x04,  0x64,  0x27,  0x61,  0x74,  0x11,  0x82,  0x10,  0x01,
  0x20,  0x10,  0x03,  0x20,  0x2F,  0x20,  0x00,  0x00,  0x00,  0x00,
  0x01,  0x00,  0x14,  0x0B,  0x00,  0x00,  0x00,  0x20,  0x00,  0x00,
  0x00,  0x32,  0x00,  0x49,  0x83,  0x01,  0x17,  0x81,  0x99,  0x22,
  0x37,  0x01,  0x32,  0xD3,  0x02,  0x1F,  0x22,  0x01,  0x01,  0xD0,
  0x01,  0x2E,  0xD0,  0x01,  0x2F,  0x10,  0x01,  0x20,  0x11,  0x81,
  0x10,  0x04,  0x64,  0x27,  0x42,  0x74,  0x11,  0x82,  0x10,  0x01,
  0x20,  0x10,  0x03,  0x20,  0x2F,  0x20,  0x00,  0x00,  0x00,  0x00,
  0x01,  0x00,  0x14,  0x0C,  0x00,  0x00,  0x00,  0x04,  0x00,  0x00,
  0x00,  0x32,  0x00,  0x49,  0x83,  0x01,  0x17,  0x81,  0x99,  0x22,
  0x39,  0x01,  0x34,  0xD3,  0x02,  0x1F,  0x22,  0x01,  0x01,  0xD0,
  0x01,  0x2E,  0xD0,  0x01,  0x2F,  0x10,  0x01,  0x20,  0x11,  0x81,
  0x10,  0x06,  0x27,  0x70,  0x55,  0x47,  0x6B,  0x74,  0x11,  0x82,
  0x10,  0x01,  0x20,  0x10,  0x03,  0x20,  0x2F,  0x20,  0x00,  0x00,
  0x01,  0x00,  0x14,  0x0D,  0x00,  0x00,  0x00,  0x48,  0x00,  0x00,
  0x00,  0x32,  0x00,  0x49,  0x83,  0x01,  0x17,  0x81,  0x99,  0x22,
  0x3A,  0x01,  0x35,  0xD3,  0x02,  0x1F,  0x22,  0x01,  0x01,  0xD0,
  0x01,  0x2E,  0xD0,  0x01,  0x2F,  0x10,  0x01,  0x20,  0x11,  0x81,
  0x10,  0x07,  0x70,  0x27,  0x75,  0x6E,  0x2D,  0x74,  0x6F,  0x11,
  0x82,  0x10,  0x01,  0x20,  0x10,  0x03,  0x20,  0x2F,  0x20,  0x00,
  0x20,  0x00,  0x00,  0x8C,  0x00,  0x00,  0x00,  0x00,
  0x00,  0x00,  0x0F,  0xA1,  0x00,  0x00,  0x00,  0x04,  0xFF,  0xFF,
  0xFF,  0xFF,  0xCF,  0x01,  0x81,  0x15,  0x1C,  0xD3,  0x02,  0x19,
  0x1C,  0x01,  0x01,  0xD0,  0x01,  0x3A,  0xD0,  0x01,  0x2E,  0x19,
  0x25,  0x28,  0x17,  0x01,  0x25,  0xCF,  0x01,  0x02,  0x10,  0x01,
  0x20,  0xCE,  0x01,  0x81,  0x19,  0x33,  0x3B,  0x90,  0x03,  0x55,
  0x68,  0x72,  0x10,  0x04,  0x55,  0x68,  0x72,  0x20,  0x12,  0x01,
  0x00,  0x00,  0x00,  0x00,
  0x00,  0x00,  0x01,  0x90,  0x00,  0x00,  0x00,  0x04,  0xFF,  0xFF,
  0xFF,  0xFF,  0xEF,  0x02,  0x40,  0x17,  0x19,  0x21,  0x24,  0x17,
  0x01,  0x21,  0xD3,  0x02,  0x1E,  0x21,  0x01,  0x01,  0xD0,  0x01,
  0x2C,  0xD0,  0x01,  0x3A,  0x10,  0x01,  0x3A,  0xEF,  0x02,  0x40,
  0x3B,  0x16,  0x36,  0x19,  0x2F,  0x32,  0x52,  0x01,  0x10,  0x01,
  0x3A,  0xEF,  0x02,  0x40,  0x3B,  0xCE,  0x02,  0x40,  0x03,  0x15,
  0x51,  0xD3,  0x03,  0x4A,  0x4E,  0x51,  0x01,  0x01,  0xD0,  0x01,
  0x55,  0xF0,  0x02,  0x68,  0x72,  0xF0,  0x02,  0x68,  0x2E,  0xF0,
  0x01,  0x68,  0x00,  0x00,
  0x00,  0x00,  0x01,  0x91,  0x00,  0x00,  0x00,  0x04,  0xFF,  0xFF,
  0xFF,  0xFF,  0xEF,  0x02,  0x41,  0x1F,  0x19,  0x2B,  0x2E,  0x17,
  0x01,  0x2B,  0xD3,  0x04,  0x20,  0x23,  0x26,  0x2B,  0x01,  0x01,
  0xD0,  0x01,  0x2F,  0xD0,  0x01,  0x2D,  0xD0,  0x01,  0x2E,  0xD0,
  0x03,  0x20,  0x2E,  0x20,  0x10,  0x01,  0x2D,  0x5D,  0x04,  0x37,
  0x40,  0x40,  0xEF,  0x02,  0x41,  0x0C,  0x14,  0x40,  0x19,  0x3E,
  0x40,  0x92,  0x07,  0x12,  0x09,  0x19,  0x45,  0x48,  0x52,  0x01,
  0x10,  0x01,  0x2D,  0xCF,  0x02,  0x02,  0x04,  0x00,  0x00,  0x00,
  0x00,  0x00,  0x0F,  0xAA,  0x00,  0x00,  0x00,  0x04,  0xFF,  0xFF,
  0xFF,  0xFF,  0xEF,  0x02,  0x41,  0x1F,  0x19,  0x2B,  0x2E,  0x17,
  0x01,  0x2B,  0xD3,  0x04,  0x20,  0x23,  0x26,  0x2B,  0x01,  0x01,
  0xD0,  0x01,  0x2F,  0xD0,  0x01,  0x2D,  0xD0,  0x01,  0x2E,  0xD0,
  0x03,  0x20,  0x2E,  0x20,  0x10,  0x01,  0x2D,  0x5D,  0x15,  0x37,
  0x40,  0x40,  0x82,  0x01,  0x46,  0x81,  0x14,  0x40,  0x19,  0x3E,
  0x40,  0x92,  0x07,  0x12,  0x09,  0x16,  0x4E,  0x19,  0x47,  0x4A,
  0x52,  0x01,  0x10,  0x01,  0x2D,  0xCF,  0x02,  0x02,  0x04,  0x00,
  0x00,  0x00,  0x01,  0x92,  0x00,  0x00,  0x00,  0x04,  0xFF,  0xFF,
  0xFF,  0xFF,  0x19,  0x13,  0x19,  0x90,  0x03,  0x77,  0x61,  0x76,
  0x10,  0x04,  0x77,  0x65,  0x68,  0x76,  0x00,  0x00,
  0x00,  0x00,  0x01,  0x93,  0x00,  0x00,  0x00,  0x04,  0xFF,  0xFF,
  0xFF,  0xFF,  0xD3,  0x02,  0x14,  0x17,  0x01,  0x81,  0xCF,  0x01,
  0x81,  0xD0,  0x01,  0x2E,  0x15,  0x1C,  0xD0,  0x01,  0x2C,  0x19,
  0x23,  0x26,  0xD0,  0x02,  0x30,  0x30,  0x10,  0x01,  0x20,  0xCE,
  0x01,  0x81,  0x19,  0x30,  0x38,  0x90,  0x02,  0x44,  0x4D,  0x10,
  0x06,  0x4D,  0x61,  0x72,  0x6B,  0x2C,  0x20,  0x00,  0x00,  0x00,
  0x00,  0x00,  0x0F,  0xBF,  0x00,  0x00,  0x00,  0x04,  0xFF,  0xFF,
  0xFF,  0xFF,  0xD3,  0x02,  0x14,  0x17,  0x01,  0x81,  0xCF,  0x01,
  0x81,  0xD0,  0x01,  0x2E,  0x15,  0x1C,  0xD0,  0x01,  0x2C,  0x19,
  0x28,  0x2B,  0xD0,  0x01,  0x30,  0x17,  0x01,  0x28,  0xCF,  0x01,
  0x01,  0x10,  0x01,  0x20,  0xCE,  0x01,  0x81,  0x19,  0x35,  0x3F,
  0x90,  0x02,  0x44,  0x4D,  0x10,  0x06,  0x4D,  0x61,  0x72,  0x6B,
  0x2C,  0x20,  0x12,  0x01,  0x00,  0x00,  0x00,  0x00,
  0x00,  0x00,  0x0F,  0xC0,  0x00,  0x00,  0x00,  0x04,  0xFF,  0xFF,
  0xFF,  0xFF,  0xD3,  0x02,  0x14,  0x17,  0x01,  0x81,  0xCF,  0x01,
  0x81,  0xD0,  0x01,  0x2E,  0x15,  0x1C,  0xD0,  0x01,  0x2C,  0x19,
  0x25,  0x28,  0x17,  0x01,  0x25,  0xCF,  0x01,  0x02,  0x10,  0x01,
  0x20,  0xCE,  0x01,  0x81,  0x19,  0x32,  0x3C,  0x90,  0x02,  0x44,
  0x4D,  0x10,  0x06,  0x4D,  0x61,  0x72,  0x6B,  0x2C,  0x20,  0x12,
  0x01,  0x00,  0x00,  0x00,
  0x00,  0x00,  0x01,  0x94,  0x00,  0x00,  0x00,  0x04,  0xFF,  0xFF,
  0xFF,  0xFF,  0x15,  0x14,  0xD0,  0x02,  0x44,  0x4D,  0xCE,  0x01,
  0x81,  0xD3,  0x02,  0x1D,  0x20,  0x01,  0x81,  0xCF,  0x01,  0x81,
  0xD0,  0x01,  0x2E,  0x19,  0x26,  0x2F,  0xD0,  0x01,  0x2C,  0x10,
  0x07,  0x20,  0x4D,  0x61,  0x72,  0x6B,  0x2C,  0x20,  0xCF,  0x01,
  0x02,  0x00,
  0x00,  0x00,  0x01,  0x95,  0x00,  0x00,  0x00,  0x04,  0xFF,  0xFF,
  0xFF,  0xFF,  0x19,  0x12,  0x18,  0x90,  0x02,  0x44,  0x4D,  0x10,
  0x04,  0x4D,  0x61,  0x72,  0x6B,  0x00,  0x00,  0x00,
  0x10,  0x00,  0x01,  0x99,  0x00,  0x00,  0x00,  0x04,  0xFF,  0xFF,
  0xFF,  0xFF,  0x00,  0xC3,  0xD0,  0x01,  0x30,  0xCF,  0x02,  0x42,
  0x04,  0xD3,  0x03,  0x24,  0x27,  0x2A,  0x01,  0x01,  0xCE,  0x01,
  0x80,  0xD0,  0x01,  0x2F,  0xCE,  0x01,  0x80,  0xD0,  0x01,  0x2F,
  0xCE,  0x01,  0x81,  0xD3,  0x02,  0x34,  0x3E,  0x01,  0x01,  0xCF,
  0x02,  0x43,  0x0A,  0xCF,  0x02,  0x41,  0x02,  0xCE,  0x01,  0x81,
  0xCF,  0x01,  0x02,  0x16,  0x51,  0x19,  0x4A,  0x4D,  0xCE,  0x02,
  0x40,  0x03,  0xD0,  0x01,  0x2D,  0x10,  0x01,  0x20,  0xCF,  0x02,
  0x41,  0x05,  0x00,  0x00,
  0x00,  0x00,  0x01,  0xD6,  0x00,  0x00,  0x00,  0x04,  0xFF,  0xFF,
  0xFF,  0xFF,  0xCF,  0x02,  0x41,  0x03,  0x19,  0x16,  0x19,  0xCE,
  0x02,  0x41,  0x03,  0x10,  0x01,  0x2E,  0xCF,  0x01,  0x03,  0x16,
  0x2B,  0x19,  0x25,  0x28,  0xCE,  0x02,  0x41,  0x03,  0x10,  0x01,
  0x2E,  0xCF,  0x01,  0x03,  0x16,  0x3A,  0x19,  0x34,  0x37,  0xCE,
  0x02,  0x41,  0x03,  0x10,  0x01,  0x2E,  0xCF,  0x01,  0x03,  0x16,
  0x49,  0x19,  0x43,  0x46,  0xCE,  0x02,  0x41,  0x03,  0x10,  0x01,
  0x2E,  0xCF,  0x01,  0x03,  0x16,  0x58,  0x19,  0x52,  0x55,  0xCE,
  0x02,  0x41,  0x03,  0x10,  0x01,  0x2E,  0xCF,  0x01,  0x03,  0x16,
  0x67,  0x19,  0x61,  0x64,  0xCE,  0x02,  0x41,  0x03,  0x10,  0x01,
  0x2E,  0xCF,  0x01,  0x03,  0x16,  0x76,  0x19,  0x70,  0x73,  0xCE,
  0x02,  0x41,  0x03,  0x10,  0x01,  0x2E,  0xCF,  0x01,  0x03,  0x00,
  0x00,  0x00,  0x01,  0xF4,  0x00,  0x00,  0x00,  0x48,  0xFF,  0xFF,
  0xFF,  0xFF,  0xEF,  0x02,  0x41,  0x1F,  0x19,  0x2B,  0x2E,  0x17,
  0x01,  0x2B,  0xD3,  0x04,  0x20,  0x23,  0x26,  0x2B,  0x01,  0x01,
  0xD0,  0x01,  0x2F,  0xD0,  0x01,  0x2D,  0xD0,  0x01,  0x2E,  0xD0,
  0x03,  0x20,  0x2E,  0x20,  0x10,  0x01,  0x2D,  0x5D,  0x03,  0x37,
  0x40,  0x40,  0xEF,  0x02,  0x41,  0x0C,  0x14,  0x40,  0x19,  0x3E,
  0x40,  0x92,  0x07,  0x12,  0x09,  0x19,  0x45,  0x48,  0x52,  0x01,
  0x10,  0x01,  0x2D,  0xCF,  0x02,  0x02,  0x04,  0x00,  0x00,  0x00,
  0x00,  0x00,  0x02,  0x02,  0x00,  0x00,  0x00,  0x48,  0xFF,  0xFF,
  0xFF,  0xFF,  0x15,  0x31,  0x17,  0x01,  0x22,  0x5D,  0x03,  0x19,
  0x22,  0x22,  0xEF,  0x02,  0x41,  0x0C,  0x14,  0x22,  0x19,  0x20,
  0x22,  0x92,  0x07,  0x12,  0x09,  0x17,  0x02,  0x31,  0xD3,  0x02,
  0x2E,  0x31,  0x01,  0x01,  0xD0,  0x01,  0x2F,  0xD0,  0x01,  0x2D,
  0xEF,  0x02,  0x41,  0x1F,  0x19,  0x3A,  0x42,  0x52,  0x02,  0x10,
  0x01,  0x2D,  0x12,  0x01,  0x10,  0x01,  0x2D,  0xCF,  0x02,  0x02,
  0x04,  0x00,
  0x00,  0x00,  0x14,  0x14,  0x00,  0x00,  0x00,  0x48,  0xFF,  0xFF,
  0xFF,  0xFF,  0xEF,  0x02,  0x41,  0x1F,  0x19,  0x2B,  0x2E,  0x17,
  0x01,  0x2B,  0xD3,  0x04,  0x20,  0x23,  0x26,  0x2B,  0x01,  0x01,
  0xD0,  0x01,  0x2F,  0xD0,  0x01,  0x2D,  0xD0,  0x01,  0x2E,  0xD0,
  0x03,  0x20,  0x2E,  0x20,  0x10,  0x01,  0x2D,  0x5D,  0x16,  0x37,
  0x40,  0x40,  0x82,  0x01,  0x46,  0x81,  0x14,  0x40,  0x19,  0x3E,
  0x40,  0x92,  0x07,  0x12,  0x09,  0x16,  0x4E,  0x19,  0x47,  0x4A,
  0x52,  0x01,  0x10,  0x01,  0x2D,  0xCF,  0x02,  0x02,  0x04,  0x00,
  0x10,  0x00,  0x01,  0xF5,  0x00,  0x00,  0x00,  0x48,  0xFF,  0xFF,
  0xFF,  0xFF,  0x00,  0xD6,  0x16,  0x1E,  0xD0,  0x01,  0x31,  0x19,
  0x18,  0x1E,  0xD0,  0x01,  0x2D,  0x11,  0x86,  0x10,  0x02,  0x2C,
  0x20,  0x1A,  0x25,  0x2A,  0xCF,  0x02,  0x42,  0x03,  0x11,  0x86,
  0x10,  0x01,  0x20,  0x19,  0x30,  0x36,  0xD0,  0x01,  0x2D,  0x11,
  0x86,  0x10,  0x02,  0x2C,  0x20,  0x1A,  0x40,  0x45,  0xEF,  0x02,
  0x42,  0x09,  0x4F,  0x01,  0x02,  0x11,  0x86,  0x10,  0x01,  0x20,
  0x19,  0x4B,  0x51,  0xD0,  0x01,  0x2D,  0x11,  0x86,  0x10,  0x02,
  0x2C,  0x20,  0x5A,  0x64,  0x6D,  0x1A,  0x5A,  0x5F,  0xCF,  0x01,
  0x04,  0x11,  0x86,  0x10,  0x01,  0x20,  0x16,  0x64,  0xC4,  0x01,
  0x01,  0x11,  0x86,  0x11,  0x81,  0x10,  0x01,  0x2C,  0x11,  0x82,
  0x00,  0x00,
  0x10,  0x00,  0x01,  0xF6,  0x00,  0x00,  0x00,  0x48,  0xFF,  0xFF,
  0xFF,  0xFF,  0x00,  0xD6,  0x16,  0x1E,  0xD0,  0x01,  0x31,  0x19,
  0x18,  0x1E,  0xD0,  0x01,  0x20,  0x11,  0x86,  0x10,  0x02,  0x2C,
  0x20,  0x1A,  0x25,  0x2A,  0xCF,  0x02,  0x42,  0x03,  0x11,  0x86,
  0x10,  0x01,  0x20,  0x19,  0x30,  0x36,  0xD0,  0x01,  0x20,  0x11,
  0x86,  0x10,  0x02,  0x2C,  0x20,  0x1A,  0x40,  0x45,  0xEF,  0x02,
  0x42,  0x09,  0x4F,  0x01,  0x02,  0x11,  0x86,  0x10,  0x01,  0x20,
  0x19,  0x4B,  0x51,  0xD0,  0x01,  0x20,  0x11,  0x86,  0x10,  0x02,
  0x2C,  0x20,  0x5A,  0x64,  0x6D,  0x1A,  0x5A,  0x5F,  0xCF,  0x01,
  0x04,  0x11,  0x86,  0x10,  0x01,  0x20,  0x16,  0x64,  0xC4,  0x01,
  0x01,  0x11,  0x86,  0x11,  0x81,  0x10,  0x01,  0x2C,  0x11,  0x82,
  0x00,  0x00,
  0x10,  0x00,  0x01,  0xF7,  0x00,  0x00,  0x00,  0x48,  0xFF,  0xFF,
  0xFF,  0xFF,  0x00,  0xD6,  0x3A,  0x25,  0x2C,  0x5A,  0x1F,  0x25,
  0x1A,  0x1A,  0x1F,  0xCF,  0x02,  0x42,  0x03,  0x11,  0x86,  0x10,
  0x01,  0x20,  0x11,  0x86,  0x10,  0x02,  0x2C,  0x20,  0x11,  0x81,
  0x10,  0x01,  0x2C,  0x11,  0x82,  0xCE,  0x01,  0x80,  0x1A,  0x39,
  0x3E,  0xEF,  0x02,  0x42,  0x09,  0x4F,  0x01,  0x02,  0x11,  0x86,
  0x10,  0x01,  0x20,  0x19,  0x50,  0x56,  0xD3,  0x03,  0x4B,  0x4E,
  0x50,  0x01,  0x01,  0xD0,  0x01,  0x2D,  0xD0,  0x01,  0x20,  0xD0,
  0x00,  0x11,  0x86,  0x10,  0x02,  0x2C,  0x20,  0x5A,  0x69,  0x72,
  0x1A,  0x5F,  0x64,  0xCF,  0x01,  0x04,  0x11,  0x86,  0x10,  0x01,
  0x20,  0x16,  0x69,  0xC4,  0x01,  0x01,  0x11,  0x86,  0x11,  0x81,
  0x10,  0x01,  0x2C,  0x11,  0x82,  0x00,
  0x10,  0x00,  0x01,  0xF8,  0x00,  0x00,  0x00,  0x48,  0xFF,  0xFF,
  0xFF,  0xFF,  0x00,  0xD7,  0xCF,  0x02,  0x42,  0x03,  0xD3,  0x02,
  0x1B,  0x1E,  0x01,  0x01,  0xCE,  0x02,  0x41,  0x03,  0xD0,  0x01,
  0x2D,  0xCF,  0x04,  0x05,  0x07,  0x09,  0x0B,  0x00,  0x00,  0x00,
  0x10,  0x00,  0x01,  0xF9,  0x00,  0x00,  0x00,  0x48,  0xFF,  0xFF,
  0xFF,  0xFF,  0x00,  0xD9,  0xCF,  0x02,  0x42,  0x03,  0xD3,  0x02,
  0x1B,  0x1E,  0x01,  0x01,  0xCE,  0x02,  0x41,  0x03,  0xD0,  0x01,
  0x2D,  0xCF,  0x04,  0x04,  0x06,  0x08,  0x0A,  0x00,  0x00,  0x00,
  0x10,  0x00,  0x01,  0xFA,  0x00,  0x00,  0x00,  0x48,  0xFF,  0xFF,
  0xFF,  0xFF,  0x00,  0xD7,  0xCF,  0x02,  0x42,  0x03,  0xD3,  0x02,
  0x1B,  0x1E,  0x01,  0x01,  0xCE,  0x02,  0x41,  0x03,  0xD0,  0x01,
  0x2D,  0xCF,  0x02,  0x01,  0x03,  0xD3,  0x02,  0x2F,  0x35,  0x02,
  0x41,  0x03,  0xD0,  0x01,  0x20,  0xCF,  0x01,  0x02,  0xD0,  0x01,
  0x2D,  0xCF,  0x01,  0x02,  0x00,  0x00,
  0x10,  0x00,  0x01,  0xFB,  0x00,  0x00,  0x00,  0x48,  0xFF,  0xFF,
  0xFF,  0xFF,  0x00,  0xD9,  0xCF,  0x02,  0x42,  0x03,  0xD3,  0x02,
  0x1B,  0x1E,  0x01,  0x01,  0xCE,  0x02,  0x41,  0x03,  0xD0,  0x01,
  0x2D,  0xCF,  0x01,  0x02,  0xD3,  0x02,  0x2E,  0x34,  0x02,  0x41,
  0x03,  0xD0,  0x01,  0x20,  0xCF,  0x01,  0x02,  0xD0,  0x01,  0x2D,
  0xCF,  0x01,  0x02,  0x00,  0x00,  0x00,
  0x10,  0x00,  0x02,  0x01,  0x00,  0x00,  0x00,  0x48,  0xFF,  0xFF,
  0xFF,  0xFF,  0x00,  0xE0,  0xD0,  0x04,  0x30,  0x31,  0x31,  0x2D,
  0xD3,  0x01,  0x1F,  0x01,  0x02,  0xCF,  0x02,  0x42,  0x03,  0xD0,
  0x01,  0x2D,  0xCF,  0x01,  0x03,  0xD0,  0x01,  0x2D,  0xCF,  0x01,
  0x04,  0x00,  0x00,  0x00,
  0x10,  0x00,  0x01,  0xFC,  0x00,  0x00,  0x00,  0x48,  0xFF,  0xFF,
  0xFF,  0xFF,  0x00,  0xDB,  0xD0,  0x04,  0x30,  0x31,  0x31,  0x2D,
  0xD3,  0x01,  0x1F,  0x01,  0x02,  0xCF,  0x02,  0x42,  0x03,  0xD0,
  0x01,  0x2D,  0xCF,  0x04,  0x05,  0x07,  0x09,  0x0B,  0x00,  0x00,
  0x10,  0x00,  0x01,  0xFD,  0x00,  0x00,  0x00,  0x48,  0xFF,  0xFF,
  0xFF,  0xFF,  0x00,  0xDD,  0xD0,  0x04,  0x30,  0x31,  0x31,  0x2D,
  0xD3,  0x01,  0x1F,  0x01,  0x02,  0xCF,  0x02,  0x42,  0x03,  0xD0,
  0x01,  0x2D,  0xCF,  0x04,  0x04,  0x06,  0x08,  0x0A,  0x00,  0x00,
  0x10,  0x00,  0x01,  0xFE,  0x00,  0x00,  0x00,  0x48,  0xFF,  0xFF,
  0xFF,  0xFF,  0x00,  0xDB,  0xD0,  0x04,  0x30,  0x31,  0x31,  0x2D,
  0xD3,  0x01,  0x1F,  0x01,  0x02,  0xCF,  0x02,  0x42,  0x03,  0xD0,
  0x01,  0x2D,  0xCF,  0x02,  0x41,  0x03,  0xD3,  0x02,  0x30,  0x36,
  0x02,  0x41,  0x03,  0xD0,  0x01,  0x20,  0xCF,  0x01,  0x02,  0xD0,
  0x01,  0x2D,  0xCF,  0x01,  0x02,  0x00,
  0x10,  0x00,  0x01,  0xFF,  0x00,  0x00,  0x00,  0x48,  0xFF,  0xFF,
  0xFF,  0xFF,  0x00,  0xDD,  0xD0,  0x04,  0x30,  0x31,  0x31,  0x2D,
  0xD3,  0x01,  0x1F,  0x01,  0x02,  0xCF,  0x02,  0x42,  0x03,  0xD0,
  0x01,  0x2D,  0xCF,  0x01,  0x02,  0xD3,  0x02,  0x2F,  0x35,  0x02,
  0x41,  0x03,  0xD0,  0x01,  0x20,  0xCF,  0x01,  0x02,  0xD0,  0x01,
  0x2D,  0xCF,  0x01,  0x02,  0x00,  0x00,
  0x10,  0x00,  0x02,  0x03,  0x00,  0x00,  0x00,  0x48,  0xFF,  0xFF,
  0xFF,  0xFF,  0x00,  0xD6,  0x1A,  0x13,  0x18,  0xCF,  0x01,  0x04,
  0x11,  0x86,  0x10,  0x01,  0x20,  0x19,  0x1E,  0x24,  0xD0,  0x01,
  0x2D,  0x11,  0x86,  0x10,  0x02,  0x2C,  0x20,  0x1A,  0x2A,  0x2F,
  0xCF,  0x01,  0x04,  0x11,  0x86,  0x10,  0x01,  0x20,  0x19,  0x35,
  0x3B,  0xD0,  0x01,  0x2D,  0x11,  0x86,  0x10,  0x02,  0x2C,  0x20,
  0x1A,  0x41,  0x46,  0xCF,  0x01,  0x04,  0x11,  0x86,  0x10,  0x01,
  0x20,  0x19,  0x4C,  0x52,  0xD0,  0x01,  0x2D,  0x11,  0x86,  0x10,
  0x02,  0x2C,  0x20,  0x5A,  0x60,  0x69,  0x1A,  0x5B,  0x60,  0xCF,
  0x01,  0x04,  0x11,  0x86,  0x10,  0x01,  0x20,  0x11,  0x86,  0x11,
  0x81,  0x10,  0x01,  0x2C,  0x11,  0x82,  0x00,  0x00,
  0x10,  0x00,  0x02,  0x04,  0x00,  0x00,  0x00,  0x48,  0xFF,  0xFF,
  0xFF,  0xFF,  0x00,  0xB2,  0x19,  0x13,  0x18,  0xD0,  0x01,  0x31,
  0x10,  0x03,  0x75,  0x6E,  0x6F,  0xD3,  0x02,  0x25,  0x28,  0x01,
  0x01,  0xCE,  0x02,  0x41,  0x03,  0xCF,  0x01,  0x01,  0xC4,  0x01,
  0x01,  0x00,  0x00,  0x00,
  0x10,  0x00,  0x02,  0x05,  0x00,  0x00,  0x00,  0x48,  0xFF,  0xFF,
  0xFF,  0xFF,  0x00,  0xB2,  0x19,  0x14,  0x19,  0x90,  0x02,  0x31,
  0x20,  0x10,  0x03,  0x75,  0x6E,  0x6F,  0x00,  0x00,
  0x00,  0x00,  0x02,  0x27,  0x00,  0x00,  0x00,  0x20,  0xFF,  0xFF,
  0xFF,  0xFF,  0xEF,  0x02,  0x41,  0x1F,  0x19,  0x2B,  0x2E,  0x17,
  0x01,  0x2B,  0xD3,  0x04,  0x20,  0x23,  0x26,  0x2B,  0x01,  0x01,
  0xD0,  0x01,  0x2F,  0xD0,  0x01,  0x2D,  0xD0,  0x01,  0x2E,  0xD0,
  0x03,  0x20,  0x2E,  0x20,  0x10,  0x01,  0x2D,  0x5D,  0x05,  0x37,
  0x40,  0x40,  0xEF,  0x02,  0x41,  0x0C,  0x14,  0x40,  0x19,  0x3E,
  0x40,  0x92,  0x07,  0x12,  0x09,  0x19,  0x45,  0x48,  0x52,  0x01,
  0x10,  0x01,  0x2D,  0xCF,  0x02,  0x02,  0x04,  0x00,  0x00,  0x00,
  0x00,  0x00,  0x02,  0x28,  0x00,  0x00,  0x00,  0x20,  0xFF,  0xFF,
  0xFF,  0xFF,  0xCB,  0x01,  0x81,  0xCF,  0x01,  0x81,  0x19,  0x19,
  0x1D,  0xD0,  0x03,  0x20,  0x5F,  0x20,  0x10,  0x02,  0x2C,  0x20,
  0xCF,  0x01,  0x81,  0xCB,  0x01,  0x81,  0x00,  0x00,  0x00,  0x00,
  0x00,  0x00,  0x02,  0x29,  0x00,  0x00,  0x00,  0x20,  0xFF,  0xFF,
  0xFF,  0xFF,  0xCF,  0x02,  0x41,  0x03,  0x19,  0x15,  0x1D,  0x90,
  0x01,  0x70,  0x10,  0x06,  0x20,  0x70,  0x65,  0x6E,  0x63,  0x65,
  0x00,  0x00,
  0x00,  0x00,  0x0F,  0x28,  0x00,  0x00,  0x00,  0x02,  0xFF,  0xFF,
  0xFF,  0xFF,  0xCF,  0x01,  0x81,  0xD3,  0x03,  0x19,  0x1E,  0x23,
  0x01,  0x01,  0xF0,  0x02,  0x65,  0x72,  0xF0,  0x03,  0xE8,  0x6D,
  0x65,  0xF0,  0x03,  0xE8,  0x72,  0x65,  0x00,  0x00,  0x00,  0x00,
  0x00,  0x00,  0x12,  0xC1,  0x00,  0x00,  0x00,  0x02,  0xFF,  0xFF,
  0xFF,  0xFF,  0xEF,  0x02,  0x40,  0x18,  0xD0,  0x01,  0x68,  0xEF,
  0x02,  0x40,  0x3C,  0x00,
  0x00,  0x00,  0x15,  0x86,  0x00,  0x00,  0x00,  0x02,  0xFF,  0xFF,
  0xFF,  0xFF,  0xEF,  0x02,  0x41,  0x1F,  0x19,  0x2B,  0x2E,  0x17,
  0x01,  0x2B,  0xD3,  0x04,  0x20,  0x23,  0x26,  0x2B,  0x01,  0x01,
  0xD0,  0x01,  0x2F,  0xD0,  0x01,  0x2D,  0xD0,  0x01,  0x2E,  0xD0,
  0x03,  0x20,  0x2E,  0x20,  0x10,  0x01,  0x2D,  0x5D,  0x06,  0x37,
  0x40,  0x40,  0xEF,  0x02,  0x41,  0x0C,  0x14,  0x40,  0x19,  0x3E,
  0x40,  0x92,  0x07,  0x12,  0x09,  0x19,  0x45,  0x48,  0x52,  0x01,
  0x10,  0x01,  0x2D,  0xCF,  0x02,  0x02,  0x04,  0x00,  0x00,  0x00,
  0x00,  0x00,  0x0C,  0x30,  0x00,  0x00,  0x00,  0x02,  0xFF,  0xFF,
  0xFF,  0xFF,  0x15,  0x31,  0x17,  0x01,  0x22,  0x5D,  0x06,  0x19,
  0x22,  0x22,  0xEF,  0x02,  0x41,  0x0C,  0x14,  0x22,  0x19,  0x20,
  0x22,  0x92,  0x07,  0x12,  0x09,  0x17,  0x02,  0x31,  0xD3,  0x02,
  0x2E,  0x31,  0x01,  0x01,  0xD0,  0x01,  0x2F,  0xD0,  0x01,  0x2D,
  0xEF,  0x02,  0x41,  0x1F,  0x19,  0x3A,  0x42,  0x52,  0x02,  0x10,
  0x01,  0x2D,  0x12,  0x01,  0x10,  0x01,  0x2D,  0xCF,  0x02,  0x02,
  0x04,  0x00,
  0x00,  0x00,  0x79,  0xE1,  0x00,  0x00,  0x00,  0x02,  0xFF,  0xFF,
  0xFF,  0xFF,  0xEF,  0x02,  0x41,  0x1F,  0x19,  0x2B,  0x2E,  0x17,
  0x01,  0x2B,  0xD3,  0x04,  0x20,  0x23,  0x26,  0x2B,  0x01,  0x01,
  0xD0,  0x01,  0x2F,  0xD0,  0x01,  0x2D,  0xD0,  0x01,  0x2E,  0xD0,
  0x03,  0x20,  0x2E,  0x20,  0x10,  0x01,  0x2D,  0x5D,  0x17,  0x37,
  0x40,  0x40,  0x82,  0x01,  0x46,  0x81,  0x14,  0x40,  0x19,  0x3E,
  0x40,  0x92,  0x07,  0x12,  0x09,  0x16,  0x4E,  0x19,  0x47,  0x4A,
  0x52,  0x01,  0x10,  0x01,  0x2D,  0xCF,  0x02,  0x02,  0x04,  0x00,
  0x10,  0x00,  0x79,  0xE2,  0x00,  0x00,  0x00,  0x02,  0xFF,  0xFF,
  0xFF,  0xFF,  0x00,  0x78,  0x82,  0x01,  0x15,  0x80,  0x19,  0x17,
  0x1A,  0x50,  0x01,  0xC7,  0x10,  0x01,  0xE7,  0xC2,  0x01,  0x80,
  0x00,  0x00,
  0x00,  0x00,  0x79,  0xE3,  0x00,  0x00,  0x00,  0x02,  0xFF,  0xFF,
  0xFF,  0xFF,  0x19,  0x14,  0x1B,  0xD0,  0x01,  0x53,  0xF0,  0x01,
  0x74,  0x10,  0x05,  0x53,  0x61,  0x69,  0x6E,  0x74,  0xD0,  0x01,
  0x2D,  0xCB,  0x01,  0x01,  0x42,  0x01,  0x81,  0x00,  0x00,  0x00,
  0x10,  0x00,  0x01,  0x34,  0x00,  0x00,  0x00,  0x21,  0xFF,  0xFF,
  0xFF,  0xFF,  0x00,  0x7B,  0x15,  0x16,  0x17,  0x01,  0x16,  0xEF,
  0x02,  0x41,  0x1F,  0xCE,  0x01,  0x81,  0x16,  0x1D,  0xD1,  0x83,
  0x5A,  0x38,  0x3D,  0x5D,  0x13,  0x2B,  0x31,  0x31,  0xCB,  0x01,
  0x01,  0xC6,  0x01,  0x02,  0x14,  0x31,  0x14,  0x31,  0x92,  0x07,
  0x15,  0x38,  0x16,  0x38,  0x10,  0x01,  0x2E,  0x10,  0x01,  0x20,
  0x12,  0x01,  0x00,  0x00,
  0x00,  0x00,  0x01,  0x35,  0x00,  0x00,  0x00,  0x21,  0xFF,  0xFF,
  0xFF,  0xFF,  0x15,  0x7C,  0x17,  0x01,  0x74,  0xD3,  0x0C,  0x27,
  0x2E,  0x35,  0x3C,  0x43,  0x4A,  0x51,  0x58,  0x5F,  0x66,  0x6D,
  0x74,  0x01,  0x01,  0xD0,  0x01,  0x4A,  0xF0,  0x02,  0x61,  0x6E,
  0xD0,  0x01,  0x46,  0xF0,  0x02,  0x65,  0x62,  0xD0,  0x01,  0x4D,
  0xF0,  0x02,  0x61,  0x72,  0xD0,  0x01,  0x41,  0xF0,  0x02,  0x70,
  0x72,  0xD0,  0x01,  0x4D,  0xF0,  0x02,  0x61,  0x79,  0xD0,  0x01,
  0x4A,  0xF0,  0x02,  0x75,  0x6E,  0xD0,  0x01,  0x4A,  0xF0,  0x02,
  0x75,  0x6C,  0xD0,  0x01,  0x41,  0xF0,  0x02,  0x75,  0x67,  0xD0,
  0x01,  0x53,  0xF0,  0x02,  0x65,  0x70,  0xD0,  0x01,  0x4F,  0xF0,
  0x02,  0x63,  0x74,  0xD0,  0x01,  0x4E,  0xF0,  0x02,  0x6F,  0x76,
  0xD0,  0x01,  0x44,  0xF0,  0x02,  0x65,  0x63,  0x16,  0x79,  0xD0,
  0x01,  0x2E,  0xCE,  0x01,  0x81,  0x5A,  0x83,  0x88,  0xEF,  0x02,
  0x41,  0x1F,  0x10,  0x01,  0x2D,  0x12,  0x01,  0x16,  0x9C,  0x19,
  0x95,  0x98,  0x16,  0x92,  0xD0,  0x01,  0x2C,  0xCE,  0x01,  0x01,
  0x10,  0x01,  0x2D,  0xCF,  0x02,  0x02,  0x04,  0x00,  0x00,  0x00,
  0x00,  0x00,  0x01,  0x36,  0x00,  0x00,  0x00,  0x21,  0xFF,  0xFF,
  0xFF,  0xFF,  0x5D,  0x14,  0x16,  0x1C,  0x1C,  0xCB,  0x01,  0x01,
  0xC6,  0x01,  0x81,  0x14,  0x1C,  0x14,  0x1C,  0x92,  0x07,  0xCE,
  0x01,  0x81,  0x5A,  0x26,  0x2A,  0xEF,  0x02,  0x4B,  0x0D,  0x10,
  0x02,  0x74,  0x68,  0x16,  0x2F,  0x90,  0x01,  0x2C,  0x00,  0x00,
  0x00,  0x00,
  0x00,  0x00,  0x01,  0x37,  0x00,  0x00,  0x00,  0x21,  0xFF,  0xFF,
  0xFF,  0xFF,  0x5D,  0x14,  0x16,  0x1C,  0x1C,  0xCB,  0x01,  0x01,
  0xC6,  0x01,  0x81,  0x14,  0x1C,  0x14,  0x1C,  0x92,  0x07,  0xCE,
  0x01,  0x81,  0xDA,  0x30,  0x58,  0x09,  0x34,  0x38,  0x3C,  0x40,
  0x44,  0x48,  0x4C,  0x50,  0x54,  0xEF,  0x02,  0x41,  0x1F,  0x10,
  0x02,  0x74,  0x68,  0x10,  0x02,  0x73,  0x74,  0x10,  0x02,  0x6E,
  0x64,  0x10,  0x02,  0x72,  0x64,  0x10,  0x02,  0x74,  0x68,  0x10,
  0x02,  0x74,  0x68,  0x10,  0x02,  0x74,  0x68,  0x10,  0x02,  0x74,
  0x68,  0x10,  0x02,  0x74,  0x68,  0x10,  0x02,  0x74,  0x68,  0x16,
  0x5D,  0x90,  0x01,  0x2C,  0x00,  0x00,
  0x00,  0x00,  0x01,  0x3D,  0x00,  0x00,  0x00,  0x01,  0x00,  0x00,
  0x00,  0x08,  0xEF,  0x02,  0x41,  0x1F,  0x19,  0x2B,  0x2E,  0x17,
  0x01,  0x2B,  0xD3,  0x04,  0x20,  0x23,  0x26,  0x2B,  0x01,  0x01,
  0xD0,  0x01,  0x2F,  0xD0,  0x01,  0x2D,  0xD0,  0x01,  0x2E,  0xD0,
  0x03,  0x20,  0x2E,  0x20,  0x10,  0x01,  0x2D,  0x5D,  0x05,  0x37,
  0x40,  0x40,  0xEF,  0x02,  0x41,  0x0C,  0x14,  0x40,  0x19,  0x3E,
  0x40,  0x92,  0x07,  0x12,  0x09,  0x19,  0x45,  0x48,  0x52,  0x01,
  0x10,  0x01,  0x2D,  0xCF,  0x02,  0x02,  0x04,  0x00,  0x00,  0x00,
  0x00,  0x00,  0x01,  0x3E,  0xFF,  0xFF,  0xFF,  0xFF,  0xFF,  0xFF,
  0xFF,  0xFF,  0xEF,  0x02,  0x41,  0x1F,  0x19,  0x2B,  0x2E,  0x17,
  0x01,  0x2B,  0xD3,  0x04,  0x20,  0x23,  0x26,  0x2B,  0x01,  0x01,
  0xD0,  0x01,  0x2F,  0xD0,  0x01,  0x2D,  0xD0,  0x01,  0x2E,  0xD0,
  0x03,  0x20,  0x2E,  0x20,  0x10,  0x01,  0x2D,  0x5D,  0x14,  0x37,
  0x40,  0x40,  0x82,  0x01,  0x46,  0x81,  0x14,  0x40,  0x19,  0x3E,
  0x40,  0x92,  0x07,  0x12,  0x09,  0x16,  0x4E,  0x19,  0x47,  0x4A,
  0x52,  0x01,  0x10,  0x01,  0x2D,  0xCF,  0x02,  0x02,  0x04,  0x00,
  0x00,  0x00,  0x01,  0x38,  0x00,  0x00,  0x00,  0x01,  0xFF,  0xFF,
  0xFF,  0xFF,  0x15,  0x31,  0x17,  0x01,  0x22,  0x5D,  0x05,  0x19,
  0x22,  0x22,  0xEF,  0x02,  0x41,  0x0C,  0x14,  0x22,  0x19,  0x20,
  0x22,  0x92,  0x07,  0x12,  0x09,  0x17,  0x02,  0x31,  0xD3,  0x02,
  0x2E,  0x31,  0x01,  0x01,  0xD0,  0x01,  0x2F,  0xD0,  0x01,  0x2D,
  0xEF,  0x02,  0x41,  0x1F,  0x19,  0x3A,  0x42,  0x52,  0x02,  0x10,
  0x01,  0x2D,  0x12,  0x01,  0x10,  0x01,  0x2D,  0xCF,  0x02,  0x02,
  0x04,  0x00,
  0x00,  0x00,  0x01,  0x3F,  0x00,  0x00,  0x00,  0x21,  0xFF,  0xFF,
  0xFF,  0xFF,  0xD0,  0x01,  0x44,  0xF0,  0x02,  0x72,  0x2E,  0xD3,
  0x02,  0x1B,  0x1D,  0x02,  0x41,  0x04,  0xD1,  0x0D,  0xD1,  0x0A,
  0x00,  0x00,
  0x00,  0x00,  0x0C,  0x77,  0x00,  0x00,  0x00,  0x21,  0xFF,  0xFF,
  0xFF,  0xFF,  0xD0,  0x01,  0x53,  0xF0,  0x02,  0x74,  0x2E,  0xD3,
  0x02,  0x1B,  0x1D,  0x02,  0x41,  0x04,  0xD1,  0x0D,  0xD1,  0x0A,
  0x00,  0x00,
  0x00,  0x00,  0x01,  0x3B,  0x00,  0x00,  0x00,  0x21,  0xFF,  0xFF,
  0xFF,  0xFF,  0x19,  0x15,  0x1D,  0xD0,  0x01,  0x44,  0xF0,  0x02,
  0x72,  0x2E,  0x10,  0x06,  0x44,  0x6F,  0x63,  0x74,  0x6F,  0x72,
  0x19,  0x23,  0x26,  0xCE,  0x01,  0x81,  0x10,  0x01,  0x20,  0xCB,
  0x01,  0x01,  0x99,  0x43,  0x49,  0x02,  0x45,  0x47,  0xD3,  0x03,
  0x3D,  0x40,  0x43,  0x02,  0x41,  0x03,  0xD0,  0x01,  0x2E,  0xC2,
  0x01,  0x81,  0xC2,  0x01,  0x81,  0xD0,  0x01,  0x2E,  0x12,  0x08,
  0x12,  0x08,  0x10,  0x00,  0x16,  0x4F,  0x90,  0x02,  0x27,  0x73,
  0x00,  0x00,  0x00,  0x00,
  0x00,  0x00,  0x01,  0x3C,  0x00,  0x00,  0x00,  0x21,  0xFF,  0xFF,
  0xFF,  0xFF,  0x19,  0x15,  0x1C,  0xD0,  0x01,  0x53,  0xF0,  0x02,
  0x74,  0x2E,  0x10,  0x05,  0x53,  0x61,  0x69,  0x6E,  0x74,  0x19,
  0x22,  0x25,  0xCE,  0x01,  0x81,  0x10,  0x01,  0x20,  0xCB,  0x01,
  0x01,  0x99,  0x42,  0x48,  0x02,  0x44,  0x46,  0xD3,  0x03,  0x3C,
  0x3F,  0x42,  0x02,  0x41,  0x03,  0xD0,  0x01,  0x2E,  0xC2,  0x01,
  0x81,  0xC2,  0x01,  0x81,  0xD0,  0x01,  0x2E,  0x12,  0x08,  0x12,
  0x08,  0x10,  0x00,  0x16,  0x4E,  0x90,  0x02,  0x27,  0x73,  0x00,
  0x00,  0x00,  0x01,  0x47,  0x00,  0x00,  0x00,  0x21,  0xFF,  0xFF,
  0xFF,  0xFF,  0x5A,  0x45,  0x4F,  0x5D,  0x02,  0x16,  0x1F,  0x1F,
  0xCB,  0x01,  0x02,  0x14,  0x1F,  0x19,  0x1D,  0x1F,  0x92,  0x07,
  0x12,  0x09,  0xCE,  0x02,  0x41,  0x04,  0x1A,  0x29,  0x2C,  0xCF,
  0x01,  0x05,  0x10,  0x01,  0x20,  0x16,  0x45,  0x19,  0x34,  0x3C,
  0xD0,  0x01,  0x2D,  0x10,  0x06,  0x20,  0x64,  0x61,  0x73,  0x68,
  0x20,  0x1A,  0x42,  0x45,  0xCF,  0x01,  0x04,  0x10,  0x01,  0x20,
  0x10,  0x01,  0x20,  0x11,  0x81,  0x10,  0x01,  0x2C,  0x11,  0x82,
  0x00,  0x00,  0x00,  0x00,
  0x00,  0x00,  0x01,  0x48,  0x00,  0x00,  0x00,  0x21,  0xFF,  0xFF,
  0xFF,  0xF7,  0xC2,  0x01,  0x80,  0x3A,  0x14,  0x17,  0xCF,  0x01,
  0x81,  0x10,  0x01,  0x20,  0x19,  0x1F,  0x28,  0xD0,  0x03,  0x20,
  0x2E,  0x20,  0x10,  0x07,  0x20,  0x70,  0x6F,  0x69,  0x6E,  0x74,
  0x20,  0x5A,  0x2E,  0x31,  0xCF,  0x01,  0x81,  0x10,  0x01,  0x20,
  0x16,  0x39,  0xC2,  0x01,  0x01,  0x4E,  0x81,  0x80,  0x00,  0x00,
  0x00,  0x00,  0x01,  0x4A,  0xFF,  0xFF,  0xFF,  0xFF,  0xFF,  0xFF,
  0xFF,  0xFF,  0xD3,  0x03,  0x18,  0x20,  0x28,  0x01,  0x01,  0xF0,
  0x04,  0x64,  0x6F,  0x74,  0x20,  0xF0,  0x06,  0x50,  0x75,  0x6E,
  0x6B,  0x74,  0x20,  0xF0,  0x06,  0x70,  0x75,  0x6E,  0x74,  0x6F,
  0x20,  0xC2,  0x01,  0x02,  0x00,  0x00,  0x00,  0x00,
  0x10,  0x00,  0x01,  0x53,  0x00,  0x00,  0x00,  0x01,  0xFF,  0xFF,
  0xFF,  0xFF,  0x00,  0x8C,  0x19,  0x14,  0x21,  0xD0,  0x02,  0x2E,
  0x20,  0x11,  0x81,  0x10,  0x04,  0x64,  0x27,  0x61,  0x74,  0x11,
  0x82,  0x10,  0x01,  0x20,  0xD3,  0x02,  0x2A,  0x2D,  0x01,  0x81,
  0xC2,  0x01,  0x01,  0xCF,  0x01,  0x01,  0x00,  0x00,
  0x10,  0x00,  0x0D,  0x3F,  0x00,  0x00,  0x00,  0x20,  0xFF,  0xFF,
  0xFF,  0xFF,  0x00,  0x8C,  0x19,  0x14,  0x21,  0xD0,  0x02,  0x2E,
  0x20,  0x11,  0x81,  0x10,  0x04,  0x64,  0x27,  0x42,  0x74,  0x11,
  0x82,  0x10,  0x01,  0x20,  0xD3,  0x02,  0x2A,  0x2D,  0x01,  0x81,
  0xC2,  0x01,  0x01,  0xCF,  0x01,  0x01,  0x00,  0x00,
  0x10,  0x00,  0x01,  0x54,  0x00,  0x00,  0x00,  0x04,  0xFF,  0xFF,
  0xFF,  0xFF,  0x00,  0x8C,  0x19,  0x14,  0x23,  0xD0,  0x02,  0x2E,
  0x20,  0x11,  0x81,  0x10,  0x06,  0x27,  0x70,  0x55,  0x47,  0x6B,
  0x74,  0x11,  0x82,  0x10,  0x01,  0x20,  0xD3,  0x02,  0x2C,  0x2F,
  0x01,  0x81,  0xC2,  0x01,  0x01,  0xCF,  0x01,  0x01,  0x00,  0x00,
  0x00,  0x00,
  0x10,  0x00,  0x01,  0x55,  0x00,  0x00,  0x00,  0x08,  0xFF,  0xFF,
  0xFF,  0xFF,  0x00,  0x8C,  0x19,  0x14,  0x24,  0xD0,  0x02,  0x2E,
  0x20,  0x11,  0x81,  0x10,  0x07,  0x70,  0x27,  0x75,  0x6E,  0x2D,
  0x74,  0x6F,  0x11,  0x82,  0x10,  0x01,  0x20,  0xD3,  0x02,  0x2D,
  0x30,  0x01,  0x81,  0xC2,  0x01,  0x01,  0xCF,  0x01,  0x01,  0x00,
  0x00,  0x00,
  0x10,  0x40,  0x01,  0x56,  0x00,  0x00,  0x00,  0x21,  0xFF,  0xFF,
  0xFF,  0xFF,  0x00,  0xD1,  0xC5,  0x01,  0x06,  0x42,  0x01,  0x81,
  0x00,  0x00,  0x00,  0x00,
  0x00,  0x40,  0x01,  0x59,  0x00,  0x00,  0x00,  0x21,  0xFF,  0xFF,
  0xFF,  0xFF,  0x5D,  0x07,  0x13,  0x1C,  0x1C,  0xC2,  0x01,  0x06,
  0x14,  0x1C,  0x19,  0x1A,  0x1C,  0x92,  0x07,  0x12,  0x09,  0x05,
  0x01,  0x21,  0x81,  0x4C,  0x01,  0x01,  0x42,  0x02,  0x42,  0x80,
  0x00,  0x00,  0x00,  0x00,
  0x00,  0x40,  0x01,  0x5A,  0x00,  0x00,  0x00,  0x21,  0xFF,  0xFF,
  0xFF,  0xFF,  0x5D,  0x08,  0x13,  0x1C,  0x1C,  0xC2,  0x01,  0x05,
  0x14,  0x1C,  0x19,  0x1A,  0x1C,  0x92,  0x07,  0x12,  0x09,  0x05,
  0x01,  0x21,  0x81,  0x4C,  0x01,  0x01,  0x42,  0x02,  0x42,  0x80,
  0x00,  0x00,  0x00,  0x00,
  0x00,  0x40,  0x01,  0x5B,  0x00,  0x00,  0x00,  0x21,  0xFF,  0xFF,
  0xFF,  0xFF,  0x5D,  0x09,  0x13,  0x1C,  0x1C,  0xC2,  0x01,  0x04,
  0x14,  0x1C,  0x19,  0x1A,  0x1C,  0x92,  0x07,  0x12,  0x09,  0x05,
  0x01,  0x21,  0x81,  0x4C,  0x01,  0x01,  0x42,  0x02,  0x42,  0x80,
  0x00,  0x00,  0x00,  0x00,
  0x00,  0x40,  0x01,  0x61,  0x00,  0x00,  0x00,  0x21,  0xFF,  0xFF,
  0xFF,  0xFF,  0xF0,  0x04,  0x62,  0x69,  0x67,  0x67,  0xC2,  0x02,
  0x42,  0x80,  0x00,  0x00,
  0x00,  0x40,  0x01,  0x5C,  0x00,  0x00,  0x00,  0x21,  0xFF,  0xFF,
  0xFF,  0xFF,  0x5D,  0x0A,  0x13,  0x1C,  0x1C,  0xC2,  0x01,  0x03,
  0x14,  0x1C,  0x19,  0x1A,  0x1C,  0x92,  0x07,  0x12,  0x09,  0x45,
  0x01,  0x01,  0x42,  0x02,  0x42,  0x80,  0x00,  0x00,  0x00,  0x00,
  0x00,  0x40,  0x01,  0x5D,  0x00,  0x00,  0x00,  0x21,  0xFF,  0xFF,
  0xFF,  0xFF,  0x5D,  0x0B,  0x13,  0x1C,  0x1C,  0xC2,  0x01,  0x02,
  0x14,  0x1C,  0x19,  0x1A,  0x1C,  0x92,  0x07,  0x12,  0x09,  0x42,
  0x02,  0x42,  0x80,  0x00,  0x00,  0x00,
  0x00,  0x40,  0x01,  0x5E,  0x00,  0x00,  0x00,  0x21,  0xFF,  0xFF,
  0xFF,  0xFF,  0x82,  0x01,  0x10,  0x80,  0x4C,  0x01,  0x01,  0x02,
  0x01,  0x17,  0x80,  0x45,  0x01,  0x01,  0x5D,  0x0D,  0x21,  0x2A,
  0x2A,  0x42,  0x01,  0x04,  0x14,  0x2A,  0x19,  0x28,  0x2A,  0x92,
  0x07,  0x12,  0x09,  0x00,
  0x00,  0x40,  0x01,  0x5F,  0x00,  0x00,  0x00,  0x21,  0xFF,  0xFF,
  0xFF,  0xFF,  0x82,  0x01,  0x10,  0x80,  0x4C,  0x01,  0x01,  0x02,
  0x01,  0x17,  0x80,  0x45,  0x01,  0x01,  0x5D,  0x0C,  0x21,  0x2A,
  0x2A,  0x42,  0x01,  0x05,  0x14,  0x2A,  0x19,  0x28,  0x2A,  0x92,
  0x07,  0x12,  0x09,  0x00,
  0x00,  0x40,  0x01,  0x60,  0x00,  0x00,  0x00,  0x21,  0xFF,  0xFF,
  0xFF,  0xFF,  0x19,  0x13,  0x21,  0xF0,  0x03,  0x61,  0x61,  0x61,
  0x10,  0x0C,  0x65,  0x79,  0x68,  0x20,  0x65,  0x79,  0x68,  0x20,
  0x65,  0x79,  0x68,  0x20,  0xC5,  0x01,  0x01,  0x42,  0x01,  0x81,
  0x00,  0x00,  0x00,  0x00,
  0x10,  0x00,  0x0E,  0x7F,  0x00,  0x00,  0x00,  0x21,  0xFF,  0xFF,
  0xFF,  0xFF,  0x00,  0xB2,  0x5D,  0x18,  0x18,  0x21,  0x21,  0xCB,
  0x01,  0x01,  0xC6,  0x01,  0x02,  0x14,  0x21,  0x19,  0x1F,  0x21,
  0x92,  0x07,  0x12,  0x09,  0x16,  0x28,  0x15,  0x28,  0x50,  0x01,
  0x2E,  0xCE,  0x01,  0x81,  0x5D,  0x13,  0x36,  0x3C,  0x3C,  0xCB,
  0x01,  0x01,  0xC6,  0x01,  0x02,  0x14,  0x3C,  0x14,  0x3C,  0x92,
  0x07,  0x16,  0x41,  0x10,  0x01,  0x2E,  0x00,  0x00,
  0x10,  0x00,  0x0E,  0x80,  0x00,  0x00,  0x00,  0x21,  0xFF,  0xFF,
  0xFF,  0xFF,  0x00,  0xB2,  0x5D,  0x18,  0x18,  0x21,  0x21,  0xCB,
  0x01,  0x01,  0xC6,  0x01,  0x02,  0x14,  0x21,  0x19,  0x1F,  0x21,
  0x92,  0x07,  0x12,  0x09,  0x16,  0x28,  0x15,  0x28,  0x50,  0x01,
  0x2E,  0xCE,  0x01,  0x81,  0x5D,  0x14,  0x37,  0x3D,  0x3D,  0xCB,
  0x01,  0x01,  0x86,  0x01,  0x40,  0x81,  0x14,  0x3D,  0x14,  0x3D,
  0x92,  0x07,  0x16,  0x42,  0x10,  0x01,  0x2E,  0x00,
  0x00,  0x00,  0x01,  0x73,  0x00,  0x00,  0x00,  0x21,  0xFF,  0xFF,
  0xFF,  0xFF,  0x5D,  0x18,  0x16,  0x1F,  0x1F,  0xCB,  0x01,  0x01,
  0xC6,  0x01,  0x02,  0x14,  0x1F,  0x19,  0x1D,  0x1F,  0x92,  0x07,
  0x12,  0x09,  0x15,  0x24,  0x10,  0x01,  0x2E,  0x00,  0x00,  0x00,
  0x00,  0x00,  0x01,  0x74,  0x00,  0x00,  0x00,  0x21,  0xFF,  0xFF,
  0xFF,  0xFF,  0x16,  0x10,  0xD0,  0x01,  0x28,  0x5D,  0x19,  0x18,
  0x21,  0x21,  0xCB,  0x01,  0x03,  0x14,  0x21,  0x19,  0x1F,  0x21,
  0x92,  0x07,  0x12,  0x09,  0x16,  0x26,  0x10,  0x01,  0x29,  0x00,
  0x00,  0x00,  0x0E,  0xA7,  0x00,  0x00,  0x00,  0x21,  0xFF,  0xFF,
  0xFF,  0xFF,  0x5D,  0x10,  0x14,  0x1D,  0x1D,  0x82,  0x01,  0x20,
  0x81,  0x14,  0x1D,  0x19,  0x1B,  0x1D,  0x92,  0x07,  0x12,  0x09,
  0x15,  0x22,  0x10,  0x01,  0x2E,  0x00,
  0x00,  0x00,  0x01,  0x77,  0x00,  0x00,  0x00,  0x21,  0xFF,  0xFF,
  0xFF,  0xFF,  0x5D,  0x11,  0x14,  0x1D,  0x1D,  0x82,  0x01,  0x22,
  0x81,  0x14,  0x1D,  0x19,  0x1B,  0x1D,  0x92,  0x07,  0x12,  0x09,
  0x16,  0x24,  0x15,  0x24,  0x10,  0x01,  0x2E,  0x00,  0x00,  0x00,
  0x00,  0x00,  0x01,  0x78,  0x00,  0x00,  0x00,  0x01,  0xFF,  0xFF,
  0xFF,  0xFF,  0xD1,  0x81,  0xD0,  0x04,  0x64,  0x27,  0x61,  0x74,
  0xD1,  0x82,  0xD0,  0x01,  0x20,  0xD3,  0x06,  0x27,  0x2C,  0x31,
  0x36,  0x3B,  0x41,  0x01,  0x01,  0xD0,  0x03,  0x63,  0x6F,  0x6D,
  0xD0,  0x03,  0x6F,  0x72,  0x67,  0xD0,  0x03,  0x6E,  0x65,  0x74,
  0xD0,  0x03,  0x6D,  0x69,  0x6C,  0xD0,  0x03,  0x62,  0x69,  0x7A,
  0xD0,  0x04,  0x69,  0x6E,  0x66,  0x6F,  0x16,  0x4B,  0xD0,  0x03,
  0x20,  0x3A,  0x20,  0xCF,  0x01,  0x81,  0x19,  0x51,  0x56,  0x90,
  0x01,  0x2F,  0x10,  0x03,  0x20,  0x2F,  0x20,  0x00,
  0x00,  0x00,  0x0E,  0xB1,  0x00,  0x00,  0x00,  0x20,  0xFF,  0xFF,
  0xFF,  0xFF,  0xD1,  0x81,  0xD0,  0x04,  0x64,  0x27,  0x42,  0x74,
  0xD1,  0x82,  0xD0,  0x01,  0x20,  0xD3,  0x06,  0x27,  0x2C,  0x31,
  0x36,  0x3B,  0x41,  0x01,  0x01,  0xD0,  0x03,  0x63,  0x6F,  0x6D,
  0xD0,  0x03,  0x6F,  0x72,  0x67,  0xD0,  0x03,  0x6E,  0x65,  0x74,
  0xD0,  0x03,  0x6D,  0x69,  0x6C,  0xD0,  0x03,  0x62,  0x69,  0x7A,
  0xD0,  0x04,  0x69,  0x6E,  0x66,  0x6F,  0x16,  0x4B,  0xD0,  0x03,
  0x20,  0x3A,  0x20,  0xCF,  0x01,  0x81,  0x19,  0x51,  0x56,  0x90,
  0x01,  0x2F,  0x10,  0x03,  0x20,  0x2F,  0x20,  0x00,
  0x00,  0x00,  0x01,  0x79,  0x00,  0x00,  0x00,  0x01,  0xFF,  0xFF,
  0xFF,  0xFF,  0xD1,  0x81,  0xD0,  0x04,  0x64,  0x27,  0x61,  0x74,
  0xD1,  0x82,  0xD0,  0x01,  0x20,  0x1A,  0x1F,  0x22,  0xC2,  0x02,
  0x42,  0x03,  0x10,  0x01,  0x20,  0x16,  0x2C,  0xD0,  0x03,  0x20,
  0x3A,  0x20,  0xCF,  0x01,  0x81,  0xD0,  0x01,  0x2F,  0xC2,  0x01,
  0x81,  0x00,
  0x00,  0x00,  0x0E,  0xBB,  0x00,  0x00,  0x00,  0x20,  0xFF,  0xFF,
  0xFF,  0xFF,  0xD1,  0x81,  0xD0,  0x04,  0x64,  0x27,  0x42,  0x74,
  0xD1,  0x82,  0xD0,  0x01,  0x20,  0x1A,  0x1F,  0x22,  0xC2,  0x02,
  0x42,  0x03,  0x10,  0x01,  0x20,  0x16,  0x2C,  0xD0,  0x03,  0x20,
  0x3A,  0x20,  0xCF,  0x01,  0x81,  0xD0,  0x01,  0x2F,  0xC2,  0x01,
  0x81,  0x00,
  0x00,  0x00,  0x01,  0x7A,  0x00,  0x00,  0x00,  0x21,  0xFF,  0xFF,
  0xFF,  0xFF,  0xD1,  0x81,  0xD0,  0x04,  0x64,  0x27,  0x61,  0x74,
  0xD1,  0x82,  0xD0,  0x01,  0x20,  0x1A,  0x1E,  0x21,  0xC2,  0x01,
  0x02,  0x10,  0x01,  0x20,  0x00,  0x00,
  0x00,  0x00,  0x01,  0x7B,  0x00,  0x00,  0x00,  0x04,  0xFF,  0xFF,
  0xFF,  0xFF,  0xD1,  0x81,  0xD0,  0x06,  0x27,  0x70,  0x55,  0x47,
  0x6B,  0x74,  0xD1,  0x82,  0xD0,  0x01,  0x20,  0x1A,  0x20,  0x23,
  0xC2,  0x01,  0x02,  0x10,  0x01,  0x20,  0x00,  0x00,  0x00,  0x00,
  0x00,  0x00,  0x01,  0x7C,  0x00,  0x00,  0x00,  0x48,  0xFF,  0xFF,
  0xFF,  0xFF,  0xD1,  0x81,  0xD0,  0x07,  0x70,  0x27,  0x75,  0x6E,
  0x2D,  0x74,  0x6F,  0xD1,  0x82,  0xD0,  0x01,  0x20,  0x1A,  0x21,
  0x24,  0xC2,  0x01,  0x02,  0x10,  0x01,  0x20,  0x00,  0x00,  0x00,
  0x00,  0x00,  0x01,  0x7D,  0x00,  0x00,  0x00,  0x21,  0xFF,  0xFF,
  0xFF,  0xFF,  0xD1,  0x81,  0xD0,  0x04,  0x64,  0x27,  0x61,  0x74,
  0xD1,  0x82,  0xD0,  0x01,  0x20,  0x1A,  0x2B,  0x2E,  0xD3,  0x02,
  0x26,  0x2B,  0x01,  0x01,  0xD0,  0x03,  0x65,  0x64,  0x75,  0xD0,
  0x03,  0x67,  0x6F,  0x76,  0x10,  0x01,  0x20,  0x00,
  0x00,  0x00,  0x01,  0x7E,  0x00,  0x00,  0x00,  0x04,  0xFF,  0xFF,
  0xFF,  0xFF,  0xD1,  0x81,  0xD0,  0x06,  0x27,  0x70,  0x55,  0x47,
  0x6B,  0x74,  0xD1,  0x82,  0xD0,  0x01,  0x20,  0x1A,  0x2D,  0x30,
  0xD3,  0x02,  0x28,  0x2D,  0x01,  0x01,  0xD0,  0x03,  0x65,  0x64,
  0x75,  0xD0,  0x03,  0x67,  0x6F,  0x76,  0x10,  0x01,  0x20,  0x00,
  0x00,  0x00,
  0x00,  0x00,  0x01,  0x7F,  0x00,  0x00,  0x00,  0x48,  0xFF,  0xFF,
  0xFF,  0xFF,  0xD1,  0x81,  0xD0,  0x07,  0x70,  0x27,  0x75,  0x6E,
  0x2D,  0x74,  0x6F,  0xD1,  0x82,  0xD0,  0x01,  0x20,  0x1A,  0x2E,
  0x31,  0xD3,  0x02,  0x29,  0x2E,  0x01,  0x01,  0xD0,  0x03,  0x65,
  0x64,  0x75,  0xD0,  0x03,  0x67,  0x6F,  0x76,  0x10,  0x01,  0x20,
  0x00,  0x00,
  0x00,  0x00,  0x01,  0x80,  0x00,  0x00,  0x00,  0x21,  0xFF,  0xFF,
  0xFF,  0xFF,  0xCF,  0x01,  0x81,  0xCE,  0x01,  0x81,  0x16,  0x15,
  0xD1,  0x83,  0x5D,  0x12,  0x1F,  0x28,  0x28,  0x8B,  0x02,  0x2D,
  0x41,  0x02,  0x14,  0x28,  0x19,  0x26,  0x28,  0x92,  0x07,  0x12,
  0x09,  0x16,  0x2F,  0x15,  0x2F,  0x10,  0x01,  0x2E,  0x00,  0x00,
  0x00,  0x00,
  0x00,  0x00,  0x01,  0x83,  0x00,  0x00,  0x00,  0x21,  0xFF,  0xFF,
  0xFF,  0xFF,  0xCB,  0x01,  0x01,  0x42,  0x01,  0x81,  0xCE,  0x01,
  0x81,  0x5D,  0x1A,  0x1D,  0x26,  0x26,  0xCB,  0x02,  0x41,  0x05,
  0x14,  0x26,  0x19,  0x24,  0x26,  0x92,  0x07,  0x12,  0x09,  0x00,
  0x00,  0x40,  0x0F,  0x2F,  0xFF,  0xFF,  0xFF,  0xFF,  0xFF,  0xFF,
  0xFF,  0xFF,  0xC2,  0x01,  0x81,  0x19,  0x14,  0x17,  0xD0,  0x01,
  0x2F,  0x10,  0x01,  0x20,  0xC2,  0x01,  0x81,  0x00,
  0x10,  0x40,  0x01,  0x84,  0xFF,  0xFF,  0xFF,  0xFF,  0xFF,  0xFF,
  0xFF,  0xFF,  0x00,  0xE4,  0xD3,  0x02,  0x16,  0x19,  0x01,  0x01,
  0xC2,  0x01,  0x81,  0xCF,  0x01,  0x81,  0x19,  0x1F,  0x24,  0xD0,
  0x01,  0x2F,  0x10,  0x03,  0x20,  0x2F,  0x20,  0x82,  0x01,  0x29,
  0x81,  0x4E,  0x81,  0x80,  0x00,  0x00,  0x00,  0x00,
  0x00,  0x00,  0x01,  0x85,  0x00,  0x00,  0x00,  0x21,  0xFF,  0xFF,
  0xFF,  0xFF,  0xCF,  0x01,  0x81,  0xD3,  0x05,  0x1B,  0x1E,  0x22,
  0x26,  0x2A,  0x01,  0x01,  0xF0,  0x02,  0x73,  0x74,  0xF0,  0x01,
  0x73,  0xF0,  0x02,  0x6E,  0x64,  0xF0,  0x02,  0x72,  0x64,  0xF0,
  0x02,  0x74,  0x68,  0x00,
  0x10,  0x40,  0x01,  0x86,  0xFF,  0xFF,  0xFF,  0xFF,  0xFF,  0xFF,
  0xFF,  0xFF,  0x00,  0xB2,  0x5A,  0x13,  0x16,  0xCF,  0x01,  0x81,
  0x10,  0x01,  0x20,  0xC2,  0x01,  0x01,  0x4E,  0x81,  0x80,  0x00,
  0x00,  0x00,
  0x00,  0x00,  0x0F,  0x3C,  0x00,  0x00,  0x00,  0x04,  0xFF,  0xFF,
  0xFF,  0xFF,  0xD3,  0x03,  0x15,  0x18,  0x1B,  0x01,  0x01,  0xD0,
  0x01,  0x73,  0xD0,  0x01,  0x6D,  0xD0,  0x01,  0x77,  0xD0,  0x01,
  0x31,  0x16,  0x23,  0x90,  0x01,  0x2E,  0x00,  0x00,  0x00,  0x00,
  0x10,  0x40,  0x01,  0x87,  0xFF,  0xFF,  0xFF,  0xFF,  0xFF,  0xFF,
  0xFF,  0xFF,  0x00,  0xB2,  0x5A,  0x13,  0x16,  0xC2,  0x01,  0x81,
  0x10,  0x01,  0x20,  0xCF,  0x01,  0x01,  0x4E,  0x81,  0x80,  0x00,
  0x00,  0x00,
  0x00,  0x40,  0x01,  0x88,  0xFF,  0xFF,  0xFF,  0xFF,  0xFF,  0xFF,
  0xFF,  0xFF,  0xD0,  0x02,  0x4D,  0x63,  0xCB,  0x01,  0x01,  0x86,
  0x01,  0x17,  0x81,  0x42,  0x01,  0x80,  0x00,  0x00,
  0x10,  0x40,  0x01,  0x89,  0xFF,  0xFF,  0xFF,  0xFF,  0xFF,  0xFF,
  0xFF,  0xFF,  0x00,  0xAF,  0xCB,  0x01,  0x01,  0xC6,  0x01,  0x81,
  0x3A,  0x19,  0x1C,  0xCB,  0x01,  0x01,  0x10,  0x01,  0x20,  0x86,
  0x01,  0x21,  0x81,  0x42,  0x01,  0x80,  0x00,  0x00,  0x00,  0x00,
  0x00,  0x00,  0x01,  0x8D,  0xFF,  0xFF,  0xFF,  0xFF,  0xFF,  0xFF,
  0xFF,  0xFF,  0xCA,  0x01,  0x01,  0x00,
  0x00,  0x00,  0x01,  0x8E,  0xFF,  0xFF,  0xFF,  0xFF,  0xFF,  0xFF,
  0xFF,  0xFF,  0x19,  0x15,  0x1C,  0xB0,  0x05,  0x73,  0x68,  0x69,
  0x75,  0x75,  0x10,  0x05,  0x75,  0x75,  0x69,  0x73,  0x68,  0x00,
  0x00,  0x00,
  0x00,  0x00,  0x01,  0x8F,  0xFF,  0xFF,  0xFF,  0xFF,  0xFF,  0xFF,
  0xFF,  0xFF,  0x14,  0x10,  0xC2,  0x01,  0x81,  0x00,  0x00,  0x00,
  0x00,  0x00,  0x00,  0xCC,  0x00,  0x00,  0x00,  0x6F,  0xFF,  0xFF,
  0xFF,  0xFF,  0x16,  0x1A,  0xD0,  0x01,  0x31,  0x19,  0x16,  0x1A,
  0xD0,  0x01,  0x2D,  0x10,  0x02,  0x2C,  0x20,  0x1A,  0x20,  0x23,
  0xCF,  0x01,  0x03,  0x10,  0x01,  0x20,  0x19,  0x29,  0x2D,  0xD0,
  0x01,  0x2D,  0x10,  0x02,  0x2C,  0x20,  0x1A,  0x37,  0x3A,  0xEF,
  0x02,  0x42,  0x09,  0x4F,  0x01,  0x02,  0x10,  0x01,  0x20,  0x19,
  0x40,  0x44,  0xD0,  0x01,  0x2D,  0x10,  0x02,  0x2C,  0x20,  0x5A,
  0x55,  0x5C,  0x1A,  0x4D,  0x50,  0xCF,  0x01,  0x04,  0x10,  0x01,
  0x20,  0x16,  0x55,  0xC4,  0x01,  0x01,  0x11,  0x81,  0x10,  0x01,
  0x2C,  0x11,  0x82,  0x00,  0x00,  0x00,
  0x00,  0x00,  0x00,  0xCD,  0x00,  0x00,  0x00,  0x6F,  0xFF,  0xFF,
  0xFF,  0xFF,  0x16,  0x1B,  0xD0,  0x01,  0x31,  0x19,  0x17,  0x1B,
  0xCE,  0x02,  0x41,  0x03,  0x10,  0x02,  0x2C,  0x20,  0x1A,  0x21,
  0x24,  0xCF,  0x01,  0x03,  0x10,  0x01,  0x20,  0x19,  0x2B,  0x2F,
  0xCE,  0x02,  0x41,  0x03,  0x10,  0x02,  0x2C,  0x20,  0x1A,  0x39,
  0x3C,  0xEF,  0x02,  0x42,  0x09,  0x4F,  0x01,  0x02,  0x10,  0x01,
  0x20,  0x19,  0x43,  0x47,  0xCE,  0x02,  0x41,  0x03,  0x10,  0x02,
  0x2C,  0x20,  0x5A,  0x58,  0x5F,  0x1A,  0x50,  0x53,  0xCF,  0x01,
  0x04,  0x10,  0x01,  0x20,  0x16,  0x58,  0xC4,  0x01,  0x01,  0x11,
  0x81,  0x10,  0x01,  0x2C,  0x11,  0x82,  0x00,  0x00,  0x00,  0x00,
  0x00,  0x00,  0x00,  0xCE,  0x00,  0x00,  0x00,  0x6F,  0xFF,  0xFF,
  0xFF,  0xFF,  0x3A,  0x1E,  0x25,  0x5A,  0x1A,  0x1E,  0x1A,  0x17,
  0x1A,  0xCF,  0x01,  0x03,  0x10,  0x01,  0x20,  0x10,  0x02,  0x2C,
  0x20,  0x11,  0x81,  0x10,  0x01,  0x2C,  0x11,  0x82,  0xCE,  0x01,
  0x80,  0x1A,  0x32,  0x35,  0xEF,  0x02,  0x42,  0x09,  0x4F,  0x01,
  0x02,  0x10,  0x01,  0x20,  0x19,  0x47,  0x4B,  0xD3,  0x03,  0x42,
  0x45,  0x47,  0x01,  0x01,  0xD0,  0x01,  0x2D,  0xD0,  0x01,  0x20,
  0xD0,  0x00,  0x10,  0x02,  0x2C,  0x20,  0x5A,  0x5C,  0x63,  0x1A,
  0x54,  0x57,  0xCF,  0x01,  0x04,  0x10,  0x01,  0x20,  0x16,  0x5C,
  0xC4,  0x01,  0x01,  0x11,  0x81,  0x10,  0x01,  0x2C,  0x11,  0x82,
  0x00,  0x00,  0x00,  0x00,
  0x00,  0x00,  0x00,  0xCF,  0x00,  0x00,  0x00,  0x01,  0xFF,  0xFF,
  0xFF,  0xFF,  0x16,  0x17,  0x5A,  0x13,  0x17,  0xD0,  0x01,  0x31,
  0x10,  0x02,  0x2C,  0x20,  0x5A,  0x27,  0x2B,  0x1A,  0x24,  0x27,
  0xEF,  0x02,  0x42,  0x09,  0x4F,  0x01,  0x02,  0x10,  0x01,  0x20,
  0x10,  0x02,  0x2C,  0x20,  0x5A,  0x3B,  0x3F,  0x1A,  0x38,  0x3B,
  0x6F,  0x02,  0x42,  0x09,  0x4F,  0x01,  0x02,  0x10,  0x01,  0x20,
  0x10,  0x02,  0x2C,  0x20,  0x5A,  0x50,  0x57,  0x1A,  0x48,  0x4B,
  0x4F,  0x01,  0x04,  0x10,  0x01,  0x20,  0x16,  0x50,  0xC4,  0x01,
  0x01,  0x11,  0x81,  0x10,  0x01,  0x2C,  0x11,  0x82,  0x00,  0x00,
  0x00,  0x00,
  0x00,  0x00,  0x00,  0xD0,  0x00,  0x00,  0x00,  0x01,  0xFF,  0xFF,
  0xFF,  0xFF,  0x1A,  0x15,  0x18,  0xEF,  0x02,  0x42,  0x09,  0x4F,
  0x01,  0x02,  0x10,  0x01,  0x20,  0x19,  0x2B,  0x2F,  0xD3,  0x03,
  0x25,  0x29,  0x2B,  0x01,  0x01,  0xD0,  0x01,  0x2D,  0xCE,  0x02,
  0x41,  0x03,  0xD0,  0x00,  0x10,  0x02,  0x2C,  0x20,  0x5A,  0x40,
  0x47,  0x1A,  0x38,  0x3B,  0xCF,  0x01,  0x04,  0x10,  0x01,  0x20,
  0x16,  0x40,  0xC4,  0x01,  0x01,  0x11,  0x81,  0x10,  0x01,  0x2C,
  0x11,  0x82,  0x00,  0x00,  0x00,  0x00,
  0x00,  0x00,  0x00,  0xD2,  0x00,  0x00,  0x00,  0x20,  0xFF,  0xFF,
  0xFF,  0xFF,  0x1A,  0x11,  0x14,  0xCF,  0x01,  0x05,  0x10,  0x01,
  0x20,  0x19,  0x27,  0x2B,  0xD3,  0x03,  0x21,  0x25,  0x27,  0x01,
  0x01,  0xD0,  0x01,  0x2D,  0xCE,  0x02,  0x41,  0x03,  0xD0,  0x00,
  0x10,  0x02,  0x2C,  0x20,  0x5A,  0x3C,  0x43,  0x1A,  0x34,  0x37,
  0xCF,  0x01,  0x05,  0x10,  0x01,  0x20,  0x16,  0x3C,  0xC4,  0x01,
  0x01,  0x11,  0x81,  0x10,  0x01,  0x2C,  0x11,  0x82,  0x00,  0x00,
  0x00,  0x00,
  0x00,  0x00,  0x00,  0xD4,  0xFF,  0xFF,  0xFF,  0xFF,  0xFF,  0xFF,
  0xFF,  0xFF,  0x1A,  0x11,  0x14,  0xCF,  0x01,  0x04,  0x10,  0x01,
  0x20,  0x19,  0x1A,  0x1E,  0xD0,  0x01,  0x2D,  0x10,  0x02,  0x2C,
  0x20,  0x1A,  0x24,  0x27,  0xCF,  0x01,  0x04,  0x10,  0x01,  0x20,
  0x19,  0x2D,  0x31,  0xD0,  0x01,  0x2D,  0x10,  0x02,  0x2C,  0x20,
  0x1A,  0x37,  0x3A,  0xCF,  0x01,  0x04,  0x10,  0x01,  0x20,  0x19,
  0x40,  0x44,  0xD0,  0x01,  0x2D,  0x10,  0x02,  0x2C,  0x20,  0x5A,
  0x55,  0x5C,  0x1A,  0x4D,  0x50,  0xCF,  0x01,  0x04,  0x10,  0x01,
  0x20,  0x16,  0x55,  0xC4,  0x01,  0x01,  0x11,  0x81,  0x10,  0x01,
  0x2C,  0x11,  0x82,  0x00,  0x00,  0x00,
  0x00,  0x00,  0x00,  0xD6,  0xFF,  0xFF,  0xFF,  0xFF,  0x00,  0x00,
  0x00,  0x04,  0xCF,  0x01,  0x81,  0x3A,  0x14,  0x17,  0xD0,  0x01,
  0x2F,  0x10,  0x01,  0x20,  0xCF,  0x01,  0x81,  0x16,  0x28,  0x3A,
  0x22,  0x25,  0xD0,  0x01,  0x2F,  0x10,  0x01,  0x20,  0xCF,  0x01,
  0x81,  0x00,  0x00,  0x00,
  0x00,  0x00,  0x00,  0xDD,  0xFF,  0xFF,  0xFF,  0xFF,  0xFF,  0xFF,
  0xFF,  0xFF,  0x19,  0x16,  0x1E,  0x90,  0x06,  0x65,  0x2D,  0x6D,
  0x61,  0x69,  0x6C,  0x10,  0x06,  0x65,  0x20,  0x6D,  0x61,  0x69,
  0x6C,  0x00,
  0x10,  0x40,  0x00,  0xDE,  0xFF,  0xFF,  0xFF,  0xFF,  0xFF,  0xFF,
  0xFF,  0xFF,  0x00,  0xBD,  0xC2,  0x01,  0x81,  0xD3,  0x02,  0x19,
  0x1C,  0x01,  0x81,  0xC2,  0x01,  0x81,  0xD0,  0x01,  0x2D,  0x00,
  0x00,  0x00,
  0x10,  0x40,  0x00,  0xDF,  0x00,  0x00,  0x00,  0x21,  0xFF,  0xFF,
  0xFF,  0xFF,  0x00,  0xBE,  0xC2,  0x01,  0x01,  0x19,  0x16,  0x1E,
  0xD0,  0x01,  0x2D,  0x10,  0x06,  0x20,  0x64,  0x61,  0x73,  0x68,
  0x20,  0xC2,  0x01,  0x81,  0x00,  0x00,
  0x00,  0x40,  0x00,  0xE0,  0x00,  0x00,  0x00,  0x21,  0xFF,  0xFF,
  0xFF,  0xFF,  0x19,  0x17,  0x23,  0xF0,  0x07,  0x61,  0x20,  0x64,
  0x61,  0x73,  0x68,  0x20,  0x10,  0x0A,  0x65,  0x79,  0x68,  0x20,
  0x20,  0x64,  0x61,  0x73,  0x68,  0x20,  0xC2,  0x01,  0x81,  0x00,
  0x00,  0x00,  0x11,  0x30,  0xFF,  0xFF,  0xFF,  0xFF,  0xFF,  0xFF,
  0xFF,  0xFF,  0xD3,  0x01,  0x17,  0x02,  0x42,  0x0A,  0xCB,  0x01,
  0x01,  0xD0,  0x01,  0x2E,  0x00,  0x00,  0x00,  0x00,
  0x10,  0x40,  0x00,  0xE6,  0xFF,  0xFF,  0xFF,  0xFF,  0xFF,  0xFF,
  0xFF,  0xFF,  0x00,  0xC1,  0xCF,  0x81,  0x81,  0x5A,  0x16,  0x19,
  0xC4,  0x01,  0x01,  0x10,  0x01,  0x20,  0xC2,  0x01,  0x81,  0x00,
  0x00,  0x00,
  0x00,  0x00,  0x00,  0xEB,  0xFF,  0xFF,  0xFF,  0xFF,  0xFF,  0xFF,
  0xFF,  0xFF,  0xC5,  0x01,  0x81,  0x19,  0x15,  0x1C,  0x90,  0x02,
  0x27,  0x73,  0x11,  0x81,  0x10,  0x01,  0x7A,  0x11,  0x82,  0x00,
  0x00,  0x00,
  0x20,  0x00,  0x01,  0x2B,  0x00,  0x00,  0x00,  0x00,
  0x01,  0x00,  0x01,  0x9A,  0x00,  0x00,  0x00,  0x04,  0xFF,  0xFF,
  0xFF,  0xFF,  0x00,  0xC6,  0x5A,  0x13,  0x16,  0xD0,  0x01,  0x30,
  0x10,  0x01,  0x20,  0x5A,  0x2F,  0x33,  0xD3,  0x03,  0x25,  0x2A,
  0x2F,  0x01,  0x01,  0xD0,  0x03,  0x31,  0x33,  0x30,  0xD0,  0x03,
  0x31,  0x38,  0x30,  0xD0,  0x03,  0x31,  0x39,  0x30,  0x10,  0x02,
  0x2C,  0x20,  0x15,  0x4D,  0x16,  0x4D,  0xD3,  0x03,  0x47,  0x4A,
  0x4D,  0x01,  0x01,  0xCE,  0x01,  0x80,  0xD0,  0x01,  0x2F,  0xCE,
  0x01,  0x80,  0xD0,  0x01,  0x2F,  0xCE,  0x01,  0x81,  0x00,  0x00,
  0x01,  0x00,  0x01,  0x9B,  0x00,  0x00,  0x00,  0x04,  0xFF,  0xFF,
  0xFF,  0xFF,  0x00,  0xC6,  0x5A,  0x1D,  0x21,  0x1A,  0x1A,  0x1D,
  0xD0,  0x01,  0x30,  0xCF,  0x02,  0x42,  0x04,  0x10,  0x01,  0x20,
  0x10,  0x02,  0x2C,  0x20,  0x15,  0x3B,  0x16,  0x3B,  0xD3,  0x03,
  0x35,  0x38,  0x3B,  0x01,  0x01,  0xCE,  0x01,  0x80,  0xD0,  0x01,
  0x2F,  0xCE,  0x01,  0x80,  0xD0,  0x01,  0x2F,  0xCE,  0x01,  0x81,
  0x00,  0x00,  0x00,  0x00,
  0x20,  0x00,  0x01,  0xBD,  0x00,  0x00,  0x00,  0x00,
  0x01,  0x00,  0x01,  0xA4,  0x00,  0x00,  0x00,  0x04,  0xFF,  0xFF,
  0xFF,  0xFF,  0x00,  0xC9,  0x5A,  0x1A,  0x1E,  0x1A,  0x17,  0x1A,
  0xCF,  0x02,  0x44,  0x0A,  0x10,  0x01,  0x20,  0x10,  0x02,  0x2C,
  0x20,  0x00,
  0x01,  0x00,  0x01,  0xA5,  0x00,  0x00,  0x00,  0x04,  0xFF,  0xFF,
  0xFF,  0xFF,  0x00,  0xC9,  0x5A,  0x1A,  0x1E,  0x1A,  0x17,  0x1A,
  0xCF,  0x02,  0x41,  0x03,  0x10,  0x01,  0x20,  0x10,  0x02,  0x2C,
  0x20,  0x18,  0x00,  0xCF,  0x16,  0x30,  0x18,  0x00,  0xCF,  0x16,
  0x30,  0x18,  0x00,  0xCF,  0x16,  0x30,  0x18,  0x00,  0xCF,  0x00,
  0x00,  0x00,
  0x20,  0x00,  0x01,  0xBF,  0x00,  0x00,  0x00,  0x00,
  0x01,  0x00,  0x01,  0xAE,  0x00,  0x00,  0x00,  0x04,  0xFF,  0xFF,
  0xFF,  0xFF,  0x00,  0xCD,  0x19,  0x1C,  0x20,  0xCE,  0x01,  0x80,
  0xD0,  0x01,  0x2D,  0xCE,  0x01,  0x80,  0x90,  0x01,  0x30,  0x10,
  0x02,  0x30,  0x2C,  0x00,  0x00,  0x00,
  0x01,  0x00,  0x01,  0xAF,  0x00,  0x00,  0x00,  0x04,  0xFF,  0xFF,
  0xFF,  0xFF,  0x00,  0xCD,  0x19,  0x19,  0x25,  0xCE,  0x01,  0x80,
  0xD0,  0x01,  0x2D,  0xCE,  0x01,  0x80,  0x10,  0x0A,  0x64,  0x75,
  0x72,  0x63,  0x68,  0x77,  0x61,  0x68,  0x6C,  0x20,  0x5A,  0x32,
  0x35,  0x1A,  0x2F,  0x32,  0xCF,  0x02,  0x41,  0x05,  0x10,  0x01,
  0x20,  0x10,  0x01,  0x2C,  0x00,  0x00,
  0x01,  0x00,  0x01,  0xB0,  0x00,  0x00,  0x00,  0x04,  0xFF,  0xFF,
  0xFF,  0xFF,  0x00,  0xCD,  0x15,  0x15,  0xCE,  0x01,  0x81,  0x90,
  0x01,  0x2D,  0x00,  0x00,
  0x20,  0x00,  0x01,  0xC0,  0x00,  0x00,  0x00,  0x00,
  0x01,  0x00,  0x01,  0xB8,  0x00,  0x00,  0x00,  0x04,  0xFF,  0xFF,
  0xFF,  0xFF,  0x00,  0xCD,  0xCE,  0x01,  0x81,  0xD3,  0x02,  0x1C,
  0x21,  0x01,  0x01,  0xD0,  0x04,  0x6F,  0x64,  0x65,  0x72,  0xD0,
  0x03,  0x75,  0x6E,  0x64,  0x19,  0x2C,  0x39,  0xCE,  0x01,  0x80,
  0x16,  0x2C,  0xD0,  0x01,  0x2D,  0x10,  0x0B,  0x20,  0x64,  0x75,
  0x72,  0x63,  0x68,  0x77,  0x61,  0x68,  0x6C,  0x20,  0x5A,  0x45,
  0x48,  0x1A,  0x42,  0x45,  0xCF,  0x01,  0x81,  0x10,  0x01,  0x20,
  0x10,  0x01,  0x2C,  0x00,  0x00,  0x00,
  0x20,  0x00,  0x01,  0xC1,  0x00,  0x00,  0x00,  0x00,
  0x00,  0x00,  0x01,  0xC2,  0x00,  0x00,  0x00,  0x04,  0xFF,  0xFF,
  0xFF,  0xFF,  0x15,  0x10,  0xCE,  0x01,  0x81,  0x5A,  0x1D,  0x21,
  0x1A,  0x1A,  0x1D,  0xCF,  0x02,  0x02,  0x04,  0x10,  0x01,  0x20,
  0x10,  0x02,  0x2C,  0x20,  0x00,  0x00,
  0x20,  0x00,  0x01,  0x2A,  0x00,  0x00,  0x00,  0x00,
  0x18,  0x00,  0x01,  0x57,  0x00,  0x00,  0x00,  0x21,  0xFF,  0xFF,
  0xFF,  0xFF,  0x00,  0x8D,  0x00,  0xD2,  0x1F,  0x14,  0xC5,  0x01,
  0x06,  0x42,  0x01,  0x81,  0x00,  0x00,  0x00,  0x00,
  0x00,  0x00,  0x01,  0x63,  0x00,  0x00,  0x00,  0x21,  0xFF,  0xFF,
  0xFF,  0xFF,  0x1A,  0x11,  0x14,  0xC2,  0x01,  0x81,  0x10,  0x01,
  0x20,  0x00,  0x00,  0x00,
  0x20,  0x00,  0x01,  0x58,  0x00,  0x00,  0x00,  0x00,
  0x09,  0x00,  0x02,  0x1C,  0xFF,  0xFF,  0xFF,  0xFF,  0xFF,  0xFF,
  0xFF,  0xFF,  0x00,  0xE2,  0x00,  0xD4,  0x5D,  0x1B,  0x19,  0x22,
  0x22,  0xCF,  0x01,  0x01,  0xD1,  0x86,  0x14,  0x22,  0x19,  0x20,
  0x22,  0x92,  0x07,  0x12,  0x09,  0xD3,  0x03,  0x2C,  0x2F,  0x32,
  0x01,  0x01,  0xD0,  0x01,  0x20,  0xD0,  0x01,  0x2C,  0xD0,  0x01,
  0x2E,  0xCE,  0x01,  0x80,  0x00,  0x00,
  0x20,  0x00,  0x02,  0x07,  0x00,  0x00,  0x00,  0x00,
  0x01,  0x00,  0x02,  0x23,  0xFF,  0xFF,  0xFF,  0xFF,  0xFF,  0xFF,
  0xFF,  0xFF,  0x00,  0xD6,  0x16,  0x12,  0xD0,  0x01,  0x2C,  0xCE,
  0x01,  0x80,  0x16,  0x1E,  0xD1,  0x81,  0xD0,  0x01,  0x2C,  0xD1,
  0x82,  0x5D,  0x1B,  0x28,  0x31,  0x31,  0xCF,  0x01,  0x01,  0xD1,
  0x86,  0x14,  0x31,  0x19,  0x2F,  0x31,  0x92,  0x07,  0x12,  0x09,
  0xD3,  0x04,  0x3D,  0x40,  0x43,  0x4A,  0x01,  0x01,  0xCE,  0x02,
  0x41,  0x03,  0xD0,  0x01,  0x2C,  0xD0,  0x01,  0x2E,  0xD1,  0x81,
  0xD0,  0x01,  0x2E,  0xD1,  0x82,  0xCE,  0x01,  0x80,  0x00,  0x00,
  0x10,  0x00,  0x02,  0x08,  0xFF,  0xFF,  0xFF,  0xFF,  0xFF,  0xFF,
  0xFF,  0xFF,  0x00,  0xD4,  0x1A,  0x14,  0x19,  0xCF,  0x02,  0x42,
  0x03,  0x11,  0x86,  0x10,  0x01,  0x20,  0x19,  0x28,  0x2E,  0xD3,
  0x02,  0x25,  0x28,  0x01,  0x01,  0xCE,  0x01,  0x81,  0xD0,  0x01,
  0x2D,  0x11,  0x86,  0x10,  0x02,  0x2C,  0x20,  0x5A,  0x34,  0x39,
  0xCF,  0x01,  0x01,  0x11,  0x86,  0x10,  0x01,  0x20,  0x00,  0x00,
  0x20,  0x00,  0x02,  0x09,  0x00,  0x00,  0x00,  0x00,
  0x10,  0x00,  0x02,  0x0A,  0xFF,  0xFF,  0xFF,  0xFF,  0xFF,  0xFF,
  0xFF,  0xFF,  0x00,  0xD4,  0x1A,  0x14,  0x19,  0xCF,  0x02,  0x42,
  0x03,  0x11,  0x86,  0x10,  0x01,  0x20,  0x19,  0x28,  0x2E,  0xD3,
  0x02,  0x25,  0x28,  0x01,  0x01,  0xCE,  0x01,  0x81,  0xD0,  0x01,
  0x2D,  0x11,  0x86,  0x10,  0x02,  0x2C,  0x20,  0x00,
  0x20,  0x00,  0x02,  0x0B,  0x00,  0x00,  0x00,  0x00,
  0x10,  0x00,  0x02,  0x0C,  0xFF,  0xFF,  0xFF,  0xFF,  0xFF,  0xFF,
  0xFF,  0xFF,  0x00,  0xD4,  0x1A,  0x15,  0x1A,  0xD0,  0x03,  0x30,
  0x31,  0x31,  0x11,  0x86,  0x10,  0x01,  0x20,  0x19,  0x20,  0x26,
  0xD0,  0x01,  0x2D,  0x11,  0x86,  0x10,  0x02,  0x2C,  0x20,  0x1A,
  0x2D,  0x32,  0xCF,  0x02,  0x42,  0x03,  0x11,  0x86,  0x10,  0x01,
  0x20,  0x19,  0x38,  0x3E,  0xD0,  0x01,  0x2D,  0x11,  0x86,  0x10,
  0x02,  0x2C,  0x20,  0x1A,  0x45,  0x4A,  0xCF,  0x02,  0x42,  0x03,
  0x11,  0x86,  0x10,  0x01,  0x20,  0x19,  0x50,  0x56,  0xD0,  0x01,
  0x2D,  0x11,  0x86,  0x10,  0x02,  0x2C,  0x20,  0x5A,  0x5C,  0x61,
  0xCF,  0x01,  0x01,  0x11,  0x86,  0x10,  0x01,  0x20,  0x00,  0x00,
  0x20,  0x00,  0x02,  0x0D,  0x00,  0x00,  0x00,  0x00,
  0x10,  0x00,  0x02,  0x0E,  0xFF,  0xFF,  0xFF,  0xFF,  0xFF,  0xFF,
  0xFF,  0xFF,  0x00,  0xD4,  0x1A,  0x15,  0x1A,  0xD0,  0x03,  0x30,
  0x31,  0x31,  0x11,  0x86,  0x10,  0x01,  0x20,  0x19,  0x20,  0x26,
  0xD0,  0x01,  0x2D,  0x11,  0x86,  0x10,  0x02,  0x2C,  0x20,  0x1A,
  0x2D,  0x32,  0xCF,  0x02,  0x42,  0x03,  0x11,  0x86,  0x10,  0x01,
  0x20,  0x19,  0x38,  0x3E,  0xD0,  0x01,  0x2D,  0x11,  0x86,  0x10,
  0x02,  0x2C,  0x20,  0x1A,  0x45,  0x4A,  0xCF,  0x02,  0x42,  0x03,
  0x11,  0x86,  0x10,  0x01,  0x20,  0x19,  0x50,  0x56,  0x90,  0x01,
  0x2D,  0x11,  0x86,  0x10,  0x02,  0x2C,  0x20,  0x00,
  0x20,  0x00,  0x02,  0x0F,  0x00,  0x00,  0x00,  0x00,
  0x20,  0x00,  0x02,  0x11,  0x00,  0x00,  0x00,  0x00,
  0x10,  0x00,  0x02,  0x14,  0xFF,  0xFF,  0xFF,  0xFF,  0xFF,  0xFF,
  0xFF,  0xFF,  0x00,  0xD4,  0x1A,  0x15,  0x1A,  0xD0,  0x03,  0x30,
  0x31,  0x31,  0x11,  0x86,  0x10,  0x01,  0x20,  0x19,  0x20,  0x26,
  0xD0,  0x01,  0x2D,  0x11,  0x86,  0x10,  0x02,  0x2C,  0x20,  0x1A,
  0x2D,  0x32,  0xCF,  0x02,  0x42,  0x03,  0x11,  0x86,  0x10,  0x01,
  0x20,  0x19,  0x38,  0x3E,  0xD0,  0x01,  0x2D,  0x11,  0x86,  0x10,
  0x02,  0x2C,  0x20,  0x1A,  0x45,  0x4A,  0xCF,  0x02,  0x42,  0x03,
  0x11,  0x86,  0x10,  0x01,  0x20,  0x19,  0x50,  0x56,  0xD0,  0x01,
  0x2D,  0x11,  0x86,  0x10,  0x02,  0x2C,  0x20,  0x1A,  0x5C,  0x61,
  0xCF,  0x01,  0x03,  0x11,  0x86,  0x10,  0x01,  0x20,  0x19,  0x67,
  0x6D,  0xD0,  0x01,  0x2D,  0x11,  0x86,  0x10,  0x02,  0x2C,  0x20,
  0x5A,  0x7B,  0x81,  0x1A,  0x76,  0x7B,  0xCF,  0x01,  0x04,  0x11,
  0x86,  0x10,  0x01,  0x20,  0x11,  0x86,  0x10,  0x02,  0x2E,  0x20,
  0x00,  0x00,
  0x20,  0x00,  0x02,  0x15,  0x00,  0x00,  0x00,  0x00,
  0x09,  0x00,  0x02,  0x12,  0xFF,  0xFF,  0xFF,  0xFF,  0xFF,  0xFF,
  0xFF,  0xFF,  0x00,  0xE3,  0x00,  0xE2,  0x15,  0x1F,  0x16,  0x1F,
  0xD3,  0x02,  0x1C,  0x1F,  0x01,  0x01,  0xCE,  0x01,  0x81,  0xD0,
  0x01,  0x2D,  0x5A,  0x25,  0x29,  0xCF,  0x01,  0x02,  0x10,  0x02,
  0x2C,  0x20,  0x00,  0x00,
  0x20,  0x00,  0x02,  0x19,  0x00,  0x00,  0x00,  0x00,
  0x01,  0x00,  0x1F,  0x54,  0xFF,  0xFF,  0xFF,  0xFF,  0xFF,  0xFF,
  0xFF,  0xFF,  0x00,  0xAD,  0xD3,  0x02,  0x16,  0x19,  0x01,  0x01,
  0xC2,  0x01,  0x81,  0xCF,  0x01,  0x81,  0x19,  0x1F,  0x24,  0x90,
  0x01,  0x2F,  0x10,  0x03,  0x20,  0x2F,  0x20,  0x00,  0x00,  0x00,
  0x20,  0x00,  0x1F,  0x5E,  0x00,  0x00,  0x00,  0x00
};

/* this is table of indexes in the dict_index_table of */
/* start, end, and the size each dictionary */
const dict_pointers_t dict_point[27]={
{	    0,	    1	},
{	    3,	   53	},
{	   55,	   75	},
{	   77,	   97	},
{	   99,	  119	},
{	  121,	  141	},
{	  143,	  146	},
{	  148,	  157	},
{	  159,	  170	},
{	  172,	  172	},
{	  174,	  180	},
{	  182,	  182	},
{	  184,	  185	},
{	  187,	  192	},
{	  194,	  210	},
{	  212,	  212	},
{	  214,	  252	},
{	  254,	  261	},
{	  263,	  274	},
{	  276,	  287	},
{	  289,	  301	},
{	  303,	  314	},
{	  316,	  327	},
{	  329,	  335	},
{	  337,	  348	},
{	  350,	  366	},
{	  368,	  377	}};

const int dict_index_table[378] = {
	0x0000,	0x0008,	0x0012,	0x0014,	0x001E,	0x0029,
	0x0035,	0x0040,	0x004E,	0x005A,	0x0069,	0x0081,
	0x008D,	0x0098,	0x00A3,	0x00AD,	0x00B5,	0x00BE,
	0x00CA,	0x00D5,	0x00DF,	0x00EB,	0x00F8,	0x0109,
	0x0115,	0x011E,	0x012A,	0x0137,	0x0143,	0x0152,
	0x015D,	0x016F,	0x017F,	0x018B,	0x019C,	0x01AA,
	0x01B8,	0x01C2,	0x01CE,	0x01D6,	0x01E2,	0x01EC,
	0x01FC,	0x020C,	0x021E,	0x022E,	0x023B,	0x0244,
	0x024C,	0x0258,	0x0263,	0x0271,	0x027E,	0x028F,
	0x029A,	0x029C,	0x02A3,	0x02AA,	0x02B1,	0x02B8,
	0x02BF,	0x02C6,	0x02CD,	0x02D4,	0x02DB,	0x02E1,
	0x02E8,	0x02EF,	0x02F6,	0x02FC,	0x0302,	0x0308,
	0x030E,	0x0314,	0x031A,	0x0320,	0x0326,	0x0328,
	0x032F,	0x0336,	0x033D,	0x0344,	0x034B,	0x0352,
	0x0359,	0x0360,	0x0367,	0x036D,	0x0374,	0x037B,
	0x0382,	0x0388,	0x038E,	0x0394,	0x039A,	0x03A0,
	0x03A6,	0x03AC,	0x03B2,	0x03B4,	0x03BB,	0x03C2,
	0x03C9,	0x03D0,	0x03D7,	0x03DE,	0x03E5,	0x03EC,
	0x03F3,	0x03F9,	0x0400,	0x0407,	0x040E,	0x0414,
	0x041A,	0x0420,	0x0426,	0x042C,	0x0432,	0x0438,
	0x043E,	0x0440,	0x0447,	0x044E,	0x0455,	0x045C,
	0x0463,	0x046A,	0x0471,	0x0478,	0x047F,	0x0485,
	0x048C,	0x0493,	0x049A,	0x04A0,	0x04A6,	0x04AC,
	0x04B2,	0x04B8,	0x04BE,	0x04C4,	0x04CA,	0x04CC,
	0x04DB,	0x04EA,	0x04F9,	0x0508,	0x050A,	0x0517,
	0x0524,	0x0531,	0x053E,	0x054B,	0x0558,	0x0565,
	0x0572,	0x057F,	0x058C,	0x058E,	0x0599,	0x05A4,
	0x05AF,	0x05BD,	0x05CB,	0x05D6,	0x05E1,	0x05EC,
	0x05F7,	0x0602,	0x060D,	0x0618,	0x061A,	0x0623,
	0x0625,	0x062C,	0x0633,	0x063A,	0x0641,	0x0648,
	0x064F,	0x0656,	0x0658,	0x0665,	0x0667,	0x0672,
	0x067D,	0x067F,	0x068E,	0x069F,	0x06AC,	0x06BB,
	0x06C3,	0x06CF,	0x06D1,	0x06D8,	0x06E2,	0x06EC,
	0x06F6,	0x06FD,	0x0707,	0x0715,	0x071F,	0x0729,
	0x0733,	0x0741,	0x074E,	0x075B,	0x0768,	0x0772,
	0x077C,	0x0786,	0x0788,	0x0796,	0x0798,	0x07A3,
	0x07B0,	0x07C0,	0x07CB,	0x07D6,	0x07E1,	0x07F0,
	0x07FD,	0x0808,	0x0817,	0x0822,	0x082A,	0x083B,
	0x0854,	0x085C,	0x0868,	0x0875,	0x0882,	0x088A,
	0x0892,	0x08A7,	0x08BA,	0x08C7,	0x08D1,	0x08DB,
	0x08E3,	0x08F0,	0x08F9,	0x0903,	0x090D,	0x0915,
	0x0921,	0x092B,	0x0937,	0x0945,	0x094F,	0x0959,
	0x0964,	0x096E,	0x0970,	0x0977,	0x097F,	0x098C,
	0x0999,	0x09A1,	0x09AE,	0x09BB,	0x09C2,	0x09C4,
	0x09C9,	0x09CE,	0x09D3,	0x09D8,	0x09DD,	0x09E2,
	0x09E7,	0x09EC,	0x09F1,	0x09F6,	0x09FB,	0x0A00,
	0x0A02,	0x0A0C,	0x0A17,	0x0A24,	0x0A31,	0x0A3D,
	0x0A46,	0x0A4F,	0x0A59,	0x0A61,	0x0A6E,	0x0A7A,
	0x0A88,	0x0A8A,	0x0A94,	0x0A9F,	0x0AAC,	0x0AB8,
	0x0AC3,	0x0ACC,	0x0AD5,	0x0ADD,	0x0AE5,	0x0AEE,
	0x0AFB,	0x0B07,	0x0B15,	0x0B17,	0x0B21,	0x0B2C,
	0x0B3A,	0x0B44,	0x0B50,	0x0B5A,	0x0B64,	0x0B6F,
	0x0B7C,	0x0B88,	0x0B92,	0x0BA1,	0x0BA3,	0x0BAC,
	0x0BB6,	0x0BC3,	0x0BCF,	0x0BDB,	0x0BE7,	0x0BF0,
	0x0BF9,	0x0C06,	0x0C12,	0x0C1B,	0x0C29,	0x0C2B,
	0x0C36,	0x0C41,	0x0C4E,	0x0C59,	0x0C66,	0x0C72,
	0x0C80,	0x0C82,	0x0C9D,	0x0CB8,	0x0CD2,	0x0CEC,
	0x0D06,	0x0D20,	0x0D3B,	0x0D56,	0x0D70,	0x0D8A,
	0x0DA4,	0x0DBE,	0x0DC0,	0x0DCB,	0x0DD7,	0x0DE2,
	0x0DED,	0x0DF8,	0x0E04,	0x0E11,	0x0E1D,	0x0E2A,
	0x0E38,	0x0E45,	0x0E52,	0x0E5E,	0x0E6B,	0x0E79,
	0x0E88,	0x0E94,	0x0E96,	0x0E9B,	0x0EA2,	0x0EA7,
	0x0EAC,	0x0EB1,	0x0EB6,	0x0EBB,	0x0EC0,	0x0EC5
};

const unsigned char dict_data_table[3786] = {
  0x2E,  0x00,  0x20,  0x64,  0x6F,  0x74,  0x20,  0x00,
  0x2F,  0x00,  0x20,  0x73,  0x6C,  0x61,  0x73,  0x68,  0x20,  0x00,

  0x00,  0x00,
  0x41,  0x4B,  0x00,  0x41,  0x6C,  0x61,  0x73,  0x6B,  0x61,  0x00,

  0x41,  0x4C,  0x00,  0x41,  0x6C,  0x61,  0x62,  0x61,  0x6D,  0x61,
  0x00,
  0x41,  0x52,  0x00,  0x41,  0x72,  0x6B,  0x61,  0x6E,  0x73,  0x61,
  0x73,  0x00,
  0x41,  0x5A,  0x00,  0x41,  0x72,  0x69,  0x7A,  0x6F,  0x6E,  0x61,
  0x00,
  0x43,  0x41,  0x00,  0x43,  0x61,  0x6C,  0x69,  0x66,  0x6F,  0x72,
  0x6E,  0x69,  0x61,  0x00,
  0x43,  0x4F,  0x00,  0x43,  0x6F,  0x6C,  0x6F,  0x72,  0x61,  0x64,
  0x6F,  0x00,
  0x43,  0x54,  0x00,  0x43,  0x6F,  0x6E,  0x6E,  0x65,  0x63,  0x74,
  0x69,  0x63,  0x75,  0x74,  0x00,
  0x44,  0x43,  0x00,  0x44,  0x69,  0x73,  0x74,  0x72,  0x69,  0x63,
  0x74,  0x20,  0x6F,  0x66,  0x20,  0x43,  0x6F,  0x6C,  0x75,  0x6D,
  0x62,  0x69,  0x61,  0x00,
  0x44,  0x45,  0x00,  0x44,  0x65,  0x6C,  0x61,  0x77,  0x61,  0x72,
  0x65,  0x00,
  0x46,  0x4C,  0x00,  0x46,  0x6C,  0x6F,  0x72,  0x69,  0x64,  0x61,
  0x00,
  0x47,  0x41,  0x00,  0x47,  0x65,  0x6F,  0x72,  0x67,  0x69,  0x61,
  0x00,
  0x48,  0x49,  0x00,  0x48,  0x61,  0x77,  0x61,  0x69,  0x69,  0x00,

  0x49,  0x41,  0x00,  0x49,  0x6F,  0x77,  0x61,  0x00,
  0x49,  0x44,  0x00,  0x49,  0x64,  0x61,  0x68,  0x6F,  0x00,
  0x49,  0x4C,  0x00,  0x49,  0x6C,  0x6C,  0x69,  0x6E,  0x6F,  0x69,
  0x73,  0x00,
  0x49,  0x4E,  0x00,  0x49,  0x6E,  0x64,  0x69,  0x61,  0x6E,  0x61,
  0x00,
  0x4B,  0x53,  0x00,  0x4B,  0x61,  0x6E,  0x73,  0x61,  0x73,  0x00,

  0x4B,  0x59,  0x00,  0x4B,  0x65,  0x6E,  0x74,  0x75,  0x63,  0x6B,
  0x79,  0x00,
  0x4C,  0x41,  0x00,  0x4C,  0x6F,  0x75,  0x69,  0x73,  0x69,  0x61,
  0x6E,  0x61,  0x00,
  0x4D,  0x41,  0x00,  0x4D,  0x61,  0x73,  0x73,  0x61,  0x63,  0x68,
  0x75,  0x73,  0x65,  0x74,  0x74,  0x73,  0x00,
  0x4D,  0x44,  0x00,  0x4D,  0x61,  0x72,  0x79,  0x6C,  0x61,  0x6E,
  0x64,  0x00,
  0x4D,  0x45,  0x00,  0x4D,  0x61,  0x69,  0x6E,  0x65,  0x00,
  0x4D,  0x49,  0x00,  0x4D,  0x69,  0x63,  0x68,  0x69,  0x67,  0x61,
  0x6E,  0x00,
  0x4D,  0x4E,  0x00,  0x4D,  0x69,  0x6E,  0x6E,  0x65,  0x73,  0x6F,
  0x74,  0x61,  0x00,
  0x4D,  0x4F,  0x00,  0x4D,  0x69,  0x73,  0x73,  0x6F,  0x75,  0x72,
  0x69,  0x00,
  0x4D,  0x53,  0x00,  0x4D,  0x69,  0x73,  0x73,  0x69,  0x73,  0x73,
  0x69,  0x70,  0x70,  0x69,  0x00,
  0x4D,  0x54,  0x00,  0x4D,  0x6F,  0x6E,  0x74,  0x61,  0x6E,  0x61,
  0x00,
  0x4E,  0x43,  0x00,  0x4E,  0x6F,  0x72,  0x74,  0x68,  0x20,  0x43,
  0x61,  0x72,  0x6F,  0x6C,  0x69,  0x6E,  0x61,  0x00,
  0x4E,  0x44,  0x00,  0x4E,  0x6F,  0x72,  0x74,  0x68,  0x20,  0x44,
  0x61,  0x6B,  0x6F,  0x74,  0x61,  0x00,
  0x4E,  0x45,  0x00,  0x4E,  0x65,  0x62,  0x72,  0x61,  0x73,  0x6B,
  0x61,  0x00,
  0x4E,  0x48,  0x00,  0x4E,  0x65,  0x77,  0x20,  0x48,  0x61,  0x6D,
  0x70,  0x73,  0x68,  0x69,  0x72,  0x65,  0x00,
  0x4E,  0x4A,  0x00,  0x4E,  0x65,  0x77,  0x20,  0x4A,  0x65,  0x72,
  0x73,  0x65,  0x79,  0x00,
  0x4E,  0x4D,  0x00,  0x4E,  0x65,  0x77,  0x20,  0x4D,  0x65,  0x78,
  0x69,  0x63,  0x6F,  0x00,
  0x4E,  0x56,  0x00,  0x4E,  0x65,  0x76,  0x61,  0x64,  0x61,  0x00,

  0x4E,  0x59,  0x00,  0x4E,  0x65,  0x77,  0x20,  0x59,  0x6F,  0x72,
  0x6B,  0x00,
  0x4F,  0x48,  0x00,  0x4F,  0x68,  0x69,  0x6F,  0x00,
  0x4F,  0x4B,  0x00,  0x4F,  0x6B,  0x6C,  0x61,  0x68,  0x6F,  0x6D,
  0x61,  0x00,
  0x4F,  0x52,  0x00,  0x4F,  0x72,  0x65,  0x67,  0x6F,  0x6E,  0x00,

  0x50,  0x41,  0x00,  0x50,  0x65,  0x6E,  0x6E,  0x73,  0x79,  0x6C,
  0x76,  0x61,  0x6E,  0x69,  0x61,  0x00,
  0x52,  0x49,  0x00,  0x52,  0x68,  0x6F,  0x64,  0x65,  0x20,  0x49,
  0x73,  0x6C,  0x61,  0x6E,  0x64,  0x00,
  0x53,  0x43,  0x00,  0x53,  0x6F,  0x75,  0x74,  0x68,  0x20,  0x43,
  0x61,  0x72,  0x6F,  0x6C,  0x69,  0x6E,  0x61,  0x00,
  0x53,  0x44,  0x00,  0x53,  0x6F,  0x75,  0x74,  0x68,  0x20,  0x44,
  0x61,  0x6B,  0x6F,  0x74,  0x61,  0x00,
  0x54,  0x4E,  0x00,  0x54,  0x65,  0x6E,  0x6E,  0x65,  0x73,  0x73,
  0x65,  0x65,  0x00,
  0x54,  0x58,  0x00,  0x54,  0x65,  0x78,  0x61,  0x73,  0x00,
  0x55,  0x54,  0x00,  0x55,  0x74,  0x61,  0x68,  0x00,
  0x56,  0x41,  0x00,  0x56,  0x69,  0x72,  0x67,  0x69,  0x6E,  0x69,
  0x61,  0x00,
  0x56,  0x54,  0x00,  0x56,  0x65,  0x72,  0x6D,  0x6F,  0x6E,  0x74,
  0x00,
  0x57,  0x41,  0x00,  0x57,  0x61,  0x73,  0x68,  0x69,  0x6E,  0x67,
  0x74,  0x6F,  0x6E,  0x00,
  0x57,  0x49,  0x00,  0x57,  0x69,  0x73,  0x63,  0x6F,  0x6E,  0x73,
  0x69,  0x6E,  0x00,
  0x57,  0x56,  0x00,  0x57,  0x65,  0x73,  0x74,  0x20,  0x56,  0x69,
  0x72,  0x67,  0x69,  0x6E,  0x69,  0x61,  0x00,
  0x57,  0x59,  0x00,  0x57,  0x79,  0x6F,  0x6D,  0x69,  0x6E,  0x67,
  0x00,
  0x00,  0x00,
  0x30,  0x31,  0x00,  0x65,  0x6E,  0x65,  0x00,
  0x30,  0x32,  0x00,  0x66,  0x65,  0x62,  0x00,
  0x30,  0x33,  0x00,  0x6D,  0x61,  0x72,  0x00,
  0x30,  0x34,  0x00,  0x61,  0x62,  0x72,  0x00,
  0x30,  0x35,  0x00,  0x6D,  0x61,  0x79,  0x00,
  0x30,  0x36,  0x00,  0x6A,  0x75,  0x6E,  0x00,
  0x30,  0x37,  0x00,  0x6A,  0x75,  0x6C,  0x00,
  0x30,  0x38,  0x00,  0x61,  0x67,  0x6F,  0x00,
  0x30,  0x39,  0x00,  0x73,  0x65,  0x70,  0x00,
  0x31,  0x00,  0x65,  0x6E,  0x65,  0x00,
  0x31,  0x30,  0x00,  0x6F,  0x63,  0x74,  0x00,
  0x31,  0x31,  0x00,  0x6E,  0x6F,  0x76,  0x00,
  0x31,  0x32,  0x00,  0x64,  0x69,  0x63,  0x00,
  0x32,  0x00,  0x66,  0x65,  0x62,  0x00,
  0x33,  0x00,  0x6D,  0x61,  0x72,  0x00,
  0x34,  0x00,  0x61,  0x62,  0x72,  0x00,
  0x35,  0x00,  0x6D,  0x61,  0x79,  0x00,
  0x36,  0x00,  0x6A,  0x75,  0x6E,  0x00,
  0x37,  0x00,  0x6A,  0x75,  0x6C,  0x00,
  0x38,  0x00,  0x61,  0x67,  0x6F,  0x00,
  0x39,  0x00,  0x73,  0x65,  0x70,  0x00,
  0x00,  0x00,
  0x30,  0x31,  0x00,  0x6A,  0x61,  0x6E,  0x00,
  0x30,  0x32,  0x00,  0x66,  0x65,  0x62,  0x00,
  0x30,  0x33,  0x00,  0x6D,  0xE4,  0x72,  0x00,
  0x30,  0x34,  0x00,  0x61,  0x70,  0x72,  0x00,
  0x30,  0x35,  0x00,  0x6D,  0x61,  0x69,  0x00,
  0x30,  0x36,  0x00,  0x6A,  0x75,  0x6E,  0x00,
  0x30,  0x37,  0x00,  0x6A,  0x75,  0x6C,  0x00,
  0x30,  0x38,  0x00,  0x61,  0x75,  0x67,  0x00,
  0x30,  0x39,  0x00,  0x73,  0x65,  0x70,  0x00,
  0x31,  0x00,  0x6A,  0x61,  0x6E,  0x00,
  0x31,  0x30,  0x00,  0x6F,  0x6B,  0x74,  0x00,
  0x31,  0x31,  0x00,  0x6E,  0x6F,  0x76,  0x00,
  0x31,  0x32,  0x00,  0x64,  0x65,  0x7A,  0x00,
  0x32,  0x00,  0x66,  0x65,  0x62,  0x00,
  0x33,  0x00,  0x6D,  0xE4,  0x72,  0x00,
  0x34,  0x00,  0x61,  0x70,  0x72,  0x00,
  0x35,  0x00,  0x6D,  0x61,  0x69,  0x00,
  0x36,  0x00,  0x6A,  0x75,  0x6E,  0x00,
  0x37,  0x00,  0x6A,  0x75,  0x6C,  0x00,
  0x38,  0x00,  0x61,  0x75,  0x67,  0x00,
  0x39,  0x00,  0x73,  0x65,  0x70,  0x00,
  0x00,  0x00,
  0x30,  0x31,  0x00,  0x6A,  0x61,  0x6E,  0x00,
  0x30,  0x32,  0x00,  0x66,  0x65,  0x62,  0x00,
  0x30,  0x33,  0x00,  0x6D,  0x61,  0x72,  0x00,
  0x30,  0x34,  0x00,  0x61,  0x70,  0x72,  0x00,
  0x30,  0x35,  0x00,  0x6D,  0x61,  0x79,  0x00,
  0x30,  0x36,  0x00,  0x6A,  0x75,  0x6E,  0x00,
  0x30,  0x37,  0x00,  0x6A,  0x75,  0x6C,  0x00,
  0x30,  0x38,  0x00,  0x61,  0x75,  0x67,  0x00,
  0x30,  0x39,  0x00,  0x73,  0x65,  0x70,  0x00,
  0x31,  0x00,  0x6A,  0x61,  0x6E,  0x00,
  0x31,  0x30,  0x00,  0x6F,  0x63,  0x74,  0x00,
  0x31,  0x31,  0x00,  0x6E,  0x6F,  0x76,  0x00,
  0x31,  0x32,  0x00,  0x64,  0x65,  0x63,  0x00,
  0x32,  0x00,  0x66,  0x65,  0x62,  0x00,
  0x33,  0x00,  0x6D,  0x61,  0x72,  0x00,
  0x34,  0x00,  0x61,  0x70,  0x72,  0x00,
  0x35,  0x00,  0x6D,  0x61,  0x79,  0x00,
  0x36,  0x00,  0x6A,  0x75,  0x6E,  0x00,
  0x37,  0x00,  0x6A,  0x75,  0x6C,  0x00,
  0x38,  0x00,  0x61,  0x75,  0x67,  0x00,
  0x39,  0x00,  0x73,  0x65,  0x70,  0x00,
  0x00,  0x00,
  0x30,  0x31,  0x00,  0x6A,  0x61,  0x6E,  0x00,
  0x30,  0x32,  0x00,  0x66,  0x65,  0x76,  0x00,
  0x30,  0x33,  0x00,  0x6D,  0x61,  0x72,  0x00,
  0x30,  0x34,  0x00,  0x61,  0x76,  0x72,  0x00,
  0x30,  0x35,  0x00,  0x6D,  0x61,  0x69,  0x00,
  0x30,  0x36,  0x00,  0x6A,  0x75,  0x6E,  0x00,
  0x30,  0x37,  0x00,  0x6A,  0x75,  0x69,  0x00,
  0x30,  0x38,  0x00,  0x61,  0x75,  0x6F,  0x00,
  0x30,  0x39,  0x00,  0x73,  0x65,  0x70,  0x00,
  0x31,  0x00,  0x6A,  0x61,  0x6E,  0x00,
  0x31,  0x30,  0x00,  0x6F,  0x63,  0x74,  0x00,
  0x31,  0x31,  0x00,  0x6E,  0x6F,  0x76,  0x00,
  0x31,  0x32,  0x00,  0x64,  0x65,  0x63,  0x00,
  0x32,  0x00,  0x66,  0x65,  0x76,  0x00,
  0x33,  0x00,  0x6D,  0x61,  0x72,  0x00,
  0x34,  0x00,  0x61,  0x76,  0x72,  0x00,
  0x35,  0x00,  0x6D,  0x61,  0x69,  0x00,
  0x36,  0x00,  0x6A,  0x75,  0x6E,  0x00,
  0x37,  0x00,  0x6A,  0x75,  0x69,  0x00,
  0x38,  0x00,  0x61,  0x6F,  0x75,  0x00,
  0x39,  0x00,  0x73,  0x65,  0x70,  0x00,
  0x00,  0x00,
  0x68,  0x65,  0x61,  0x6C,  0x74,  0x68,  0x00,  0x68,  0x65,  0x61,
  0x6C,  0x74,  0x68,  0x2D,  0x00,
  0x6C,  0x69,  0x74,  0x74,  0x6C,  0x65,  0x00,  0x6C,  0x69,  0x74,
  0x74,  0x6C,  0x65,  0x2D,  0x00,
  0x72,  0x6F,  0x6C,  0x6C,  0x65,  0x72,  0x00,  0x72,  0x6F,  0x6C,
  0x6C,  0x65,  0x72,  0x2D,  0x00,
  0x77,  0x6F,  0x72,  0x6B,  0x65,  0x72,  0x00,  0x77,  0x6F,  0x72,
  0x6B,  0x65,  0x72,  0x2D,  0x00,
  0x00,  0x00,
  0x61,  0x6C,  0x70,  0x68,  0x61,  0x00,  0x61,  0x6C,  0x70,  0x68,
  0x61,  0x2D,  0x00,
  0x61,  0x70,  0x70,  0x6C,  0x65,  0x00,  0x61,  0x70,  0x70,  0x6C,
  0x65,  0x2D,  0x00,
  0x62,  0x6C,  0x61,  0x63,  0x6B,  0x00,  0x62,  0x6C,  0x61,  0x63,
  0x6B,  0x2D,  0x00,
  0x62,  0x72,  0x6F,  0x6F,  0x6B,  0x00,  0x62,  0x72,  0x6F,  0x6F,
  0x6B,  0x2D,  0x00,
  0x63,  0x65,  0x64,  0x61,  0x72,  0x00,  0x63,  0x65,  0x64,  0x61,
  0x72,  0x2D,  0x00,
  0x64,  0x72,  0x65,  0x61,  0x6D,  0x00,  0x64,  0x72,  0x65,  0x61,
  0x6D,  0x2D,  0x00,
  0x67,  0x72,  0x65,  0x65,  0x6E,  0x00,  0x67,  0x72,  0x65,  0x65,
  0x6E,  0x2D,  0x00,
  0x68,  0x6F,  0x75,  0x73,  0x65,  0x00,  0x68,  0x6F,  0x75,  0x73,
  0x65,  0x2D,  0x00,
  0x6D,  0x65,  0x74,  0x72,  0x6F,  0x00,  0x6D,  0x65,  0x74,  0x72,
  0x6F,  0x2D,  0x00,
  0x73,  0x74,  0x61,  0x67,  0x65,  0x00,  0x73,  0x74,  0x61,  0x67,
  0x65,  0x2D,  0x00,
  0x00,  0x00,
  0x62,  0x61,  0x6C,  0x6C,  0x00,  0x62,  0x61,  0x6C,  0x6C,  0x2D,
  0x00,
  0x62,  0x65,  0x74,  0x61,  0x00,  0x62,  0x65,  0x74,  0x61,  0x2D,
  0x00,
  0x62,  0x6C,  0x75,  0x65,  0x00,  0x62,  0x6C,  0x75,  0x65,  0x2D,
  0x00,
  0x66,  0x61,  0x69,  0x72,  0x00,  0x66,  0x61,  0x69,  0x72,  0x2D,
  0x81,  0x27,  0x82,  0x00,
  0x66,  0x69,  0x72,  0x65,  0x00,  0x81,  0x27,  0x82,  0x66,  0x69,
  0x72,  0x65,  0x2D,  0x00,
  0x66,  0x6C,  0x65,  0x78,  0x00,  0x66,  0x6C,  0x65,  0x78,  0x2D,
  0x00,
  0x66,  0x6F,  0x6C,  0x6B,  0x00,  0x66,  0x6F,  0x6C,  0x6B,  0x2D,
  0x00,
  0x67,  0x61,  0x74,  0x65,  0x00,  0x67,  0x61,  0x74,  0x65,  0x2D,
  0x00,
  0x67,  0x6F,  0x6F,  0x64,  0x00,  0x67,  0x6F,  0x6F,  0x64,  0x2D,
  0x00,
  0x68,  0x61,  0x69,  0x72,  0x00,  0x68,  0x61,  0x69,  0x72,  0x2D,
  0x00,
  0x68,  0x69,  0x6C,  0x6C,  0x00,  0x68,  0x69,  0x6C,  0x6C,  0x2D,
  0x00,
  0x6C,  0x61,  0x6E,  0x64,  0x00,  0x6C,  0x61,  0x6E,  0x64,  0x2D,
  0x00,
  0x00,  0x00,
  0x62,  0x69,  0x67,  0x00,  0x62,  0x69,  0x67,  0x2D,  0x00,
  0x00,  0x00,
  0x63,  0x6B,  0x00,  0x63,  0x6B,  0x2D,  0x00,
  0x63,  0x76,  0x00,  0x63,  0x76,  0x2D,  0x00,
  0x64,  0x66,  0x00,  0x64,  0x66,  0x2D,  0x00,
  0x6B,  0x66,  0x00,  0x6B,  0x66,  0x2D,  0x00,
  0x6C,  0x74,  0x00,  0x6C,  0x74,  0x2D,  0x00,
  0x74,  0x62,  0x00,  0x74,  0x62,  0x2D,  0x00,
  0x74,  0x6A,  0x00,  0x74,  0x6A,  0x2D,  0x00,
  0x00,  0x00,
  0x62,  0x72,  0x6F,  0x6F,  0x6B,  0x00,  0x2D,  0x62,  0x72,  0x6F,
  0x6F,  0x6B,  0x00,
  0x00,  0x00,
  0x66,  0x6F,  0x6C,  0x6B,  0x00,  0x2D,  0x66,  0x6F,  0x6C,  0x6B,
  0x00,
  0x6C,  0x65,  0x61,  0x66,  0x00,  0x2D,  0x6C,  0x65,  0x61,  0x66,
  0x00,
  0x00,  0x00,
  0x41,  0x54,  0x26,  0x54,  0x00,  0x41,  0x2E,  0x54,  0x2E,  0x20,
  0x26,  0x20,  0x54,  0x2E,  0x00,
  0x65,  0x2E,  0x67,  0x2E,  0x00,  0x66,  0x6F,  0x72,  0x20,  0x65,
  0x78,  0x61,  0x6D,  0x70,  0x6C,  0x65,  0x00,
  0x69,  0x2E,  0x65,  0x2E,  0x00,  0x74,  0x68,  0x69,  0x73,  0x20,
  0x69,  0x73,  0x00,
  0x72,  0x65,  0x63,  0x27,  0x64,  0x00,  0x72,  0x65,  0x63,  0x65,
  0x69,  0x76,  0x65,  0x64,  0x00,
  0x77,  0x2F,  0x00,  0x77,  0x69,  0x74,  0x68,  0x00,
  0x77,  0x2F,  0x6F,  0x00,  0x77,  0x69,  0x74,  0x68,  0x6F,  0x75,
  0x74,  0x00,
  0x00,  0x00,
  0x62,  0x75,  0x00,  0x62,  0x20,  0x75,  0x00,
  0x62,  0x79,  0x75,  0x00,  0x62,  0x20,  0x79,  0x20,  0x75,  0x00,

  0x66,  0x73,  0x75,  0x00,  0x66,  0x20,  0x73,  0x20,  0x75,  0x00,

  0x6B,  0x73,  0x75,  0x00,  0x6B,  0x20,  0x73,  0x20,  0x75,  0x00,

  0x6B,  0x75,  0x00,  0x6B,  0x20,  0x75,  0x00,
  0x6D,  0x69,  0x74,  0x00,  0x6D,  0x20,  0x69,  0x20,  0x74,  0x00,

  0x6E,  0x63,  0x61,  0x61,  0x00,  0x4E,  0x2E,  0x43,  0x2E,  0x41,
  0x2E,  0x41,  0x2E,  0x00,
  0x6E,  0x79,  0x75,  0x00,  0x6E,  0x20,  0x79,  0x20,  0x75,  0x00,

  0x6F,  0x73,  0x75,  0x00,  0x6F,  0x20,  0x73,  0x20,  0x75,  0x00,

  0x72,  0x70,  0x69,  0x00,  0x72,  0x20,  0x70,  0x20,  0x69,  0x00,

  0x75,  0x63,  0x6C,  0x61,  0x00,  0x55,  0x2E,  0x43,  0x2E,  0x4C,
  0x2E,  0x41,  0x2E,  0x00,
  0x75,  0x63,  0x6F,  0x6E,  0x6E,  0x00,  0x75,  0x20,  0x63,  0x6F,
  0x6E,  0x6E,  0x00,
  0x75,  0x6D,  0x61,  0x73,  0x73,  0x00,  0x75,  0x20,  0x6D,  0x61,
  0x73,  0x73,  0x00,
  0x75,  0x6E,  0x6C,  0x76,  0x00,  0x75,  0x20,  0x6E,  0x20,  0x6C,
  0x20,  0x76,  0x00,
  0x75,  0x72,  0x69,  0x00,  0x75,  0x20,  0x72,  0x20,  0x69,  0x00,

  0x75,  0x73,  0x63,  0x00,  0x75,  0x20,  0x73,  0x20,  0x63,  0x00,

  0x77,  0x70,  0x69,  0x00,  0x77,  0x20,  0x70,  0x20,  0x69,  0x00,

  0x00,  0x00,
  0x61,  0x70,  0x74,  0x00,  0x61,  0x70,  0x61,  0x72,  0x74,  0x6D,
  0x65,  0x6E,  0x74,  0x00,
  0x00,  0x00,
  0x61,  0x62,  0x63,  0x00,  0x41,  0x2E,  0x42,  0x2E,  0x43,  0x2E,
  0x00,
  0x61,  0x63,  0x63,  0x74,  0x00,  0x61,  0x63,  0x63,  0x6F,  0x75,
  0x6E,  0x74,  0x00,
  0x61,  0x67,  0x72,  0x00,  0x61,  0x67,  0x72,  0x69,  0x63,  0x75,
  0x6C,  0x74,  0x75,  0x72,  0x65,  0x00,
  0x61,  0x6F,  0x6C,  0x00,  0x41,  0x2E,  0x4F,  0x2E,  0x4C,  0x2E,
  0x00,
  0x41,  0x50,  0x49,  0x00,  0x41,  0x2E,  0x50,  0x2E,  0x49,  0x2E,
  0x00,
  0x41,  0x53,  0x41,  0x00,  0x41,  0x2E,  0x53,  0x2E,  0x41,  0x2E,
  0x00,
  0x62,  0x74,  0x77,  0x00,  0x62,  0x79,  0x20,  0x74,  0x68,  0x65,
  0x20,  0x77,  0x61,  0x79,  0x00,
  0x63,  0x61,  0x70,  0x74,  0x00,  0x63,  0x61,  0x70,  0x74,  0x61,
  0x69,  0x6E,  0x00,
  0x63,  0x69,  0x72,  0x00,  0x63,  0x69,  0x72,  0x63,  0x6C,  0x65,
  0x00,
  0x64,  0x74,  0x64,  0x65,  0x6D,  0x6F,  0x00,  0x64,  0x74,  0x20,
  0x64,  0x65,  0x6D,  0x6F,  0x00,
  0x65,  0x6E,  0x65,  0x74,  0x00,  0x65,  0x20,  0x6E,  0x65,  0x74,
  0x00,
  0x65,  0x78,  0x65,  0x00,  0x78,  0x20,  0x65,  0x00,
  0x65,  0x78,  0x70,  0x79,  0x00,  0x65,  0x78,  0x70,  0x72,  0x65,
  0x73,  0x73,  0x20,  0x77,  0x61,  0x79,  0x00,
  0x66,  0x79,  0x69,  0x00,  0x66,  0x6F,  0x72,  0x20,  0x79,  0x6F,
  0x75,  0x72,  0x20,  0x69,  0x6E,  0x66,  0x6F,  0x72,  0x6D,  0x61,
  0x74,  0x69,  0x6F,  0x6E,  0x00,
  0x67,  0x65,  0x00,  0x47,  0x2E,  0x45,  0x2E,  0x00,
  0x68,  0x74,  0x73,  0x00,  0x68,  0x65,  0x69,  0x67,  0x68,  0x74,
  0x73,  0x00,
  0x68,  0x77,  0x79,  0x00,  0x68,  0x69,  0x67,  0x68,  0x20,  0x77,
  0x61,  0x79,  0x00,
  0x6A,  0x63,  0x74,  0x00,  0x6A,  0x75,  0x6E,  0x63,  0x74,  0x69,
  0x6F,  0x6E,  0x00,
  0x6C,  0x6B,  0x00,  0x6C,  0x61,  0x6B,  0x65,  0x00,
  0x6C,  0x6E,  0x00,  0x6C,  0x61,  0x6E,  0x65,  0x00,
  0x6D,  0x70,  0x67,  0x00,  0x6D,  0x69,  0x6C,  0x65,  0x73,  0x20,
  0x70,  0x65,  0x72,  0x20,  0x67,  0x61,  0x6C,  0x6C,  0x6F,  0x6E,
  0x00,
  0x6D,  0x70,  0x68,  0x00,  0x6D,  0x69,  0x6C,  0x65,  0x73,  0x20,
  0x70,  0x65,  0x72,  0x20,  0x68,  0x6F,  0x75,  0x72,  0x00,
  0x6D,  0x74,  0x6E,  0x00,  0x6D,  0x6F,  0x75,  0x6E,  0x74,  0x61,
  0x69,  0x6E,  0x00,
  0x6F,  0x65,  0x6D,  0x00,  0x6F,  0x20,  0x65,  0x20,  0x6D,  0x00,

  0x6F,  0x6C,  0x65,  0x00,  0x6F,  0x20,  0x6C,  0x20,  0x65,  0x00,

  0x4F,  0x53,  0x00,  0x4F,  0x2E,  0x53,  0x2E,  0x00,
  0x70,  0x6B,  0x79,  0x00,  0x70,  0x61,  0x72,  0x6B,  0x20,  0x77,
  0x61,  0x79,  0x00,
  0x70,  0x6C,  0x00,  0x70,  0x6C,  0x61,  0x63,  0x65,  0x00,
  0x70,  0x6C,  0x7A,  0x00,  0x70,  0x6C,  0x61,  0x7A,  0x61,  0x00,

  0x72,  0x64,  0x67,  0x00,  0x72,  0x69,  0x64,  0x67,  0x65,  0x00,

  0x72,  0x6D,  0x00,  0x72,  0x6F,  0x6F,  0x6D,  0x00,
  0x73,  0x74,  0x61,  0x00,  0x73,  0x74,  0x61,  0x74,  0x69,  0x6F,
  0x6E,  0x00,
  0x73,  0x74,  0x65,  0x00,  0x73,  0x75,  0x69,  0x74,  0x65,  0x00,

  0x74,  0x65,  0x72,  0x00,  0x74,  0x65,  0x72,  0x72,  0x61,  0x63,
  0x65,  0x00,
  0x74,  0x70,  0x6B,  0x65,  0x00,  0x74,  0x75,  0x72,  0x6E,  0x70,
  0x69,  0x6B,  0x65,  0x00,
  0x74,  0x72,  0x6C,  0x00,  0x74,  0x72,  0x61,  0x69,  0x6C,  0x00,

  0x55,  0x52,  0x4C,  0x00,  0x55,  0x20,  0x52,  0x20,  0x4C,  0x00,

  0x76,  0x6C,  0x79,  0x00,  0x76,  0x61,  0x6C,  0x6C,  0x65,  0x79,
  0x00,
  0x7A,  0x6B,  0x6F,  0x00,  0x7A,  0x20,  0x6B,  0x20,  0x6F,  0x00,

  0x00,  0x00,
  0x45,  0x00,  0x65,  0x61,  0x73,  0x74,  0x00,
  0x4E,  0x00,  0x6E,  0x6F,  0x72,  0x74,  0x68,  0x00,
  0x4E,  0x45,  0x00,  0x6E,  0x6F,  0x72,  0x74,  0x68,  0x65,  0x61,
  0x73,  0x74,  0x00,
  0x4E,  0x57,  0x00,  0x6E,  0x6F,  0x72,  0x74,  0x68,  0x77,  0x65,
  0x73,  0x74,  0x00,
  0x53,  0x00,  0x73,  0x6F,  0x75,  0x74,  0x68,  0x00,
  0x53,  0x45,  0x00,  0x73,  0x6F,  0x75,  0x74,  0x68,  0x65,  0x61,
  0x73,  0x74,  0x00,
  0x53,  0x57,  0x00,  0x73,  0x6F,  0x75,  0x74,  0x68,  0x77,  0x65,
  0x73,  0x74,  0x00,
  0x57,  0x00,  0x77,  0x65,  0x73,  0x74,  0x00,
  0x00,  0x00,
  0x41,  0x70,  0x72,  0x00,  0x00,
  0x41,  0x75,  0x67,  0x00,  0x00,
  0x44,  0x65,  0x63,  0x00,  0x00,
  0x46,  0x65,  0x62,  0x00,  0x00,
  0x4A,  0x61,  0x6E,  0x00,  0x00,
  0x4A,  0x75,  0x6C,  0x00,  0x00,
  0x4A,  0x75,  0x6E,  0x00,  0x00,
  0x4D,  0x61,  0x72,  0x00,  0x00,
  0x4D,  0x61,  0x79,  0x00,  0x00,
  0x4E,  0x6F,  0x76,  0x00,  0x00,
  0x4F,  0x63,  0x74,  0x00,  0x00,
  0x53,  0x65,  0x70,  0x00,  0x00,
  0x00,  0x00,
  0x41,  0x70,  0x72,  0x69,  0x6C,  0x00,  0x61,  0x70,  0x72,  0x00,

  0x41,  0x75,  0x67,  0x75,  0x73,  0x74,  0x00,  0x61,  0x75,  0x67,
  0x00,
  0x44,  0x65,  0x63,  0x65,  0x6D,  0x62,  0x65,  0x72,  0x00,  0x64,
  0x65,  0x63,  0x00,
  0x46,  0x65,  0x62,  0x72,  0x75,  0x61,  0x72,  0x79,  0x00,  0x66,
  0x65,  0x62,  0x00,
  0x4A,  0x61,  0x6E,  0x75,  0x61,  0x72,  0x79,  0x00,  0x6A,  0x61,
  0x6E,  0x00,
  0x4A,  0x75,  0x6C,  0x79,  0x00,  0x6A,  0x75,  0x6C,  0x00,
  0x4A,  0x75,  0x6E,  0x65,  0x00,  0x6A,  0x75,  0x6E,  0x00,
  0x4D,  0x61,  0x72,  0x63,  0x68,  0x00,  0x6D,  0x61,  0x72,  0x00,

  0x4D,  0x61,  0x79,  0x00,  0x6D,  0x61,  0x79,  0x00,
  0x4E,  0x6F,  0x76,  0x65,  0x6D,  0x62,  0x65,  0x72,  0x00,  0x6E,
  0x6F,  0x76,  0x00,
  0x4F,  0x63,  0x74,  0x6F,  0x62,  0x65,  0x72,  0x00,  0x6F,  0x63,
  0x74,  0x00,
  0x53,  0x65,  0x70,  0x74,  0x65,  0x6D,  0x62,  0x65,  0x72,  0x00,
  0x73,  0x65,  0x70,  0x00,
  0x00,  0x00,
  0x41,  0x70,  0x72,  0x69,  0x6C,  0x00,  0x61,  0x70,  0x72,  0x00,

  0x41,  0x75,  0x67,  0x75,  0x73,  0x74,  0x00,  0x61,  0x75,  0x67,
  0x00,
  0x44,  0x65,  0x7A,  0x65,  0x6D,  0x62,  0x65,  0x72,  0x00,  0x64,
  0x65,  0x7A,  0x00,
  0x46,  0x65,  0x62,  0x72,  0x75,  0x61,  0x72,  0x00,  0x66,  0x65,
  0x62,  0x00,
  0x4A,  0x61,  0x6E,  0x75,  0x61,  0x72,  0x00,  0x6A,  0x61,  0x6E,
  0x00,
  0x4A,  0x75,  0x6C,  0x69,  0x00,  0x6A,  0x75,  0x6C,  0x00,
  0x4A,  0x75,  0x6E,  0x69,  0x00,  0x6A,  0x75,  0x6E,  0x00,
  0x4D,  0x61,  0x67,  0x00,  0x6D,  0x61,  0x69,  0x00,
  0x4D,  0x61,  0x69,  0x00,  0x6D,  0x61,  0x69,  0x00,
  0x4D,  0xE4,  0x72,  0x7A,  0x00,  0x6D,  0xE4,  0x72,  0x00,
  0x4E,  0x65,  0x76,  0x65,  0x6D,  0x62,  0x65,  0x72,  0x00,  0x6E,
  0x6F,  0x76,  0x00,
  0x4F,  0x6B,  0x74,  0x6F,  0x62,  0x65,  0x72,  0x00,  0x6F,  0x6B,
  0x74,  0x00,
  0x53,  0x65,  0x70,  0x74,  0x65,  0x6D,  0x62,  0x65,  0x72,  0x00,
  0x73,  0x65,  0x70,  0x00,
  0x00,  0x00,
  0x41,  0x62,  0x72,  0x69,  0x6C,  0x00,  0x61,  0x62,  0x72,  0x00,

  0x41,  0x67,  0x6F,  0x73,  0x74,  0x6F,  0x00,  0x61,  0x67,  0x6F,
  0x00,
  0x44,  0x69,  0x63,  0x69,  0x65,  0x6D,  0x62,  0x72,  0x65,  0x00,
  0x64,  0x69,  0x63,  0x00,
  0x45,  0x6E,  0x65,  0x72,  0x6F,  0x00,  0x65,  0x6E,  0x65,  0x00,

  0x46,  0x65,  0x62,  0x72,  0x65,  0x72,  0x6F,  0x00,  0x66,  0x65,
  0x62,  0x00,
  0x4A,  0x75,  0x6C,  0x69,  0x6F,  0x00,  0x6A,  0x75,  0x6C,  0x00,

  0x4A,  0x75,  0x6E,  0x69,  0x6F,  0x00,  0x6A,  0x75,  0x6E,  0x00,

  0x4D,  0x61,  0x72,  0x63,  0x68,  0x61,  0x00,  0x6D,  0x61,  0x72,
  0x00,
  0x4E,  0x65,  0x76,  0x65,  0x6D,  0x62,  0x65,  0x72,  0x00,  0x6E,
  0x6F,  0x76,  0x00,
  0x4F,  0x63,  0x74,  0x75,  0x62,  0x72,  0x65,  0x00,  0x6F,  0x63,
  0x74,  0x00,
  0x50,  0x75,  0x65,  0x64,  0x65,  0x00,  0x6D,  0x61,  0x79,  0x00,

  0x53,  0x65,  0x70,  0x74,  0x69,  0x65,  0x6D,  0x62,  0x72,  0x65,
  0x00,  0x73,  0x65,  0x70,  0x00,
  0x00,  0x00,
  0x41,  0x6F,  0xFB,  0x74,  0x00,  0x61,  0x75,  0x6F,  0x00,
  0x41,  0x76,  0x72,  0x69,  0x6C,  0x00,  0x61,  0x76,  0x72,  0x00,

  0x44,  0xE9,  0x63,  0x65,  0x6D,  0x62,  0x72,  0x65,  0x00,  0x64,
  0x65,  0x63,  0x00,
  0x46,  0xE9,  0x76,  0x72,  0x69,  0x65,  0x72,  0x00,  0x66,  0x65,
  0x76,  0x00,
  0x4A,  0x61,  0x6E,  0x76,  0x69,  0x65,  0x72,  0x00,  0x6A,  0x61,
  0x6E,  0x00,
  0x4A,  0x75,  0x69,  0x6C,  0x6C,  0x65,  0x74,  0x00,  0x6A,  0x75,
  0x6C,  0x00,
  0x4A,  0x75,  0x69,  0x6E,  0x00,  0x6A,  0x75,  0x6E,  0x00,
  0x4D,  0x61,  0x72,  0x73,  0x00,  0x6D,  0x61,  0x72,  0x00,
  0x4E,  0x65,  0x76,  0x65,  0x6D,  0x62,  0x65,  0x72,  0x00,  0x6E,
  0x6F,  0x76,  0x00,
  0x4F,  0x63,  0x74,  0x6F,  0x62,  0x72,  0x65,  0x00,  0x6F,  0x63,
  0x74,  0x00,
  0x50,  0x65,  0x75,  0x74,  0x00,  0x6D,  0x61,  0x69,  0x00,
  0x53,  0x65,  0x70,  0x74,  0x65,  0x6D,  0x62,  0x72,  0x65,  0x00,
  0x73,  0x65,  0x70,  0x00,
  0x00,  0x00,
  0x46,  0x72,  0x69,  0x00,  0x46,  0x72,  0x69,  0x64,  0x61,  0x79,
  0x00,
  0x4D,  0x6F,  0x6E,  0x00,  0x4D,  0x6F,  0x6E,  0x64,  0x61,  0x79,
  0x00,
  0x53,  0x61,  0x74,  0x00,  0x53,  0x61,  0x74,  0x75,  0x72,  0x64,
  0x61,  0x79,  0x00,
  0x53,  0x75,  0x6E,  0x00,  0x53,  0x75,  0x6E,  0x64,  0x61,  0x79,
  0x00,
  0x54,  0x68,  0x75,  0x00,  0x54,  0x68,  0x75,  0x72,  0x73,  0x64,
  0x61,  0x79,  0x00,
  0x54,  0x75,  0x65,  0x00,  0x54,  0x75,  0x65,  0x73,  0x64,  0x61,
  0x79,  0x00,
  0x57,  0x65,  0x64,  0x00,  0x57,  0x65,  0x64,  0x6E,  0x65,  0x73,
  0x64,  0x61,  0x79,  0x00,
  0x00,  0x00,
  0x41,  0x44,  0x54,  0x00,  0x61,  0x74,  0x6C,  0x61,  0x6E,  0x74,
  0x69,  0x63,  0x20,  0x64,  0x61,  0x79,  0x6C,  0x69,  0x67,  0x68,
  0x74,  0x20,  0x74,  0x69,  0x6D,  0x65,  0x00,
  0x41,  0x53,  0x54,  0x00,  0x61,  0x74,  0x6C,  0x61,  0x6E,  0x74,
  0x69,  0x63,  0x20,  0x73,  0x74,  0x61,  0x6E,  0x64,  0x61,  0x72,
  0x64,  0x20,  0x74,  0x69,  0x6D,  0x65,  0x00,
  0x43,  0x44,  0x54,  0x00,  0x63,  0x65,  0x6E,  0x74,  0x72,  0x61,
  0x6C,  0x20,  0x64,  0x61,  0x79,  0x6C,  0x69,  0x67,  0x68,  0x74,
  0x20,  0x74,  0x69,  0x6D,  0x65,  0x00,
  0x43,  0x53,  0x54,  0x00,  0x63,  0x65,  0x6E,  0x74,  0x72,  0x61,
  0x6C,  0x20,  0x73,  0x74,  0x61,  0x6E,  0x64,  0x61,  0x72,  0x64,
  0x20,  0x74,  0x69,  0x6D,  0x65,  0x00,
  0x45,  0x44,  0x54,  0x00,  0x65,  0x61,  0x73,  0x74,  0x65,  0x72,
  0x6E,  0x20,  0x64,  0x61,  0x79,  0x6C,  0x69,  0x67,  0x68,  0x74,
  0x20,  0x74,  0x69,  0x6D,  0x65,  0x00,
  0x45,  0x53,  0x54,  0x00,  0x65,  0x61,  0x73,  0x74,  0x65,  0x72,
  0x6E,  0x20,  0x73,  0x74,  0x61,  0x6E,  0x64,  0x61,  0x72,  0x64,
  0x20,  0x74,  0x69,  0x6D,  0x65,  0x00,
  0x4D,  0x44,  0x54,  0x00,  0x6D,  0x6F,  0x75,  0x6E,  0x74,  0x61,
  0x69,  0x6E,  0x20,  0x64,  0x61,  0x79,  0x6C,  0x69,  0x67,  0x68,
  0x74,  0x20,  0x74,  0x69,  0x6D,  0x65,  0x00,
  0x4D,  0x53,  0x54,  0x00,  0x6D,  0x6F,  0x75,  0x6E,  0x74,  0x61,
  0x69,  0x6E,  0x20,  0x73,  0x74,  0x61,  0x6E,  0x64,  0x61,  0x72,
  0x64,  0x20,  0x74,  0x69,  0x6D,  0x65,  0x00,
  0x50,  0x44,  0x54,  0x00,  0x70,  0x61,  0x63,  0x69,  0x66,  0x69,
  0x63,  0x20,  0x64,  0x61,  0x79,  0x6C,  0x69,  0x67,  0x68,  0x74,
  0x20,  0x74,  0x69,  0x6D,  0x65,  0x00,
  0x50,  0x53,  0x54,  0x00,  0x70,  0x61,  0x63,  0x69,  0x66,  0x69,
  0x63,  0x20,  0x73,  0x74,  0x61,  0x6E,  0x64,  0x61,  0x72,  0x64,
  0x20,  0x74,  0x69,  0x6D,  0x65,  0x00,
  0x57,  0x44,  0x54,  0x00,  0x77,  0x65,  0x73,  0x74,  0x65,  0x72,
  0x6E,  0x20,  0x64,  0x61,  0x79,  0x6C,  0x69,  0x67,  0x68,  0x74,
  0x20,  0x74,  0x69,  0x6D,  0x65,  0x00,
  0x57,  0x53,  0x54,  0x00,  0x77,  0x65,  0x73,  0x74,  0x65,  0x72,
  0x6E,  0x20,  0x73,  0x74,  0x61,  0x6E,  0x64,  0x61,  0x72,  0x64,
  0x20,  0x74,  0x69,  0x6D,  0x65,  0x00,
  0x00,  0x00,
  0x49,  0x49,  0x00,  0x74,  0x68,  0x65,  0x20,  0x32,  0x6E,  0x64,
  0x00,
  0x49,  0x49,  0x49,  0x00,  0x74,  0x68,  0x65,  0x20,  0x33,  0x72,
  0x64,  0x00,
  0x49,  0x56,  0x00,  0x74,  0x68,  0x65,  0x20,  0x34,  0x74,  0x68,
  0x00,
  0x49,  0x58,  0x00,  0x74,  0x68,  0x65,  0x20,  0x39,  0x74,  0x68,
  0x00,
  0x56,  0x49,  0x00,  0x74,  0x68,  0x65,  0x20,  0x36,  0x74,  0x68,
  0x00,
  0x56,  0x49,  0x49,  0x00,  0x74,  0x68,  0x65,  0x20,  0x37,  0x74,
  0x68,  0x00,
  0x56,  0x49,  0x49,  0x49,  0x00,  0x74,  0x68,  0x65,  0x20,  0x38,
  0x74,  0x68,  0x00,
  0x58,  0x49,  0x00,  0x74,  0x68,  0x65,  0x20,  0x31,  0x31,  0x74,
  0x68,  0x00,
  0x58,  0x49,  0x49,  0x00,  0x74,  0x68,  0x65,  0x20,  0x31,  0x32,
  0x74,  0x68,  0x00,
  0x58,  0x49,  0x49,  0x49,  0x00,  0x74,  0x68,  0x65,  0x20,  0x31,
  0x33,  0x74,  0x68,  0x00,
  0x58,  0x49,  0x56,  0x00,  0x74,  0x68,  0x65,  0x20,  0x31,  0x34,
  0x74,  0x68,  0x00,
  0x58,  0x49,  0x58,  0x00,  0x74,  0x68,  0x65,  0x20,  0x31,  0x39,
  0x74,  0x68,  0x00,
  0x58,  0x56,  0x00,  0x74,  0x68,  0x65,  0x20,  0x31,  0x35,  0x74,
  0x68,  0x00,
  0x58,  0x56,  0x49,  0x00,  0x74,  0x68,  0x65,  0x20,  0x31,  0x36,
  0x74,  0x68,  0x00,
  0x58,  0x56,  0x49,  0x49,  0x00,  0x74,  0x68,  0x65,  0x20,  0x31,
  0x37,  0x74,  0x68,  0x00,
  0x58,  0x56,  0x49,  0x49,  0x49,  0x00,  0x74,  0x68,  0x65,  0x20,
  0x31,  0x38,  0x74,  0x68,  0x00,
  0x58,  0x58,  0x00,  0x74,  0x68,  0x65,  0x20,  0x32,  0x30,  0x74,
  0x68,  0x00,
  0x00,  0x00,
  0x30,  0x86,  0x00,  0x30,  0x00,
  0x31,  0x86,  0x00,  0x75,  0x6E,  0x6F,  0x00,
  0x32,  0x86,  0x00,  0x32,  0x00,
  0x33,  0x86,  0x00,  0x33,  0x00,
  0x34,  0x86,  0x00,  0x34,  0x00,
  0x35,  0x86,  0x00,  0x35,  0x00,
  0x36,  0x86,  0x00,  0x36,  0x00,
  0x37,  0x86,  0x00,  0x37,  0x00,
  0x38,  0x86,  0x00,  0x38,  0x00,
  0x39,  0x86,  0x00,  0x39,  0x00
};

